0,105,1.8117,258.95,1177.25,0.5619,0,0
1,105,1.8117,258.95,1177.25,0.7373,0,0
2,105,1.8117,258.95,1177.25,0.1058,1,1
3,105,1.8117,258.95,1177.25,-1.8265,0,0
4,105,1.8117,258.95,1177.25,0.709,3,1
5,105,1.8117,258.95,1177.25,1.0318,1,1
6,105,1.8117,258.95,1177.25,0.5261,1,1
7,105,1.8117,258.95,1177.25,-1.1968,0,0
8,105,1.8117,258.95,1177.25,-0.9016,0,0
9,105,1.8117,258.95,1177.25,-1.9412,0,0
10,105,1.8117,258.95,1177.25,-1.3417,0,0
11,105,1.8117,258.95,1177.25,1.1259,0,0
12,113,1.8117,260.82,1177.25,0.5619,1,1
13,113,1.8117,260.82,1177.25,0.7373,0,0
14,113,1.8117,260.82,1177.25,0.1058,1,2
15,113,1.8117,260.82,1177.25,-1.8265,0,0
16,113,1.8117,260.82,1177.25,0.709,2,1
17,113,1.8117,260.82,1177.25,1.0318,0,0
18,113,1.8117,260.82,1177.25,0.5261,2,1
19,113,1.8117,260.82,1177.25,-1.1968,0,0
20,113,1.8117,260.82,1177.25,-0.9016,0,0
21,113,1.8117,260.82,1177.25,-1.9412,1,1
22,113,1.8117,260.82,1177.25,-1.3417,0,0
23,113,1.8117,260.82,1177.25,1.1259,0,0
24,121,1.8117,261.74,1177.25,0.5619,0,0
25,121,1.8117,261.74,1177.25,0.7373,0,0
26,121,1.8117,261.74,1177.25,0.1058,0,0
27,121,1.8117,261.74,1177.25,-1.8265,0,0
28,121,1.8117,261.74,1177.25,0.709,0,0
29,121,1.8117,261.74,1177.25,1.0318,2,1.5
30,121,1.8117,261.74,1177.25,0.5261,2,1
31,121,1.8117,261.74,1177.25,-1.1968,0,0
32,121,1.8117,261.74,1177.25,-0.9016,5,1.6
33,121,1.8117,261.74,1177.25,-1.9412,5,1.2
34,121,1.8117,261.74,1177.25,-1.3417,1,1
35,121,1.8117,261.74,1177.25,1.1259,1,1
36,129,1.8117,262.19,1177.25,0.5619,2,1
37,129,1.8117,262.19,1177.25,0.7373,6,1.33
38,129,1.8117,262.19,1177.25,0.1058,1,1
39,129,1.8117,262.19,1177.25,-1.8265,13,1.69
40,129,1.8117,262.19,1177.25,0.709,4,1.5
41,129,1.8117,262.19,1177.25,1.0318,4,1.5
42,129,1.8117,262.19,1177.25,0.5261,3,1
43,129,1.8117,262.19,1177.25,-1.1968,1,1
44,129,1.8117,262.19,1177.25,-0.9016,3,1
45,129,1.8117,262.19,1177.25,-1.9412,4,1
46,129,1.8117,262.19,1177.25,-1.3417,3,1
47,129,1.8117,262.19,1177.25,1.1259,7,1
48,85.5,2.3517,269.04,1018.5,-0.4507,0,0
49,85.5,2.3517,269.04,1018.5,-0.0606,1,1
50,85.5,2.3517,269.04,1018.5,-0.2132,0,0
51,85.5,2.3517,269.04,1018.5,-1.9624,0,0
52,85.5,2.3517,269.04,1018.5,1.1304,6,1.5
53,85.5,2.3517,269.04,1018.5,1.1575,1,1
54,85.5,2.3517,269.04,1018.5,-0.1166,1,1
55,85.5,2.3517,269.04,1018.5,-1.4454,0,0
56,85.5,2.3517,269.04,1018.5,-0.9779,1,1
57,85.5,2.3517,269.04,1018.5,-2.0911,0,0
58,85.5,2.3517,269.04,1018.5,-3.09,0,0
59,85.5,2.3517,269.04,1018.5,1.2158,0,0
60,91.33,2.3208,279.76,1018.5,-0.4507,2,1
61,91.33,2.3208,279.76,1018.5,-0.0606,1,1
62,91.33,2.3208,279.76,1018.5,-0.2132,0,0
63,91.33,2.3208,279.76,1018.5,-1.9624,2,1
64,91.33,2.3208,279.76,1018.5,1.1304,0,0
65,91.33,2.3208,279.76,1018.5,1.1575,2,1
66,91.33,2.3208,279.76,1018.5,-0.1166,1,1
67,91.33,2.3208,279.76,1018.5,-1.4454,2,1.5
68,91.33,2.3208,279.76,1018.5,-0.9779,6,1.17
69,91.33,2.3208,279.76,1018.5,-2.0911,1,1
70,91.33,2.3208,279.76,1018.5,-3.09,1,1
71,91.33,2.3208,279.76,1018.5,1.2158,2,1
72,97.17,2.3383,290.47,1018.5,-0.4507,0,0
73,97.17,2.3383,290.47,1018.5,-0.0606,1,1
74,97.17,2.3383,290.47,1018.5,-0.2132,8,1
75,97.17,2.3383,290.47,1018.5,-1.9624,5,1
76,97.17,2.3383,290.47,1018.5,1.1304,6,1.17
77,97.17,2.3383,290.47,1018.5,1.1575,1,1
78,97.17,2.3383,290.47,1018.5,-0.1166,5,1.2
79,97.17,2.3383,290.47,1018.5,-1.4454,4,1
80,97.17,2.3383,290.47,1018.5,-0.9779,4,1
81,97.17,2.3383,290.47,1018.5,-2.0911,4,1
82,97.17,2.3383,290.47,1018.5,-3.09,3,1.33
83,97.17,2.3383,290.47,1018.5,1.2158,11,1
84,103,2.3283,301.19,1018.5,-0.4507,3,1
85,103,2.3283,301.19,1018.5,-0.0606,15,1
86,103,2.3283,301.19,1018.5,-0.2132,1,1
87,103,2.3283,301.19,1018.5,-1.9624,9,1.67
88,103,2.3283,301.19,1018.5,1.1304,4,1.5
89,103,2.3283,301.19,1018.5,1.1575,4,1.25
90,103,2.3283,301.19,1018.5,-0.1166,4,1
91,103,2.3283,301.19,1018.5,-1.4454,9,1
92,103,2.3283,301.19,1018.5,-0.9779,8,1
93,103,2.3283,301.19,1018.5,-2.0911,9,1
94,103,2.3283,301.19,1018.5,-3.09,2,1
95,103,2.3283,301.19,1018.5,1.2158,6,1
96,111,1.6933,442.26,975.3608,-0.8253,1,2
97,111,1.6933,442.26,975.3608,0.3282,1,2
98,111,1.6933,442.26,975.3608,0.3885,0,0
99,111,1.6933,442.26,975.3608,-1.4482,0,0
100,111,1.6933,442.26,975.3608,1.4462,1,1
101,111,1.6933,442.26,975.3608,1.2348,2,1
102,111,1.6933,442.26,975.3608,0.2108,0,0
103,111,1.6933,442.26,975.3608,-1.0992,0,0
104,111,1.6933,442.26,975.3608,0.651,0,0
105,111,1.6933,442.26,975.3608,-1.4718,0,0
106,111,1.6933,442.26,975.3608,-1.2233,1,1
107,111,1.6933,442.26,975.3608,0.9054,2,1
108,118.67,1.6933,492.51,996.2917,-0.8253,0,0
109,118.67,1.6933,492.51,996.2917,0.3282,3,1
110,118.67,1.6933,492.51,996.2917,0.3885,1,1
111,118.67,1.6933,492.51,996.2917,-1.4482,0,0
112,118.67,1.6933,492.51,996.2917,1.4462,1,1
113,118.67,1.6933,492.51,996.2917,1.2348,1,1
114,118.67,1.6933,492.51,996.2917,0.2108,0,0
115,118.67,1.6933,492.51,996.2917,-1.0992,2,1
116,118.67,1.6933,492.51,996.2917,0.651,1,1
117,118.67,1.6933,492.51,996.2917,-1.4718,1,1
118,118.67,1.6933,492.51,996.2917,-1.2233,2,1
119,118.67,1.6933,492.51,996.2917,0.9054,3,1.33
120,126.33,1.6933,559.09,1017.2225,-0.8253,2,1
121,126.33,1.6933,559.09,1017.2225,0.3282,6,1
122,126.33,1.6933,559.09,1017.2225,0.3885,1,1
123,126.33,1.6933,559.09,1017.2225,-1.4482,1,1
124,126.33,1.6933,559.09,1017.2225,1.4462,4,1
125,126.33,1.6933,559.09,1017.2225,1.2348,3,1
126,126.33,1.6933,559.09,1017.2225,0.2108,2,1
127,126.33,1.6933,559.09,1017.2225,-1.0992,2,1
128,126.33,1.6933,559.09,1017.2225,0.651,3,1
129,126.33,1.6933,559.09,1017.2225,-1.4718,5,1
130,126.33,1.6933,559.09,1017.2225,-1.2233,2,1
131,126.33,1.6933,559.09,1017.2225,0.9054,5,1
132,134,1.6933,612.87,1038.1525,-0.8253,5,1
133,134,1.6933,612.87,1038.1525,0.3282,9,1
134,134,1.6933,612.87,1038.1525,0.3885,1,1
135,134,1.6933,612.87,1038.1525,-1.4482,5,1.6
136,134,1.6933,612.87,1038.1525,1.4462,3,1.33
137,134,1.6933,612.87,1038.1525,1.2348,1,2
138,134,1.6933,612.87,1038.1525,0.2108,2,1
139,134,1.6933,612.87,1038.1525,-1.0992,16,1.06
140,134,1.6933,612.87,1038.1525,0.651,7,1
141,134,1.6933,612.87,1038.1525,-1.4718,6,1
142,134,1.6933,612.87,1038.1525,-1.2233,0,0
143,134,1.6933,612.87,1038.1525,0.9054,1,1
144,118.5,2.1942,363.72,1126.6667,-0.2866,1,1
145,118.5,2.1942,363.72,1126.6667,-0.1986,0,0
146,118.5,2.1942,363.72,1126.6667,0.4887,0,0
147,118.5,2.1942,363.72,1126.6667,-0.8175,0,0
148,118.5,2.1942,363.72,1126.6667,1.55,1,1
149,118.5,2.1942,363.72,1126.6667,1.1257,1,2
150,118.5,2.1942,363.72,1126.6667,-0.7597,0,0
151,118.5,2.1942,363.72,1126.6667,-1.5537,0,0
152,118.5,2.1942,363.72,1126.6667,0.6357,0,0
153,118.5,2.1942,363.72,1126.6667,-1.5002,0,0
154,118.5,2.1942,363.72,1126.6667,-1.4654,0,0
155,118.5,2.1942,363.72,1126.6667,0.8494,0,0
156,126.33,2.1942,394.93,1126.6667,-0.2866,2,1.5
157,126.33,2.1942,394.93,1126.6667,-0.1986,0,0
158,126.33,2.1942,394.93,1126.6667,0.4887,1,1
159,126.33,2.1942,394.93,1126.6667,-0.8175,2,1.5
160,126.33,2.1942,394.93,1126.6667,1.55,0,0
161,126.33,2.1942,394.93,1126.6667,1.1257,1,1
162,126.33,2.1942,394.93,1126.6667,-0.7597,2,1.5
163,126.33,2.1942,394.93,1126.6667,-1.5537,0,0
164,126.33,2.1942,394.93,1126.6667,0.6357,0,0
165,126.33,2.1942,394.93,1126.6667,-1.5002,1,1
166,126.33,2.1942,394.93,1126.6667,-1.4654,1,1
167,126.33,2.1942,394.93,1126.6667,0.8494,0,0
168,134.17,2.1942,426.15,1126.6667,-0.2866,0,0
169,134.17,2.1942,426.15,1126.6667,-0.1986,5,1
170,134.17,2.1942,426.15,1126.6667,0.4887,1,1
171,134.17,2.1942,426.15,1126.6667,-0.8175,7,1.14
172,134.17,2.1942,426.15,1126.6667,1.55,3,1.67
173,134.17,2.1942,426.15,1126.6667,1.1257,0,0
174,134.17,2.1942,426.15,1126.6667,-0.7597,5,1
175,134.17,2.1942,426.15,1126.6667,-1.5537,1,1
176,134.17,2.1942,426.15,1126.6667,0.6357,2,1
177,134.17,2.1942,426.15,1126.6667,-1.5002,7,1
178,134.17,2.1942,426.15,1126.6667,-1.4654,8,1
179,134.17,2.1942,426.15,1126.6667,0.8494,3,1
180,142,2.1942,457.36,1126.6667,-0.2866,5,1
181,142,2.1942,457.36,1126.6667,-0.1986,24,1.25
182,142,2.1942,457.36,1126.6667,0.4887,15,1.13
183,142,2.1942,457.36,1126.6667,-0.8175,25,1.68
184,142,2.1942,457.36,1126.6667,1.55,6,1.5
185,142,2.1942,457.36,1126.6667,1.1257,1,1
186,142,2.1942,457.36,1126.6667,-0.7597,12,1
187,142,2.1942,457.36,1126.6667,-1.5537,6,1
188,142,2.1942,457.36,1126.6667,0.6357,8,1
189,142,2.1942,457.36,1126.6667,-1.5002,10,1
190,142,2.1942,457.36,1126.6667,-1.4654,3,1.33
191,142,2.1942,457.36,1126.6667,0.8494,43,1.12
192,114,0.8058,366.43,937.3333,0.1553,0,0
193,114,0.8058,366.43,937.3333,0.9541,0,0
194,114,0.8058,366.43,937.3333,-0.5513,0,0
195,114,0.8058,366.43,937.3333,-1.9896,1,1
196,114,0.8058,366.43,937.3333,1.1359,1,1
197,114,0.8058,366.43,937.3333,1.061,0,0
198,114,0.8058,366.43,937.3333,-0.1182,0,0
199,114,0.8058,366.43,937.3333,-1.0035,0,0
200,114,0.8058,366.43,937.3333,-1.2285,0,0
201,114,0.8058,366.43,937.3333,-1.9248,0,0
202,114,0.8058,366.43,937.3333,-3.09,1,2
203,114,0.8058,366.43,937.3333,1.3059,2,2
204,122.67,0.7975,377.42,937.3333,0.1553,1,1
205,122.67,0.7975,377.42,937.3333,0.9541,0,0
206,122.67,0.7975,377.42,937.3333,-0.5513,0,0
207,122.67,0.7975,377.42,937.3333,-1.9896,0,0
208,122.67,0.7975,377.42,937.3333,1.1359,0,0
209,122.67,0.7975,377.42,937.3333,1.061,0,0
210,122.67,0.7975,377.42,937.3333,-0.1182,0,0
211,122.67,0.7975,377.42,937.3333,-1.0035,0,0
212,122.67,0.7975,377.42,937.3333,-1.2285,0,0
213,122.67,0.7975,377.42,937.3333,-1.9248,1,1
214,122.67,0.7975,377.42,937.3333,-3.09,2,1
215,122.67,0.7975,377.42,937.3333,1.3059,1,1
216,131.33,0.7933,414.94,937.3333,0.1553,0,0
217,131.33,0.7933,414.94,937.3333,0.9541,0,0
218,131.33,0.7933,414.94,937.3333,-0.5513,3,1.33
219,131.33,0.7933,414.94,937.3333,-1.9896,1,1
220,131.33,0.7933,414.94,937.3333,1.1359,0,0
221,131.33,0.7933,414.94,937.3333,1.061,2,1
222,131.33,0.7933,414.94,937.3333,-0.1182,0,0
223,131.33,0.7933,414.94,937.3333,-1.0035,0,0
224,131.33,0.7933,414.94,937.3333,-1.2285,2,1
225,131.33,0.7933,414.94,937.3333,-1.9248,7,1
226,131.33,0.7933,414.94,937.3333,-3.09,0,0
227,131.33,0.7933,414.94,937.3333,1.3059,1,1
228,140,0.7917,432.36,937.3333,0.1553,0,0
229,140,0.7917,432.36,937.3333,0.9541,7,1
230,140,0.7917,432.36,937.3333,-0.5513,1,2
231,140,0.7917,432.36,937.3333,-1.9896,16,1.88
232,140,0.7917,432.36,937.3333,1.1359,0,0
233,140,0.7917,432.36,937.3333,1.061,1,2
234,140,0.7917,432.36,937.3333,-0.1182,1,1
235,140,0.7917,432.36,937.3333,-1.0035,5,1
236,140,0.7917,432.36,937.3333,-1.2285,2,1
237,140,0.7917,432.36,937.3333,-1.9248,6,1
238,140,0.7917,432.36,937.3333,-3.09,2,1
239,140,0.7917,432.36,937.3333,1.3059,7,1
240,126.5,1.625,363.26,679.0833,-0.8416,1,1
241,126.5,1.625,363.26,679.0833,0.029,1,1
242,126.5,1.625,363.26,679.0833,0.4302,4,1
243,126.5,1.625,363.26,679.0833,-0.786,1,1
244,126.5,1.625,363.26,679.0833,1.6616,4,1
245,126.5,1.625,363.26,679.0833,1.1904,2,1
246,126.5,1.625,363.26,679.0833,-0.8587,3,1
247,126.5,1.625,363.26,679.0833,-1.7219,0,0
248,126.5,1.625,363.26,679.0833,0.739,2,1
249,126.5,1.625,363.26,679.0833,-1.3917,0,0
250,126.5,1.625,363.26,679.0833,-1.4269,0,0
251,126.5,1.625,363.26,679.0833,1.0146,0,0
252,135.67,1.625,412.14,679.0833,-0.8416,6,1
253,135.67,1.625,412.14,679.0833,0.029,4,1
254,135.67,1.625,412.14,679.0833,0.4302,6,1
255,135.67,1.625,412.14,679.0833,-0.786,5,1
256,135.67,1.625,412.14,679.0833,1.6616,1,1
257,135.67,1.625,412.14,679.0833,1.1904,2,1
258,135.67,1.625,412.14,679.0833,-0.8587,5,1
259,135.67,1.625,412.14,679.0833,-1.7219,3,1
260,135.67,1.625,412.14,679.0833,0.739,7,1
261,135.67,1.625,412.14,679.0833,-1.3917,5,1
262,135.67,1.625,412.14,679.0833,-1.4269,2,1
263,135.67,1.625,412.14,679.0833,1.0146,0,0
264,144.83,1.625,458.08,679.0833,-0.8416,2,1
265,144.83,1.625,458.08,679.0833,0.029,6,1
266,144.83,1.625,458.08,679.0833,0.4302,4,1
267,144.83,1.625,458.08,679.0833,-0.786,5,1.2
268,144.83,1.625,458.08,679.0833,1.6616,5,1.2
269,144.83,1.625,458.08,679.0833,1.1904,4,1
270,144.83,1.625,458.08,679.0833,-0.8587,9,1.11
271,144.83,1.625,458.08,679.0833,-1.7219,8,1
272,144.83,1.625,458.08,679.0833,0.739,10,1
273,144.83,1.625,458.08,679.0833,-1.3917,11,1
274,144.83,1.625,458.08,679.0833,-1.4269,6,1
275,144.83,1.625,458.08,679.0833,1.0146,8,1
276,154,1.625,506,679.0833,-0.8416,7,1
277,154,1.625,506,679.0833,0.029,19,1
278,154,1.625,506,679.0833,0.4302,13,1
279,154,1.625,506,679.0833,-0.786,13,1.38
280,154,1.625,506,679.0833,1.6616,5,1.2
281,154,1.625,506,679.0833,1.1904,5,1
282,154,1.625,506,679.0833,-0.8587,17,1
283,154,1.625,506,679.0833,-1.7219,20,1
284,154,1.625,506,679.0833,0.739,7,1.14
285,154,1.625,506,679.0833,-1.3917,14,1.07
286,154,1.625,506,679.0833,-1.4269,8,1.12
287,154,1.625,506,679.0833,1.0146,18,1
288,86.5,1.4317,186.04,937.5,0.0738,0,0
289,86.5,1.4317,186.04,937.5,1.1603,1,1
290,86.5,1.4317,186.04,937.5,0.7017,3,1.33
291,86.5,1.4317,186.04,937.5,-1.7257,1,2
292,86.5,1.4317,186.04,937.5,1.2567,5,1.2
293,86.5,1.4317,186.04,937.5,0.8032,3,1
294,86.5,1.4317,186.04,937.5,0.2937,5,1.2
295,86.5,1.4317,186.04,937.5,-1.2974,0,0
296,86.5,1.4317,186.04,937.5,0.0461,1,1
297,86.5,1.4317,186.04,937.5,-2.1066,0,0
298,86.5,1.4317,186.04,937.5,-1.3443,0,0
299,86.5,1.4317,186.04,937.5,0.6813,5,1
300,92,1.4317,186.04,937.5,0.0738,0,0
301,92,1.4317,186.04,937.5,1.1603,3,1
302,92,1.4317,186.04,937.5,0.7017,1,1
303,92,1.4317,186.04,937.5,-1.7257,3,1
304,92,1.4317,186.04,937.5,1.2567,2,1
305,92,1.4317,186.04,937.5,0.8032,1,1
306,92,1.4317,186.04,937.5,0.2937,1,1
307,92,1.4317,186.04,937.5,-1.2974,3,1.33
308,92,1.4317,186.04,937.5,0.0461,3,1
309,92,1.4317,186.04,937.5,-2.1066,1,1
310,92,1.4317,186.04,937.5,-1.3443,2,1
311,92,1.4317,186.04,937.5,0.6813,1,2
312,97.5,1.4317,186.04,937.5,0.0738,6,1
313,97.5,1.4317,186.04,937.5,1.1603,4,1
314,97.5,1.4317,186.04,937.5,0.7017,8,1.12
315,97.5,1.4317,186.04,937.5,-1.7257,6,1.17
316,97.5,1.4317,186.04,937.5,1.2567,6,1
317,97.5,1.4317,186.04,937.5,0.8032,5,1
318,97.5,1.4317,186.04,937.5,0.2937,1,1
319,97.5,1.4317,186.04,937.5,-1.2974,1,1
320,97.5,1.4317,186.04,937.5,0.0461,2,1
321,97.5,1.4317,186.04,937.5,-2.1066,4,1
322,97.5,1.4317,186.04,937.5,-1.3443,5,1.2
323,97.5,1.4317,186.04,937.5,0.6813,3,1.33
324,103,1.4317,186.04,937.5,0.0738,2,1
325,103,1.4317,186.04,937.5,1.1603,14,1
326,103,1.4317,186.04,937.5,0.7017,3,1.67
327,103,1.4317,186.04,937.5,-1.7257,17,1.88
328,103,1.4317,186.04,937.5,1.2567,7,1.43
329,103,1.4317,186.04,937.5,0.8032,4,1
330,103,1.4317,186.04,937.5,0.2937,12,1
331,103,1.4317,186.04,937.5,-1.2974,16,1
332,103,1.4317,186.04,937.5,0.0461,25,1
333,103,1.4317,186.04,937.5,-2.1066,7,1.14
334,103,1.4317,186.04,937.5,-1.3443,12,1.17
335,103,1.4317,186.04,937.5,0.6813,23,1
336,129.5,1.1783,329.5,725,-0.401,0,0
337,129.5,1.1783,329.5,725,0.9019,1,2
338,129.5,1.1783,329.5,725,-0.1884,0,0
339,129.5,1.1783,329.5,725,-2.2016,0,0
340,129.5,1.1783,329.5,725,1.5615,2,1
341,129.5,1.1783,329.5,725,1.1297,1,2
342,129.5,1.1783,329.5,725,-0.8617,0,0
343,129.5,1.1783,329.5,725,-0.9599,0,0
344,129.5,1.1783,329.5,725,-1.0031,0,0
345,129.5,1.1783,329.5,725,-1.749,0,0
346,129.5,1.1783,329.5,725,-3.09,0,0
347,129.5,1.1783,329.5,725,1.1671,0,0
348,139,1.1783,325,725,-0.401,0,0
349,139,1.1783,325,725,0.9019,0,0
350,139,1.1783,325,725,-0.1884,0,0
351,139,1.1783,325,725,-2.2016,1,1
352,139,1.1783,325,725,1.5615,1,1
353,139,1.1783,325,725,1.1297,2,1
354,139,1.1783,325,725,-0.8617,0,0
355,139,1.1783,325,725,-0.9599,0,0
356,139,1.1783,325,725,-1.0031,0,0
357,139,1.1783,325,725,-1.749,1,1
358,139,1.1783,325,725,-3.09,0,0
359,139,1.1783,325,725,1.1671,0,0
360,148.5,1.1783,320.5,725,-0.401,0,0
361,148.5,1.1783,320.5,725,0.9019,0,0
362,148.5,1.1783,320.5,725,-0.1884,0,0
363,148.5,1.1783,320.5,725,-2.2016,4,1
364,148.5,1.1783,320.5,725,1.5615,0,0
365,148.5,1.1783,320.5,725,1.1297,0,0
366,148.5,1.1783,320.5,725,-0.8617,0,0
367,148.5,1.1783,320.5,725,-0.9599,0,0
368,148.5,1.1783,320.5,725,-1.0031,0,0
369,148.5,1.1783,320.5,725,-1.749,0,0
370,148.5,1.1783,320.5,725,-3.09,3,1.33
371,148.5,1.1783,320.5,725,1.1671,2,1
372,158,1.1783,316,725,-0.401,1,1
373,158,1.1783,316,725,0.9019,5,1
374,158,1.1783,316,725,-0.1884,5,1.2
375,158,1.1783,316,725,-2.2016,10,1.8
376,158,1.1783,316,725,1.5615,2,1
377,158,1.1783,316,725,1.1297,0,0
378,158,1.1783,316,725,-0.8617,1,1
379,158,1.1783,316,725,-0.9599,3,1
380,158,1.1783,316,725,-1.0031,3,1
381,158,1.1783,316,725,-1.749,4,1
382,158,1.1783,316,725,-3.09,1,1
383,158,1.1783,316,725,1.1671,0,0
384,103,0.9767,250,977.6667,0.3965,0,0
385,103,0.9767,250,977.6667,0.3493,0,0
386,103,0.9767,250,977.6667,0.0589,3,1.33
387,103,0.9767,250,977.6667,-1.7433,1,1
388,103,0.9767,250,977.6667,1.6467,1,2
389,103,0.9767,250,977.6667,0.9393,2,1
390,103,0.9767,250,977.6667,-0.6061,2,1
391,103,0.9767,250,977.6667,-1.002,0,0
392,103,0.9767,250,977.6667,0.3656,1,1
393,103,0.9767,250,977.6667,-1.693,0,0
394,103,0.9767,250,977.6667,-1.8967,0,0
395,103,0.9767,250,977.6667,0.8642,0,0
396,110,0.9692,250,977.6667,0.3965,0,0
397,110,0.9692,250,977.6667,0.3493,0,0
398,110,0.9692,250,977.6667,0.0589,0,0
399,110,0.9692,250,977.6667,-1.7433,0,0
400,110,0.9692,250,977.6667,1.6467,2,1
401,110,0.9692,250,977.6667,0.9393,4,1
402,110,0.9692,250,977.6667,-0.6061,1,1
403,110,0.9692,250,977.6667,-1.002,1,1
404,110,0.9692,250,977.6667,0.3656,3,1
405,110,0.9692,250,977.6667,-1.693,3,1
406,110,0.9692,250,977.6667,-1.8967,1,1
407,110,0.9692,250,977.6667,0.8642,2,1
408,117,0.9658,250,977.6667,0.3965,2,1
409,117,0.9658,250,977.6667,0.3493,4,1
410,117,0.9658,250,977.6667,0.0589,6,1
411,117,0.9658,250,977.6667,-1.7433,3,1.33
412,117,0.9658,250,977.6667,1.6467,2,1
413,117,0.9658,250,977.6667,0.9393,3,1
414,117,0.9658,250,977.6667,-0.6061,2,1
415,117,0.9658,250,977.6667,-1.002,1,1
416,117,0.9658,250,977.6667,0.3656,6,1
417,117,0.9658,250,977.6667,-1.693,6,1
418,117,0.9658,250,977.6667,-1.8967,1,1
419,117,0.9658,250,977.6667,0.8642,6,1
420,124,0.9642,250,977.6667,0.3965,6,1
421,124,0.9642,250,977.6667,0.3493,16,1.19
422,124,0.9642,250,977.6667,0.0589,4,1.25
423,124,0.9642,250,977.6667,-1.7433,16,1.75
424,124,0.9642,250,977.6667,1.6467,1,1
425,124,0.9642,250,977.6667,0.9393,3,1.33
426,124,0.9642,250,977.6667,-0.6061,6,1.17
427,124,0.9642,250,977.6667,-1.002,10,1.2
428,124,0.9642,250,977.6667,0.3656,4,1
429,124,0.9642,250,977.6667,-1.693,3,1
430,124,0.9642,250,977.6667,-1.8967,0,0
431,124,0.9642,250,977.6667,0.8642,3,1
432,115,1.705,406.73,546.1667,-0.6341,0,0
433,115,1.705,406.73,546.1667,0.3564,0,0
434,115,1.705,406.73,546.1667,0.664,0,0
435,115,1.705,406.73,546.1667,-0.4488,0,0
436,115,1.705,406.73,546.1667,0.7247,3,1.33
437,115,1.705,406.73,546.1667,0.3181,3,1
438,115,1.705,406.73,546.1667,0.9543,0,0
439,115,1.705,406.73,546.1667,0.4653,0,0
440,115,1.705,406.73,546.1667,-0.1114,2,1
441,115,1.705,406.73,546.1667,-0.5958,0,0
442,115,1.705,406.73,546.1667,-0.11,0,0
443,115,1.705,406.73,546.1667,0.193,0,0
444,124,1.705,452.74,560.0833,-0.6341,2,1.5
445,124,1.705,452.74,560.0833,0.3564,1,1
446,124,1.705,452.74,560.0833,0.664,0,0
447,124,1.705,452.74,560.0833,-0.4488,0,0
448,124,1.705,452.74,560.0833,0.7247,1,1
449,124,1.705,452.74,560.0833,0.3181,1,1
450,124,1.705,452.74,560.0833,0.9543,1,1
451,124,1.705,452.74,560.0833,0.4653,1,2
452,124,1.705,452.74,560.0833,-0.1114,0,0
453,124,1.705,452.74,560.0833,-0.5958,0,0
454,124,1.705,452.74,560.0833,-0.11,0,0
455,124,1.705,452.74,560.0833,0.193,0,0
456,133,1.705,498.76,574,-0.6341,0,0
457,133,1.705,498.76,574,0.3564,3,1.33
458,133,1.705,498.76,574,0.664,2,1
459,133,1.705,498.76,574,-0.4488,5,1
460,133,1.705,498.76,574,0.7247,1,1
461,133,1.705,498.76,574,0.3181,2,1
462,133,1.705,498.76,574,0.9543,0,0
463,133,1.705,498.76,574,0.4653,1,1
464,133,1.705,498.76,574,-0.1114,2,1
465,133,1.705,498.76,574,-0.5958,4,1
466,133,1.705,498.76,574,-0.11,1,1
467,133,1.705,498.76,574,0.193,4,1.25
468,142,1.705,544.77,587.9167,-0.6341,1,1
469,142,1.705,544.77,587.9167,0.3564,6,1.17
470,142,1.705,544.77,587.9167,0.664,1,1
471,142,1.705,544.77,587.9167,-0.4488,6,1.67
472,142,1.705,544.77,587.9167,0.7247,1,1
473,142,1.705,544.77,587.9167,0.3181,0,0
474,142,1.705,544.77,587.9167,0.9543,2,1.5
475,142,1.705,544.77,587.9167,0.4653,6,1
476,142,1.705,544.77,587.9167,-0.1114,4,1.25
477,142,1.705,544.77,587.9167,-0.5958,7,1.14
478,142,1.705,544.77,587.9167,-0.11,5,1.2
479,142,1.705,544.77,587.9167,0.193,5,1.2
480,135,2,294.25,722.4167,-1.0464,3,1
481,135,2,294.25,722.4167,0.2541,2,1
482,135,2,294.25,722.4167,0.5503,5,1
483,135,2,294.25,722.4167,-1.0779,5,1
484,135,2,294.25,722.4167,1.0436,4,1
485,135,2,294.25,722.4167,0.8739,4,1.5
486,135,2,294.25,722.4167,0.8509,3,1
487,135,2,294.25,722.4167,-0.6063,1,1
488,135,2,294.25,722.4167,0.4308,1,1
489,135,2,294.25,722.4167,-1.189,0,0
490,135,2,294.25,722.4167,-0.7421,2,1
491,135,2,294.25,722.4167,0.8205,0,0
492,144.33,2,294.25,722.4167,-1.0464,4,1
493,144.33,2,294.25,722.4167,0.2541,1,1
494,144.33,2,294.25,722.4167,0.5503,6,1
495,144.33,2,294.25,722.4167,-1.0779,2,1
496,144.33,2,294.25,722.4167,1.0436,1,1
497,144.33,2,294.25,722.4167,0.8739,4,1
498,144.33,2,294.25,722.4167,0.8509,3,1
499,144.33,2,294.25,722.4167,-0.6063,1,1
500,144.33,2,294.25,722.4167,0.4308,4,1
501,144.33,2,294.25,722.4167,-1.189,1,1
502,144.33,2,294.25,722.4167,-0.7421,1,1
503,144.33,2,294.25,722.4167,0.8205,6,1.17
504,153.67,2,294.25,722.4167,-1.0464,5,1
505,153.67,2,294.25,722.4167,0.2541,28,1
506,153.67,2,294.25,722.4167,0.5503,6,1
507,153.67,2,294.25,722.4167,-1.0779,15,1.07
508,153.67,2,294.25,722.4167,1.0436,9,1.11
509,153.67,2,294.25,722.4167,0.8739,2,1.5
510,153.67,2,294.25,722.4167,0.8509,8,1
511,153.67,2,294.25,722.4167,-0.6063,5,1
512,153.67,2,294.25,722.4167,0.4308,7,1.29
513,153.67,2,294.25,722.4167,-1.189,6,1
514,153.67,2,294.25,722.4167,-0.7421,7,1.14
515,153.67,2,294.25,722.4167,0.8205,9,1
516,163,2,294.25,722.4167,-1.0464,5,1.2
517,163,2,294.25,722.4167,0.2541,21,1.05
518,163,2,294.25,722.4167,0.5503,10,1.2
519,163,2,294.25,722.4167,-1.0779,5,1.2
520,163,2,294.25,722.4167,1.0436,5,1
521,163,2,294.25,722.4167,0.8739,6,1
522,163,2,294.25,722.4167,0.8509,15,1
523,163,2,294.25,722.4167,-0.6063,18,1
524,163,2,294.25,722.4167,0.4308,7,1
525,163,2,294.25,722.4167,-1.189,11,1
526,163,2,294.25,722.4167,-0.7421,11,1
527,163,2,294.25,722.4167,0.8205,12,1
528,124,0.8425,275.83,483.1667,-0.607,0,0
529,124,0.8425,275.83,483.1667,0.1839,0,0
530,124,0.8425,275.83,483.1667,0.8614,0,0
531,124,0.8425,275.83,483.1667,-0.6004,0,0
532,124,0.8425,275.83,483.1667,0.796,1,1
533,124,0.8425,275.83,483.1667,0.4993,0,0
534,124,0.8425,275.83,483.1667,0.8026,0,0
535,124,0.8425,275.83,483.1667,0.0369,0,0
536,124,0.8425,275.83,483.1667,0.1481,0,0
537,124,0.8425,275.83,483.1667,-0.6646,0,0
538,124,0.8425,275.83,483.1667,-0.2788,1,1
539,124,0.8425,275.83,483.1667,0.5698,0,0
540,133.67,0.8408,327.82,483.1667,-0.607,0,0
541,133.67,0.8408,327.82,483.1667,0.1839,0,0
542,133.67,0.8408,327.82,483.1667,0.8614,0,0
543,133.67,0.8408,327.82,483.1667,-0.6004,0,0
544,133.67,0.8408,327.82,483.1667,0.796,0,0
545,133.67,0.8408,327.82,483.1667,0.4993,1,1
546,133.67,0.8408,327.82,483.1667,0.8026,0,0
547,133.67,0.8408,327.82,483.1667,0.0369,0,0
548,133.67,0.8408,327.82,483.1667,0.1481,0,0
549,133.67,0.8408,327.82,483.1667,-0.6646,0,0
550,133.67,0.8408,327.82,483.1667,-0.2788,1,1
551,133.67,0.8408,327.82,483.1667,0.5698,1,1
552,143.33,0.84,358.87,483.1667,-0.607,1,1
553,143.33,0.84,358.87,483.1667,0.1839,0,0
554,143.33,0.84,358.87,483.1667,0.8614,4,1
555,143.33,0.84,358.87,483.1667,-0.6004,2,1
556,143.33,0.84,358.87,483.1667,0.796,0,0
557,143.33,0.84,358.87,483.1667,0.4993,1,2
558,143.33,0.84,358.87,483.1667,0.8026,1,1
559,143.33,0.84,358.87,483.1667,0.0369,1,1
560,143.33,0.84,358.87,483.1667,0.1481,1,1
561,143.33,0.84,358.87,483.1667,-0.6646,1,1
562,143.33,0.84,358.87,483.1667,-0.2788,0,0
563,143.33,0.84,358.87,483.1667,0.5698,0,0
564,153,0.84,384.33,483.1667,-0.607,0,0
565,153,0.84,384.33,483.1667,0.1839,2,1
566,153,0.84,384.33,483.1667,0.8614,1,1
567,153,0.84,384.33,483.1667,-0.6004,5,1.4
568,153,0.84,384.33,483.1667,0.796,4,1
569,153,0.84,384.33,483.1667,0.4993,2,1.5
570,153,0.84,384.33,483.1667,0.8026,1,1
571,153,0.84,384.33,483.1667,0.0369,4,1
572,153,0.84,384.33,483.1667,0.1481,2,1
573,153,0.84,384.33,483.1667,-0.6646,6,1
574,153,0.84,384.33,483.1667,-0.2788,5,1
575,153,0.84,384.33,483.1667,0.5698,8,1
576,122,1.015,308.81,698.1667,-0.7777,0,0
577,122,1.015,308.81,698.1667,0.0763,0,0
578,122,1.015,308.81,698.1667,0.5545,1,1
579,122,1.015,308.81,698.1667,-1.3646,0,0
580,122,1.015,308.81,698.1667,1.6258,0,0
581,122,1.015,308.81,698.1667,1.3744,0,0
582,122,1.015,308.81,698.1667,-0.3491,0,0
583,122,1.015,308.81,698.1667,-1.1612,1,1
584,122,1.015,308.81,698.1667,0.6509,0,0
585,122,1.015,308.81,698.1667,-1.4104,0,0
586,122,1.015,308.81,698.1667,-1.2441,0,0
587,122,1.015,308.81,698.1667,0.8126,0,0
588,131,1.015,322.07,698.1667,-0.7777,0,0
589,131,1.015,322.07,698.1667,0.0763,0,0
590,131,1.015,322.07,698.1667,0.5545,5,1.2
591,131,1.015,322.07,698.1667,-1.3646,1,1
592,131,1.015,322.07,698.1667,1.6258,2,1.5
593,131,1.015,322.07,698.1667,1.3744,0,0
594,131,1.015,322.07,698.1667,-0.3491,0,0
595,131,1.015,322.07,698.1667,-1.1612,0,0
596,131,1.015,322.07,698.1667,0.6509,0,0
597,131,1.015,322.07,698.1667,-1.4104,0,0
598,131,1.015,322.07,698.1667,-1.2441,0,0
599,131,1.015,322.07,698.1667,0.8126,0,0
600,140,1.015,335.33,698.1667,-0.7777,0,0
601,140,1.015,335.33,698.1667,0.0763,4,1
602,140,1.015,335.33,698.1667,0.5545,0,0
603,140,1.015,335.33,698.1667,-1.3646,0,0
604,140,1.015,335.33,698.1667,1.6258,0,0
605,140,1.015,335.33,698.1667,1.3744,0,0
606,140,1.015,335.33,698.1667,-0.3491,0,0
607,140,1.015,335.33,698.1667,-1.1612,0,0
608,140,1.015,335.33,698.1667,0.6509,0,0
609,140,1.015,335.33,698.1667,-1.4104,4,1
610,140,1.015,335.33,698.1667,-1.2441,3,1.33
611,140,1.015,335.33,698.1667,0.8126,1,1
612,149,1.015,348.59,698.1667,-0.7777,1,1
613,149,1.015,348.59,698.1667,0.0763,5,1.2
614,149,1.015,348.59,698.1667,0.5545,1,2
615,149,1.015,348.59,698.1667,-1.3646,3,1.33
616,149,1.015,348.59,698.1667,1.6258,1,1
617,149,1.015,348.59,698.1667,1.3744,0,0
618,149,1.015,348.59,698.1667,-0.3491,1,1
619,149,1.015,348.59,698.1667,-1.1612,6,1
620,149,1.015,348.59,698.1667,0.6509,3,1
621,149,1.015,348.59,698.1667,-1.4104,7,1
622,149,1.015,348.59,698.1667,-1.2441,1,1
623,149,1.015,348.59,698.1667,0.8126,2,1