0,84,0.435,131.37,381.1667,-1.3163,0,0
1,84,0.435,131.37,381.1667,-0.1238,0,0
2,84,0.435,131.37,381.1667,-3.09,1,1
3,84,0.435,131.37,381.1667,-1.8339,0,0
4,84,0.435,131.37,381.1667,1.9291,0,0
5,84,0.435,131.37,381.1667,0.8086,0,0
6,84,0.435,131.37,381.1667,-0.1024,0,0
7,84,0.435,131.37,381.1667,0.5525,0,0
8,84,0.435,131.37,381.1667,-0.5804,0,0
9,84,0.435,131.37,381.1667,-1.9394,1,1
10,84,0.435,131.37,381.1667,-1.4761,0,0
11,84,0.435,131.37,381.1667,-0.4095,0,0
12,90.67,0.435,134.96,381.1667,-1.3163,3,1
13,90.67,0.435,134.96,381.1667,-0.1238,2,1.5
14,90.67,0.435,134.96,381.1667,-3.09,1,1
15,90.67,0.435,134.96,381.1667,-1.8339,1,1
16,90.67,0.435,134.96,381.1667,1.9291,0,0
17,90.67,0.435,134.96,381.1667,0.8086,1,1
18,90.67,0.435,134.96,381.1667,-0.1024,0,0
19,90.67,0.435,134.96,381.1667,0.5525,1,1
20,90.67,0.435,134.96,381.1667,-0.5804,2,1
21,90.67,0.435,134.96,381.1667,-1.9394,1,1
22,90.67,0.435,134.96,381.1667,-1.4761,1,1
23,90.67,0.435,134.96,381.1667,-0.4095,0,0
24,97.33,0.435,138.54,381.1667,-1.3163,1,1
25,97.33,0.435,138.54,381.1667,-0.1238,1,1
26,97.33,0.435,138.54,381.1667,-3.09,5,1
27,97.33,0.435,138.54,381.1667,-1.8339,2,1
28,97.33,0.435,138.54,381.1667,1.9291,1,1
29,97.33,0.435,138.54,381.1667,0.8086,1,1
30,97.33,0.435,138.54,381.1667,-0.1024,2,1
31,97.33,0.435,138.54,381.1667,0.5525,0,0
32,97.33,0.435,138.54,381.1667,-0.5804,0,0
33,97.33,0.435,138.54,381.1667,-1.9394,1,1
34,97.33,0.435,138.54,381.1667,-1.4761,0,0
35,97.33,0.435,138.54,381.1667,-0.4095,0,0
36,104,0.435,142.12,381.1667,-1.3163,2,1
37,104,0.435,142.12,381.1667,-0.1238,0,0
38,104,0.435,142.12,381.1667,-3.09,0,0
39,104,0.435,142.12,381.1667,-1.8339,4,1.75
40,104,0.435,142.12,381.1667,1.9291,1,1
41,104,0.435,142.12,381.1667,0.8086,1,1
42,104,0.435,142.12,381.1667,-0.1024,0,0
43,104,0.435,142.12,381.1667,0.5525,1,1
44,104,0.435,142.12,381.1667,-0.5804,1,1
45,104,0.435,142.12,381.1667,-1.9394,0,0
46,104,0.435,142.12,381.1667,-1.4761,1,1
47,104,0.435,142.12,381.1667,-0.4095,1,1
48,659,0,125.98,353.0933,-1.1212,8,1.12
49,659,0,125.98,353.0933,0.6229,24,1
50,659,0,125.98,353.0933,-0.0837,21,1.1
51,659,0,125.98,353.0933,-1.1108,2,1
52,659,0,125.98,353.0933,1.6014,6,1.33
53,659,0,125.98,353.0933,1.2922,11,1.27
54,659,0,125.98,353.0933,-0.6542,4,1
55,659,0,125.98,353.0933,-1.583,8,1.12
56,659,0,125.98,353.0933,0.16,10,1.4
57,659,0,125.98,353.0933,-2.0437,7,1.14
58,659,0,125.98,353.0933,-3.09,7,1
59,659,0,125.98,353.0933,0.8785,5,1.6
60,723,0,128.97,298.9325,-1.1212,13,1.15
61,723,0,128.97,298.9325,0.6229,15,1.07
62,723,0,128.97,298.9325,-0.0837,15,1.07
63,723,0,128.97,298.9325,-1.1108,11,1.18
64,723,0,128.97,298.9325,1.6014,19,1.21
65,723,0,128.97,298.9325,1.2922,11,1.09
66,723,0,128.97,298.9325,-0.6542,7,1.29
67,723,0,128.97,298.9325,-1.583,8,1.25
68,723,0,128.97,298.9325,0.16,12,1
69,723,0,128.97,298.9325,-2.0437,4,1
70,723,0,128.97,298.9325,-3.09,7,1.14
71,723,0,128.97,298.9325,0.8785,11,1
72,787,0,131.97,258.0958,-1.1212,11,1.18
73,787,0,131.97,258.0958,0.6229,7,1.29
74,787,0,131.97,258.0958,-0.0837,17,1.12
75,787,0,131.97,258.0958,-1.1108,31,1.13
76,787,0,131.97,258.0958,1.6014,10,1
77,787,0,131.97,258.0958,1.2922,10,1.2
78,787,0,131.97,258.0958,-0.6542,13,1.15
79,787,0,131.97,258.0958,-1.583,7,1.43
80,787,0,131.97,258.0958,0.16,11,1.09
81,787,0,131.97,258.0958,-2.0437,9,1
82,787,0,131.97,258.0958,-3.09,6,1
83,787,0,131.97,258.0958,0.8785,12,1.17
84,851,0,134.96,232.075,-1.1212,12,1.17
85,851,0,134.96,232.075,0.6229,19,1.26
86,851,0,134.96,232.075,-0.0837,30,1.23
87,851,0,134.96,232.075,-1.1108,12,1.58
88,851,0,134.96,232.075,1.6014,14,1.14
89,851,0,134.96,232.075,1.2922,18,1.11
90,851,0,134.96,232.075,-0.6542,13,1.08
91,851,0,134.96,232.075,-1.583,23,1
92,851,0,134.96,232.075,0.16,14,1
93,851,0,134.96,232.075,-2.0437,8,1
94,851,0,134.96,232.075,-3.09,11,1
95,851,0,134.96,232.075,0.8785,21,1
96,177.5,1.4167,255.31,921.2558,-3.09,7,1.14
97,177.5,1.4167,255.31,921.2558,0.7817,12,1.08
98,177.5,1.4167,255.31,921.2558,-3.09,4,1
99,177.5,1.4167,255.31,921.2558,-1.171,8,1.25
100,177.5,1.4167,255.31,921.2558,0.5507,5,1.4
101,177.5,1.4167,255.31,921.2558,-0.6029,7,1
102,177.5,1.4167,255.31,921.2558,-0.4211,11,1
103,177.5,1.4167,255.31,921.2558,-1.3942,11,1
104,177.5,1.4167,255.31,921.2558,-1.9216,10,1.3
105,177.5,1.4167,255.31,921.2558,-1.6469,4,1
106,177.5,1.4167,255.31,921.2558,-1.9098,1,1
107,177.5,1.4167,255.31,921.2558,0.5021,1,1
108,189.33,1.4167,255.31,921.2558,-3.09,19,1.05
109,189.33,1.4167,255.31,921.2558,0.7817,14,1
110,189.33,1.4167,255.31,921.2558,-3.09,17,1
111,189.33,1.4167,255.31,921.2558,-1.171,11,1
112,189.33,1.4167,255.31,921.2558,0.5507,8,1.12
113,189.33,1.4167,255.31,921.2558,-0.6029,17,1.06
114,189.33,1.4167,255.31,921.2558,-0.4211,6,1
115,189.33,1.4167,255.31,921.2558,-1.3942,5,1.2
116,189.33,1.4167,255.31,921.2558,-1.9216,14,1
117,189.33,1.4167,255.31,921.2558,-1.6469,1,1
118,189.33,1.4167,255.31,921.2558,-1.9098,4,1
119,189.33,1.4167,255.31,921.2558,0.5021,9,1
120,201.17,1.4167,255.31,921.2558,-3.09,13,1
121,201.17,1.4167,255.31,921.2558,0.7817,8,1
122,201.17,1.4167,255.31,921.2558,-3.09,14,1.14
123,201.17,1.4167,255.31,921.2558,-1.171,30,1
124,201.17,1.4167,255.31,921.2558,0.5507,12,1.08
125,201.17,1.4167,255.31,921.2558,-0.6029,10,1
126,201.17,1.4167,255.31,921.2558,-0.4211,7,1
127,201.17,1.4167,255.31,921.2558,-1.3942,6,1
128,201.17,1.4167,255.31,921.2558,-1.9216,6,1
129,201.17,1.4167,255.31,921.2558,-1.6469,15,1
130,201.17,1.4167,255.31,921.2558,-1.9098,4,1.25
131,201.17,1.4167,255.31,921.2558,0.5021,8,1
132,213,1.4167,255.31,921.2558,-3.09,9,1.11
133,213,1.4167,255.31,921.2558,0.7817,11,1.18
134,213,1.4167,255.31,921.2558,-3.09,42,1.07
135,213,1.4167,255.31,921.2558,-1.171,5,1.4
136,213,1.4167,255.31,921.2558,0.5507,6,1
137,213,1.4167,255.31,921.2558,-0.6029,17,1
138,213,1.4167,255.31,921.2558,-0.4211,9,1.11
139,213,1.4167,255.31,921.2558,-1.3942,12,1
140,213,1.4167,255.31,921.2558,-1.9216,18,1
141,213,1.4167,255.31,921.2558,-1.6469,12,1
142,213,1.4167,255.31,921.2558,-1.9098,8,1
143,213,1.4167,255.31,921.2558,0.5021,18,1
144,86,0.75,155.48,563.285,-1.2179,0,0
145,86,0.75,155.48,563.285,-0.0401,0,0
146,86,0.75,155.48,563.285,-1.8274,0,0
147,86,0.75,155.48,563.285,-3.09,0,0
148,86,0.75,155.48,563.285,1.8186,0,0
149,86,0.75,155.48,563.285,1.2301,0,0
150,86,0.75,155.48,563.285,-0.4275,0,0
151,86,0.75,155.48,563.285,0.3627,0,0
152,86,0.75,155.48,563.285,-0.0406,2,1.5
153,86,0.75,155.48,563.285,-2.0114,1,1
154,86,0.75,155.48,563.285,-1.705,0,0
155,86,0.75,155.48,563.285,-0.1611,0,0
156,92,0.75,155.48,563.285,-1.2179,2,1
157,92,0.75,155.48,563.285,-0.0401,0,0
158,92,0.75,155.48,563.285,-1.8274,0,0
159,92,0.75,155.48,563.285,-3.09,4,1.5
160,92,0.75,155.48,563.285,1.8186,0,0
161,92,0.75,155.48,563.285,1.2301,0,0
162,92,0.75,155.48,563.285,-0.4275,0,0
163,92,0.75,155.48,563.285,0.3627,0,0
164,92,0.75,155.48,563.285,-0.0406,0,0
165,92,0.75,155.48,563.285,-2.0114,0,0
166,92,0.75,155.48,563.285,-1.705,0,0
167,92,0.75,155.48,563.285,-0.1611,0,0
168,98,0.75,155.48,563.285,-1.2179,0,0
169,98,0.75,155.48,563.285,-0.0401,1,1
170,98,0.75,155.48,563.285,-1.8274,0,0
171,98,0.75,155.48,563.285,-3.09,0,0
172,98,0.75,155.48,563.285,1.8186,1,1
173,98,0.75,155.48,563.285,1.2301,0,0
174,98,0.75,155.48,563.285,-0.4275,0,0
175,98,0.75,155.48,563.285,0.3627,0,0
176,98,0.75,155.48,563.285,-0.0406,1,1
177,98,0.75,155.48,563.285,-2.0114,0,0
178,98,0.75,155.48,563.285,-1.705,1,2
179,98,0.75,155.48,563.285,-0.1611,0,0
180,104,0.75,155.48,563.285,-1.2179,1,1
181,104,0.75,155.48,563.285,-0.0401,1,1
182,104,0.75,155.48,563.285,-1.8274,1,1
183,104,0.75,155.48,563.285,-3.09,1,1
184,104,0.75,155.48,563.285,1.8186,4,1.25
185,104,0.75,155.48,563.285,1.2301,2,1
186,104,0.75,155.48,563.285,-0.4275,1,1
187,104,0.75,155.48,563.285,0.3627,0,0
188,104,0.75,155.48,563.285,-0.0406,0,0
189,104,0.75,155.48,563.285,-2.0114,1,1
190,104,0.75,155.48,563.285,-1.705,1,1
191,104,0.75,155.48,563.285,-0.1611,0,0
192,78,0.75,548.82,564.27,-0.7802,1,1
193,78,0.75,548.82,564.27,-0.6915,2,1
194,78,0.75,548.82,564.27,-0.3937,0,0
195,78,0.75,548.82,564.27,-1.8931,3,1
196,78,0.75,548.82,564.27,1.227,1,1
197,78,0.75,548.82,564.27,1.1298,1,1
198,78,0.75,548.82,564.27,0.3986,1,1
199,78,0.75,548.82,564.27,-1.1197,5,1
200,78,0.75,548.82,564.27,-1.4882,3,1
201,78,0.75,548.82,564.27,-1.9963,0,0
202,78,0.75,548.82,564.27,-1.4576,0,0
203,78,0.75,548.82,564.27,0.6836,0,0
204,84,0.75,548.82,568.1367,-0.7802,15,1
205,84,0.75,548.82,568.1367,-0.6915,1,2
206,84,0.75,548.82,568.1367,-0.3937,6,1
207,84,0.75,548.82,568.1367,-1.8931,5,1
208,84,0.75,548.82,568.1367,1.227,0,0
209,84,0.75,548.82,568.1367,1.1298,0,0
210,84,0.75,548.82,568.1367,0.3986,0,0
211,84,0.75,548.82,568.1367,-1.1197,0,0
212,84,0.75,548.82,568.1367,-1.4882,0,0
213,84,0.75,548.82,568.1367,-1.9963,1,1
214,84,0.75,548.82,568.1367,-1.4576,1,1
215,84,0.75,548.82,568.1367,0.6836,0,0
216,90,0.75,548.82,569.9925,-0.7802,4,1
217,90,0.75,548.82,569.9925,-0.6915,1,1
218,90,0.75,548.82,569.9925,-0.3937,7,1
219,90,0.75,548.82,569.9925,-1.8931,4,1
220,90,0.75,548.82,569.9925,1.227,5,1.2
221,90,0.75,548.82,569.9925,1.1298,2,1
222,90,0.75,548.82,569.9925,0.3986,8,1
223,90,0.75,548.82,569.9925,-1.1197,4,1
224,90,0.75,548.82,569.9925,-1.4882,1,1
225,90,0.75,548.82,569.9925,-1.9963,5,1.2
226,90,0.75,548.82,569.9925,-1.4576,2,1
227,90,0.75,548.82,569.9925,0.6836,6,1
228,96,0.75,548.82,570.8825,-0.7802,5,1
229,96,0.75,548.82,570.8825,-0.6915,1,1
230,96,0.75,548.82,570.8825,-0.3937,1,1
231,96,0.75,548.82,570.8825,-1.8931,1,2
232,96,0.75,548.82,570.8825,1.227,4,1.25
233,96,0.75,548.82,570.8825,1.1298,4,1
234,96,0.75,548.82,570.8825,0.3986,1,1
235,96,0.75,548.82,570.8825,-1.1197,9,1
236,96,0.75,548.82,570.8825,-1.4882,5,1
237,96,0.75,548.82,570.8825,-1.9963,12,1
238,96,0.75,548.82,570.8825,-1.4576,4,1
239,96,0.75,548.82,570.8825,0.6836,4,1
240,104.5,1.1942,458.71,575.38,-3.09,0,0
241,104.5,1.1942,458.71,575.38,0.6781,2,1
242,104.5,1.1942,458.71,575.38,-0.0962,0,0
243,104.5,1.1942,458.71,575.38,-1.3951,1,1
244,104.5,1.1942,458.71,575.38,0.9131,4,1.5
245,104.5,1.1942,458.71,575.38,-0.0617,5,1
246,104.5,1.1942,458.71,575.38,0.3693,2,1
247,104.5,1.1942,458.71,575.38,-0.7459,2,1
248,104.5,1.1942,458.71,575.38,-1.8204,2,2
249,104.5,1.1942,458.71,575.38,-1.5827,2,1
250,104.5,1.1942,458.71,575.38,-1.5875,1,1
251,104.5,1.1942,458.71,575.38,0.1539,2,1.5
252,111,1.1942,529.92,575.38,-3.09,12,1
253,111,1.1942,529.92,575.38,0.6781,2,1
254,111,1.1942,529.92,575.38,-0.0962,17,1
255,111,1.1942,529.92,575.38,-1.3951,4,1
256,111,1.1942,529.92,575.38,0.9131,6,1
257,111,1.1942,529.92,575.38,-0.0617,5,1.2
258,111,1.1942,529.92,575.38,0.3693,0,0
259,111,1.1942,529.92,575.38,-0.7459,1,1
260,111,1.1942,529.92,575.38,-1.8204,2,1
261,111,1.1942,529.92,575.38,-1.5827,2,1
262,111,1.1942,529.92,575.38,-1.5875,5,1
263,111,1.1942,529.92,575.38,0.1539,3,1
264,117.5,1.1942,601.13,575.38,-3.09,5,1
265,117.5,1.1942,601.13,575.38,0.6781,1,1
266,117.5,1.1942,601.13,575.38,-0.0962,5,1.2
267,117.5,1.1942,601.13,575.38,-1.3951,8,1
268,117.5,1.1942,601.13,575.38,0.9131,8,1.12
269,117.5,1.1942,601.13,575.38,-0.0617,2,1
270,117.5,1.1942,601.13,575.38,0.3693,7,1
271,117.5,1.1942,601.13,575.38,-0.7459,0,0
272,117.5,1.1942,601.13,575.38,-1.8204,1,1
273,117.5,1.1942,601.13,575.38,-1.5827,1,1
274,117.5,1.1942,601.13,575.38,-1.5875,3,1.67
275,117.5,1.1942,601.13,575.38,0.1539,1,1
276,124,1.1942,672.34,575.38,-3.09,1,1
277,124,1.1942,672.34,575.38,0.6781,4,1
278,124,1.1942,672.34,575.38,-0.0962,2,1
279,124,1.1942,672.34,575.38,-1.3951,6,1
280,124,1.1942,672.34,575.38,0.9131,3,1.33
281,124,1.1942,672.34,575.38,-0.0617,3,1
282,124,1.1942,672.34,575.38,0.3693,5,1
283,124,1.1942,672.34,575.38,-0.7459,9,1
284,124,1.1942,672.34,575.38,-1.8204,3,1
285,124,1.1942,672.34,575.38,-1.5827,4,1
286,124,1.1942,672.34,575.38,-1.5875,3,1
287,124,1.1942,672.34,575.38,0.1539,5,1
288,127,0.9167,400,931.9883,-1.1781,0,0
289,127,0.9167,400,931.9883,-0.2075,3,1
290,127,0.9167,400,931.9883,-0.7255,1,2
291,127,0.9167,400,931.9883,-1.3804,4,1.25
292,127,0.9167,400,931.9883,0.6975,0,0
293,127,0.9167,400,931.9883,-0.0163,1,1
294,127,0.9167,400,931.9883,0.8963,0,0
295,127,0.9167,400,931.9883,-1.0716,3,1
296,127,0.9167,400,931.9883,-1.802,0,0
297,127,0.9167,400,931.9883,-1.8768,1,1
298,127,0.9167,400,931.9883,-2.0601,1,1
299,127,0.9167,400,931.9883,0.5809,1,1
300,136,0.9167,400,931.9883,-1.1781,3,1.33
301,136,0.9167,400,931.9883,-0.2075,3,1.33
302,136,0.9167,400,931.9883,-0.7255,7,1
303,136,0.9167,400,931.9883,-1.3804,3,1
304,136,0.9167,400,931.9883,0.6975,1,2
305,136,0.9167,400,931.9883,-0.0163,2,1
306,136,0.9167,400,931.9883,0.8963,2,1
307,136,0.9167,400,931.9883,-1.0716,2,1
308,136,0.9167,400,931.9883,-1.802,3,1
309,136,0.9167,400,931.9883,-1.8768,3,1
310,136,0.9167,400,931.9883,-2.0601,3,1
311,136,0.9167,400,931.9883,0.5809,3,1
312,145,0.9167,400,931.9883,-1.1781,7,1
313,145,0.9167,400,931.9883,-0.2075,2,1
314,145,0.9167,400,931.9883,-0.7255,6,1
315,145,0.9167,400,931.9883,-1.3804,6,1
316,145,0.9167,400,931.9883,0.6975,10,1
317,145,0.9167,400,931.9883,-0.0163,7,1
318,145,0.9167,400,931.9883,0.8963,2,1
319,145,0.9167,400,931.9883,-1.0716,6,1
320,145,0.9167,400,931.9883,-1.802,4,1.25
321,145,0.9167,400,931.9883,-1.8768,3,1
322,145,0.9167,400,931.9883,-2.0601,2,1
323,145,0.9167,400,931.9883,0.5809,11,1
324,154,0.9167,400,931.9883,-1.1781,2,1
325,154,0.9167,400,931.9883,-0.2075,0,0
326,154,0.9167,400,931.9883,-0.7255,8,1.12
327,154,0.9167,400,931.9883,-1.3804,4,1.5
328,154,0.9167,400,931.9883,0.6975,4,1.25
329,154,0.9167,400,931.9883,-0.0163,6,1
330,154,0.9167,400,931.9883,0.8963,6,1
331,154,0.9167,400,931.9883,-1.0716,2,1
332,154,0.9167,400,931.9883,-1.802,6,1
333,154,0.9167,400,931.9883,-1.8768,6,1
334,154,0.9167,400,931.9883,-2.0601,8,1
335,154,0.9167,400,931.9883,0.5809,6,1
336,182.5,0.9167,375.4,656.5833,-0.8182,0,0
337,182.5,0.9167,375.4,656.5833,1.0403,0,0
338,182.5,0.9167,375.4,656.5833,-1.8274,0,0
339,182.5,0.9167,375.4,656.5833,-1.6361,0,0
340,182.5,0.9167,375.4,656.5833,1.6679,1,1
341,182.5,0.9167,375.4,656.5833,1.1685,0,0
342,182.5,0.9167,375.4,656.5833,-0.7935,0,0
343,182.5,0.9167,375.4,656.5833,-1.4687,0,0
344,182.5,0.9167,375.4,656.5833,0.1629,4,1.25
345,182.5,0.9167,375.4,656.5833,-2.1081,0,0
346,182.5,0.9167,375.4,656.5833,-2.4075,1,1
347,182.5,0.9167,375.4,656.5833,0.6614,2,1
348,196.67,0.9167,390.71,656.5833,-0.8182,4,1
349,196.67,0.9167,390.71,656.5833,1.0403,4,1
350,196.67,0.9167,390.71,656.5833,-1.8274,0,0
351,196.67,0.9167,390.71,656.5833,-1.6361,1,1
352,196.67,0.9167,390.71,656.5833,1.6679,0,0
353,196.67,0.9167,390.71,656.5833,1.1685,0,0
354,196.67,0.9167,390.71,656.5833,-0.7935,1,1
355,196.67,0.9167,390.71,656.5833,-1.4687,1,1
356,196.67,0.9167,390.71,656.5833,0.1629,1,1
357,196.67,0.9167,390.71,656.5833,-2.1081,0,0
358,196.67,0.9167,390.71,656.5833,-2.4075,0,0
359,196.67,0.9167,390.71,656.5833,0.6614,1,1
360,210.83,0.9167,406.01,656.5833,-0.8182,1,1
361,210.83,0.9167,406.01,656.5833,1.0403,0,0
362,210.83,0.9167,406.01,656.5833,-1.8274,2,1
363,210.83,0.9167,406.01,656.5833,-1.6361,6,1.17
364,210.83,0.9167,406.01,656.5833,1.6679,1,1
365,210.83,0.9167,406.01,656.5833,1.1685,1,1
366,210.83,0.9167,406.01,656.5833,-0.7935,1,1
367,210.83,0.9167,406.01,656.5833,-1.4687,1,1
368,210.83,0.9167,406.01,656.5833,0.1629,0,0
369,210.83,0.9167,406.01,656.5833,-2.1081,3,1
370,210.83,0.9167,406.01,656.5833,-2.4075,1,1
371,210.83,0.9167,406.01,656.5833,0.6614,0,0
372,225,0.9167,421.32,656.5833,-0.8182,0,0
373,225,0.9167,421.32,656.5833,1.0403,1,2
374,225,0.9167,421.32,656.5833,-1.8274,2,1
375,225,0.9167,421.32,656.5833,-1.6361,2,1.5
376,225,0.9167,421.32,656.5833,1.6679,6,1.5
377,225,0.9167,421.32,656.5833,1.1685,1,1
378,225,0.9167,421.32,656.5833,-0.7935,4,1.25
379,225,0.9167,421.32,656.5833,-1.4687,3,1
380,225,0.9167,421.32,656.5833,0.1629,1,1
381,225,0.9167,421.32,656.5833,-2.1081,0,0
382,225,0.9167,421.32,656.5833,-2.4075,1,2
383,225,0.9167,421.32,656.5833,0.6614,2,1
384,94.5,0.75,758.29,578.4167,-0.8794,2,1
385,94.5,0.75,758.29,578.4167,0.4545,0,0
386,94.5,0.75,758.29,578.4167,-3.09,0,0
387,94.5,0.75,758.29,578.4167,-1.1157,0,0
388,94.5,0.75,758.29,578.4167,1.6351,0,0
389,94.5,0.75,758.29,578.4167,1.1357,2,1
390,94.5,0.75,758.29,578.4167,-0.9314,6,1
391,94.5,0.75,758.29,578.4167,-2.5273,8,1
392,94.5,0.75,758.29,578.4167,-1.7488,1,1
393,94.5,0.75,758.29,578.4167,-2.236,0,0
394,94.5,0.75,758.29,578.4167,-1.1085,10,1
395,94.5,0.75,758.29,578.4167,-0.9613,1,1
396,100,0.75,816.58,578.4167,-0.8794,5,1
397,100,0.75,816.58,578.4167,0.4545,2,1
398,100,0.75,816.58,578.4167,-3.09,6,1
399,100,0.75,816.58,578.4167,-1.1157,4,1
400,100,0.75,816.58,578.4167,1.6351,1,1
401,100,0.75,816.58,578.4167,1.1357,0,0
402,100,0.75,816.58,578.4167,-0.9314,1,1
403,100,0.75,816.58,578.4167,-2.5273,1,1
404,100,0.75,816.58,578.4167,-1.7488,1,1
405,100,0.75,816.58,578.4167,-2.236,1,1
406,100,0.75,816.58,578.4167,-1.1085,0,0
407,100,0.75,816.58,578.4167,-0.9613,5,1
408,105.5,0.75,874.87,578.4167,-0.8794,3,1
409,105.5,0.75,874.87,578.4167,0.4545,3,1.33
410,105.5,0.75,874.87,578.4167,-3.09,4,1.25
411,105.5,0.75,874.87,578.4167,-1.1157,1,1
412,105.5,0.75,874.87,578.4167,1.6351,8,1
413,105.5,0.75,874.87,578.4167,1.1357,0,0
414,105.5,0.75,874.87,578.4167,-0.9314,1,1
415,105.5,0.75,874.87,578.4167,-2.5273,0,0
416,105.5,0.75,874.87,578.4167,-1.7488,8,1.75
417,105.5,0.75,874.87,578.4167,-2.236,2,1.5
418,105.5,0.75,874.87,578.4167,-1.1085,4,1.5
419,105.5,0.75,874.87,578.4167,-0.9613,0,0
420,111,0.75,933.17,578.4167,-0.8794,1,1
421,111,0.75,933.17,578.4167,0.4545,0,0
422,111,0.75,933.17,578.4167,-3.09,2,1.5
423,111,0.75,933.17,578.4167,-1.1157,8,1.12
424,111,0.75,933.17,578.4167,1.6351,3,1
425,111,0.75,933.17,578.4167,1.1357,2,1
426,111,0.75,933.17,578.4167,-0.9314,1,1
427,111,0.75,933.17,578.4167,-2.5273,1,1
428,111,0.75,933.17,578.4167,-1.7488,2,1
429,111,0.75,933.17,578.4167,-2.236,0,0
430,111,0.75,933.17,578.4167,-1.1085,2,1
431,111,0.75,933.17,578.4167,-0.9613,2,1
432,124,0.5275,137.6,549.5,-2.5669,0,0
433,124,0.5275,137.6,549.5,0.1413,0,0
434,124,0.5275,137.6,549.5,-0.0939,1,2
435,124,0.5275,137.6,549.5,-3.09,0,0
436,124,0.5275,137.6,549.5,1.0866,1,2
437,124,0.5275,137.6,549.5,0.0594,0,0
438,124,0.5275,137.6,549.5,0.8509,0,0
439,124,0.5275,137.6,549.5,-0.4271,0,0
440,124,0.5275,137.6,549.5,-1.7249,1,2
441,124,0.5275,137.6,549.5,-1.5526,4,1
442,124,0.5275,137.6,549.5,-1.4983,1,1
443,124,0.5275,137.6,549.5,-0.001,2,1
444,132.67,0.5275,137.6,549.5,-2.5669,3,1
445,132.67,0.5275,137.6,549.5,0.1413,1,2
446,132.67,0.5275,137.6,549.5,-0.0939,0,0
447,132.67,0.5275,137.6,549.5,-3.09,4,1
448,132.67,0.5275,137.6,549.5,1.0866,0,0
449,132.67,0.5275,137.6,549.5,0.0594,1,1
450,132.67,0.5275,137.6,549.5,0.8509,1,1
451,132.67,0.5275,137.6,549.5,-0.4271,1,1
452,132.67,0.5275,137.6,549.5,-1.7249,0,0
453,132.67,0.5275,137.6,549.5,-1.5526,2,1
454,132.67,0.5275,137.6,549.5,-1.4983,1,1
455,132.67,0.5275,137.6,549.5,-0.001,0,0
456,141.33,0.5275,137.6,549.5,-2.5669,0,0
457,141.33,0.5275,137.6,549.5,0.1413,0,0
458,141.33,0.5275,137.6,549.5,-0.0939,4,1.5
459,141.33,0.5275,137.6,549.5,-3.09,3,1.67
460,141.33,0.5275,137.6,549.5,1.0866,0,0
461,141.33,0.5275,137.6,549.5,0.0594,1,1
462,141.33,0.5275,137.6,549.5,0.8509,0,0
463,141.33,0.5275,137.6,549.5,-0.4271,0,0
464,141.33,0.5275,137.6,549.5,-1.7249,0,0
465,141.33,0.5275,137.6,549.5,-1.5526,0,0
466,141.33,0.5275,137.6,549.5,-1.4983,1,1
467,141.33,0.5275,137.6,549.5,-0.001,0,0
468,150,0.5275,137.6,549.5,-2.5669,0,0
469,150,0.5275,137.6,549.5,0.1413,0,0
470,150,0.5275,137.6,549.5,-0.0939,2,1.5
471,150,0.5275,137.6,549.5,-3.09,3,1.67
472,150,0.5275,137.6,549.5,1.0866,4,1.5
473,150,0.5275,137.6,549.5,0.0594,2,1
474,150,0.5275,137.6,549.5,0.8509,0,0
475,150,0.5275,137.6,549.5,-0.4271,2,1
476,150,0.5275,137.6,549.5,-1.7249,1,1
477,150,0.5275,137.6,549.5,-1.5526,1,1
478,150,0.5275,137.6,549.5,-1.4983,3,1
479,150,0.5275,137.6,549.5,-0.001,2,1
480,99.5,0.6667,641.13,564.6667,-0.214,4,1
481,99.5,0.6667,641.13,564.6667,-0.5315,1,1
482,99.5,0.6667,641.13,564.6667,-0.2556,1,1
483,99.5,0.6667,641.13,564.6667,-1.6878,1,1
484,99.5,0.6667,641.13,564.6667,0.7771,2,1
485,99.5,0.6667,641.13,564.6667,1.2243,0,0
486,99.5,0.6667,641.13,564.6667,0.2457,2,1
487,99.5,0.6667,641.13,564.6667,-1.4391,0,0
488,99.5,0.6667,641.13,564.6667,-1.6723,3,1.33
489,99.5,0.6667,641.13,564.6667,-2.0196,0,0
490,99.5,0.6667,641.13,564.6667,-1.6435,1,1
491,99.5,0.6667,641.13,564.6667,1.1381,1,1
492,107.33,0.6667,717.61,564.6667,-0.214,8,1
493,107.33,0.6667,717.61,564.6667,-0.5315,1,2
494,107.33,0.6667,717.61,564.6667,-0.2556,3,1
495,107.33,0.6667,717.61,564.6667,-1.6878,5,1
496,107.33,0.6667,717.61,564.6667,0.7771,3,1.33
497,107.33,0.6667,717.61,564.6667,1.2243,1,1
498,107.33,0.6667,717.61,564.6667,0.2457,1,1
499,107.33,0.6667,717.61,564.6667,-1.4391,1,1
500,107.33,0.6667,717.61,564.6667,-1.6723,4,1
501,107.33,0.6667,717.61,564.6667,-2.0196,0,0
502,107.33,0.6667,717.61,564.6667,-1.6435,4,1
503,107.33,0.6667,717.61,564.6667,1.1381,1,1
504,115.17,0.6667,851.97,564.6667,-0.214,4,1
505,115.17,0.6667,851.97,564.6667,-0.5315,1,1
506,115.17,0.6667,851.97,564.6667,-0.2556,2,1
507,115.17,0.6667,851.97,564.6667,-1.6878,4,1
508,115.17,0.6667,851.97,564.6667,0.7771,3,1
509,115.17,0.6667,851.97,564.6667,1.2243,3,1
510,115.17,0.6667,851.97,564.6667,0.2457,4,1
511,115.17,0.6667,851.97,564.6667,-1.4391,3,1
512,115.17,0.6667,851.97,564.6667,-1.6723,1,1
513,115.17,0.6667,851.97,564.6667,-2.0196,3,1
514,115.17,0.6667,851.97,564.6667,-1.6435,0,0
515,115.17,0.6667,851.97,564.6667,1.1381,7,1
516,123,0.6667,938.73,564.6667,-0.214,1,1
517,123,0.6667,938.73,564.6667,-0.5315,2,1.5
518,123,0.6667,938.73,564.6667,-0.2556,1,1
519,123,0.6667,938.73,564.6667,-1.6878,1,1
520,123,0.6667,938.73,564.6667,0.7771,1,2
521,123,0.6667,938.73,564.6667,1.2243,2,1
522,123,0.6667,938.73,564.6667,0.2457,5,1
523,123,0.6667,938.73,564.6667,-1.4391,4,1
524,123,0.6667,938.73,564.6667,-1.6723,2,1
525,123,0.6667,938.73,564.6667,-2.0196,2,1.5
526,123,0.6667,938.73,564.6667,-1.6435,1,1
527,123,0.6667,938.73,564.6667,1.1381,3,1
528,124,0.5833,873.27,490.0833,-3.09,12,1.17
529,124,0.5833,873.27,490.0833,0.4051,2,1
530,124,0.5833,873.27,490.0833,0.1095,2,1
531,124,0.5833,873.27,490.0833,-1.3378,2,1
532,124,0.5833,873.27,490.0833,1.1931,2,1.5
533,124,0.5833,873.27,490.0833,0.0711,2,1
534,124,0.5833,873.27,490.0833,0.0171,3,1
535,124,0.5833,873.27,490.0833,-0.5429,3,1.33
536,124,0.5833,873.27,490.0833,-1.8515,1,1
537,124,0.5833,873.27,490.0833,-1.6616,1,1
538,124,0.5833,873.27,490.0833,-1.494,4,1
539,124,0.5833,873.27,490.0833,-0.1948,1,1
540,132.33,0.5833,1030.02,490.0833,-3.09,16,1.06
541,132.33,0.5833,1030.02,490.0833,0.4051,2,1
542,132.33,0.5833,1030.02,490.0833,0.1095,3,1
543,132.33,0.5833,1030.02,490.0833,-1.3378,7,1
544,132.33,0.5833,1030.02,490.0833,1.1931,2,1
545,132.33,0.5833,1030.02,490.0833,0.0711,2,1
546,132.33,0.5833,1030.02,490.0833,0.0171,7,1
547,132.33,0.5833,1030.02,490.0833,-0.5429,5,1.2
548,132.33,0.5833,1030.02,490.0833,-1.8515,2,1
549,132.33,0.5833,1030.02,490.0833,-1.6616,3,1
550,132.33,0.5833,1030.02,490.0833,-1.494,7,1
551,132.33,0.5833,1030.02,490.0833,-0.1948,2,1
552,140.67,0.5833,1186.77,490.0833,-3.09,5,1
553,140.67,0.5833,1186.77,490.0833,0.4051,5,1
554,140.67,0.5833,1186.77,490.0833,0.1095,16,1.12
555,140.67,0.5833,1186.77,490.0833,-1.3378,7,1
556,140.67,0.5833,1186.77,490.0833,1.1931,14,1.07
557,140.67,0.5833,1186.77,490.0833,0.0711,16,1
558,140.67,0.5833,1186.77,490.0833,0.0171,9,1
559,140.67,0.5833,1186.77,490.0833,-0.5429,5,1
560,140.67,0.5833,1186.77,490.0833,-1.8515,7,1.14
561,140.67,0.5833,1186.77,490.0833,-1.6616,8,1
562,140.67,0.5833,1186.77,490.0833,-1.494,2,1.5
563,140.67,0.5833,1186.77,490.0833,-0.1948,8,1
564,149,0.5833,1343.53,490.0833,-3.09,14,1
565,149,0.5833,1343.53,490.0833,0.4051,14,1
566,149,0.5833,1343.53,490.0833,0.1095,15,1.07
567,149,0.5833,1343.53,490.0833,-1.3378,13,1.23
568,149,0.5833,1343.53,490.0833,1.1931,11,1.27
569,149,0.5833,1343.53,490.0833,0.0711,14,1.21
570,149,0.5833,1343.53,490.0833,0.0171,12,1.08
571,149,0.5833,1343.53,490.0833,-0.5429,12,1
572,149,0.5833,1343.53,490.0833,-1.8515,10,1
573,149,0.5833,1343.53,490.0833,-1.6616,6,1
574,149,0.5833,1343.53,490.0833,-1.494,9,1
575,149,0.5833,1343.53,490.0833,-0.1948,11,1
576,71.5,1.0275,184.03,608.0833,-1.4701,1,1
577,71.5,1.0275,184.03,608.0833,0.7661,0,0
578,71.5,1.0275,184.03,608.0833,-1.8274,0,0
579,71.5,1.0275,184.03,608.0833,-3.09,1,1
580,71.5,1.0275,184.03,608.0833,1.8935,1,1
581,71.5,1.0275,184.03,608.0833,1.4513,0,0
582,71.5,1.0275,184.03,608.0833,-0.0931,0,0
583,71.5,1.0275,184.03,608.0833,0.4069,1,1
584,71.5,1.0275,184.03,608.0833,-0.3302,0,0
585,71.5,1.0275,184.03,608.0833,-2.2472,4,1
586,71.5,1.0275,184.03,608.0833,-1.3791,0,0
587,71.5,1.0275,184.03,608.0833,-0.6003,0,0
588,76.33,1.0275,189,608.0833,-1.4701,8,1
589,76.33,1.0275,189,608.0833,0.7661,1,1
590,76.33,1.0275,189,608.0833,-1.8274,1,1
591,76.33,1.0275,189,608.0833,-3.09,3,1
592,76.33,1.0275,189,608.0833,1.8935,1,1
593,76.33,1.0275,189,608.0833,1.4513,0,0
594,76.33,1.0275,189,608.0833,-0.0931,1,1
595,76.33,1.0275,189,608.0833,0.4069,1,1
596,76.33,1.0275,189,608.0833,-0.3302,0,0
597,76.33,1.0275,189,608.0833,-2.2472,0,0
598,76.33,1.0275,189,608.0833,-1.3791,1,1
599,76.33,1.0275,189,608.0833,-0.6003,0,0
600,81.17,1.0275,194.52,608.0833,-1.4701,0,0
601,81.17,1.0275,194.52,608.0833,0.7661,1,2
602,81.17,1.0275,194.52,608.0833,-1.8274,2,1
603,81.17,1.0275,194.52,608.0833,-3.09,3,1
604,81.17,1.0275,194.52,608.0833,1.8935,2,1
605,81.17,1.0275,194.52,608.0833,1.4513,3,1
606,81.17,1.0275,194.52,608.0833,-0.0931,0,0
607,81.17,1.0275,194.52,608.0833,0.4069,0,0
608,81.17,1.0275,194.52,608.0833,-0.3302,2,1
609,81.17,1.0275,194.52,608.0833,-2.2472,0,0
610,81.17,1.0275,194.52,608.0833,-1.3791,7,1.14
611,81.17,1.0275,194.52,608.0833,-0.6003,1,1
612,86,1.0275,200.26,608.0833,-1.4701,6,1
613,86,1.0275,200.26,608.0833,0.7661,0,0
614,86,1.0275,200.26,608.0833,-1.8274,4,1
615,86,1.0275,200.26,608.0833,-3.09,1,1
616,86,1.0275,200.26,608.0833,1.8935,5,1.2
617,86,1.0275,200.26,608.0833,1.4513,4,1
618,86,1.0275,200.26,608.0833,-0.0931,1,2
619,86,1.0275,200.26,608.0833,0.4069,6,1.17
620,86,1.0275,200.26,608.0833,-0.3302,1,1
621,86,1.0275,200.26,608.0833,-2.2472,1,1
622,86,1.0275,200.26,608.0833,-1.3791,1,1
623,86,1.0275,200.26,608.0833,-0.6003,4,1.25
624,135,0.6667,121.77,756.3333,-2.6488,0,0
625,135,0.6667,121.77,756.3333,-3.09,2,1
626,135,0.6667,121.77,756.3333,-0.9288,0,0
627,135,0.6667,121.77,756.3333,-1.7251,3,1
628,135,0.6667,121.77,756.3333,1.2079,2,1.5
629,135,0.6667,121.77,756.3333,0.3256,0,0
630,135,0.6667,121.77,756.3333,0.3287,1,1
631,135,0.6667,121.77,756.3333,-0.413,2,1
632,135,0.6667,121.77,756.3333,-1.8339,0,0
633,135,0.6667,121.77,756.3333,-1.9069,3,1
634,135,0.6667,121.77,756.3333,-1.6666,0,0
635,135,0.6667,121.77,756.3333,0.1524,1,1
636,144.33,0.6667,121.77,756.3333,-2.6488,4,1
637,144.33,0.6667,121.77,756.3333,-3.09,9,1.78
638,144.33,0.6667,121.77,756.3333,-0.9288,2,1
639,144.33,0.6667,121.77,756.3333,-1.7251,2,1
640,144.33,0.6667,121.77,756.3333,1.2079,7,1
641,144.33,0.6667,121.77,756.3333,0.3256,5,1
642,144.33,0.6667,121.77,756.3333,0.3287,0,0
643,144.33,0.6667,121.77,756.3333,-0.413,2,1
644,144.33,0.6667,121.77,756.3333,-1.8339,3,1.33
645,144.33,0.6667,121.77,756.3333,-1.9069,1,1
646,144.33,0.6667,121.77,756.3333,-1.6666,1,1
647,144.33,0.6667,121.77,756.3333,0.1524,1,1
648,153.67,0.6667,121.77,756.3333,-2.6488,5,1
649,153.67,0.6667,121.77,756.3333,-3.09,0,0
650,153.67,0.6667,121.77,756.3333,-0.9288,0,0
651,153.67,0.6667,121.77,756.3333,-1.7251,12,1.08
652,153.67,0.6667,121.77,756.3333,1.2079,3,1
653,153.67,0.6667,121.77,756.3333,0.3256,1,1
654,153.67,0.6667,121.77,756.3333,0.3287,4,1
655,153.67,0.6667,121.77,756.3333,-0.413,1,1
656,153.67,0.6667,121.77,756.3333,-1.8339,3,1
657,153.67,0.6667,121.77,756.3333,-1.9069,4,1.25
658,153.67,0.6667,121.77,756.3333,-1.6666,0,0
659,153.67,0.6667,121.77,756.3333,0.1524,3,1
660,163,0.6667,121.77,756.3333,-2.6488,1,1
661,163,0.6667,121.77,756.3333,-3.09,0,0
662,163,0.6667,121.77,756.3333,-0.9288,0,0
663,163,0.6667,121.77,756.3333,-1.7251,0,0
664,163,0.6667,121.77,756.3333,1.2079,1,1
665,163,0.6667,121.77,756.3333,0.3256,0,0
666,163,0.6667,121.77,756.3333,0.3287,2,1
667,163,0.6667,121.77,756.3333,-0.413,4,1
668,163,0.6667,121.77,756.3333,-1.8339,5,1
669,163,0.6667,121.77,756.3333,-1.9069,2,1
670,163,0.6667,121.77,756.3333,-1.6666,7,1.14
671,163,0.6667,121.77,756.3333,0.1524,2,1
672,170.5,1.3333,120.16,328.4717,-1.0018,0,0
673,170.5,1.3333,120.16,328.4717,0.4568,2,1
674,170.5,1.3333,120.16,328.4717,-0.5214,0,0
675,170.5,1.3333,120.16,328.4717,-1.389,1,1
676,170.5,1.3333,120.16,328.4717,0.1931,0,0
677,170.5,1.3333,120.16,328.4717,-0.2967,0,0
678,170.5,1.3333,120.16,328.4717,0.2348,0,0
679,170.5,1.3333,120.16,328.4717,-2.194,0,0
680,170.5,1.3333,120.16,328.4717,-1.9257,0,0
681,170.5,1.3333,120.16,328.4717,-1.8059,0,0
682,170.5,1.3333,120.16,328.4717,-2.1713,0,0
683,170.5,1.3333,120.16,328.4717,0.5225,0,0
684,181,1.3333,123.28,328.4717,-1.0018,5,1.4
685,181,1.3333,123.28,328.4717,0.4568,0,0
686,181,1.3333,123.28,328.4717,-0.5214,3,1
687,181,1.3333,123.28,328.4717,-1.389,3,1
688,181,1.3333,123.28,328.4717,0.1931,1,1
689,181,1.3333,123.28,328.4717,-0.2967,0,0
690,181,1.3333,123.28,328.4717,0.2348,1,1
691,181,1.3333,123.28,328.4717,-2.194,0,0
692,181,1.3333,123.28,328.4717,-1.9257,0,0
693,181,1.3333,123.28,328.4717,-1.8059,0,0
694,181,1.3333,123.28,328.4717,-2.1713,0,0
695,181,1.3333,123.28,328.4717,0.5225,0,0
696,191.5,1.3333,127.42,328.4717,-1.0018,0,0
697,191.5,1.3333,127.42,328.4717,0.4568,0,0
698,191.5,1.3333,127.42,328.4717,-0.5214,0,0
699,191.5,1.3333,127.42,328.4717,-1.389,1,1
700,191.5,1.3333,127.42,328.4717,0.1931,1,1
701,191.5,1.3333,127.42,328.4717,-0.2967,5,1
702,191.5,1.3333,127.42,328.4717,0.2348,0,0
703,191.5,1.3333,127.42,328.4717,-2.194,0,0
704,191.5,1.3333,127.42,328.4717,-1.9257,2,1
705,191.5,1.3333,127.42,328.4717,-1.8059,0,0
706,191.5,1.3333,127.42,328.4717,-2.1713,0,0
707,191.5,1.3333,127.42,328.4717,0.5225,0,0
708,202,1.3333,131.12,328.4717,-1.0018,2,1
709,202,1.3333,131.12,328.4717,0.4568,1,1
710,202,1.3333,131.12,328.4717,-0.5214,2,1
711,202,1.3333,131.12,328.4717,-1.389,0,0
712,202,1.3333,131.12,328.4717,0.1931,1,1
713,202,1.3333,131.12,328.4717,-0.2967,0,0
714,202,1.3333,131.12,328.4717,0.2348,0,0
715,202,1.3333,131.12,328.4717,-2.194,1,1
716,202,1.3333,131.12,328.4717,-1.9257,1,1
717,202,1.3333,131.12,328.4717,-1.8059,0,0
718,202,1.3333,131.12,328.4717,-2.1713,0,0
719,202,1.3333,131.12,328.4717,0.5225,0,0
720,130,0.5367,1219.34,156.785,-1.7862,0,0
721,130,0.5367,1219.34,156.785,-0.6674,0,0
722,130,0.5367,1219.34,156.785,-3.09,0,0
723,130,0.5367,1219.34,156.785,-3.09,0,0
724,130,0.5367,1219.34,156.785,1.6704,0,0
725,130,0.5367,1219.34,156.785,0.6459,0,0
726,130,0.5367,1219.34,156.785,-0.1221,0,0
727,130,0.5367,1219.34,156.785,0.1147,1,1
728,130,0.5367,1219.34,156.785,-1.1403,0,0
729,130,0.5367,1219.34,156.785,-1.9207,0,0
730,130,0.5367,1219.34,156.785,-1.5794,2,1
731,130,0.5367,1219.34,156.785,-0.0426,1,1
732,139.33,0.5367,1438.68,142.0808,-1.7862,3,1
733,139.33,0.5367,1438.68,142.0808,-0.6674,0,0
734,139.33,0.5367,1438.68,142.0808,-3.09,1,1
735,139.33,0.5367,1438.68,142.0808,-3.09,7,1.29
736,139.33,0.5367,1438.68,142.0808,1.6704,0,0
737,139.33,0.5367,1438.68,142.0808,0.6459,0,0
738,139.33,0.5367,1438.68,142.0808,-0.1221,0,0
739,139.33,0.5367,1438.68,142.0808,0.1147,1,1
740,139.33,0.5367,1438.68,142.0808,-1.1403,1,1
741,139.33,0.5367,1438.68,142.0808,-1.9207,1,1
742,139.33,0.5367,1438.68,142.0808,-1.5794,1,1
743,139.33,0.5367,1438.68,142.0808,-0.0426,1,1
744,148.67,0.5367,1658.02,128.7558,-1.7862,3,1
745,148.67,0.5367,1658.02,128.7558,-0.6674,0,0
746,148.67,0.5367,1658.02,128.7558,-3.09,1,1
747,148.67,0.5367,1658.02,128.7558,-3.09,0,0
748,148.67,0.5367,1658.02,128.7558,1.6704,0,0
749,148.67,0.5367,1658.02,128.7558,0.6459,1,1
750,148.67,0.5367,1658.02,128.7558,-0.1221,0,0
751,148.67,0.5367,1658.02,128.7558,0.1147,0,0
752,148.67,0.5367,1658.02,128.7558,-1.1403,1,1
753,148.67,0.5367,1658.02,128.7558,-1.9207,1,1
754,148.67,0.5367,1658.02,128.7558,-1.5794,0,0
755,148.67,0.5367,1658.02,128.7558,-0.0426,0,0
756,158,0.5367,1877.36,116.68,-1.7862,1,1
757,158,0.5367,1877.36,116.68,-0.6674,0,0
758,158,0.5367,1877.36,116.68,-3.09,1,2
759,158,0.5367,1877.36,116.68,-3.09,0,0
760,158,0.5367,1877.36,116.68,1.6704,0,0
761,158,0.5367,1877.36,116.68,0.6459,1,1
762,158,0.5367,1877.36,116.68,-0.1221,1,1
763,158,0.5367,1877.36,116.68,0.1147,0,0
764,158,0.5367,1877.36,116.68,-1.1403,1,1
765,158,0.5367,1877.36,116.68,-1.9207,0,0
766,158,0.5367,1877.36,116.68,-1.5794,2,1
767,158,0.5367,1877.36,116.68,-0.0426,2,1
768,90,1.06,599.31,585.6983,-1.9392,1,2
769,90,1.06,599.31,585.6983,-0.2729,1,1
770,90,1.06,599.31,585.6983,0.2527,1,1
771,90,1.06,599.31,585.6983,-3.09,4,1
772,90,1.06,599.31,585.6983,1.7703,2,1.5
773,90,1.06,599.31,585.6983,0.76,4,1.5
774,90,1.06,599.31,585.6983,-0.2975,0,0
775,90,1.06,599.31,585.6983,-0.1138,0,0
776,90,1.06,599.31,585.6983,-1.6838,0,0
777,90,1.06,599.31,585.6983,-1.7624,0,0
778,90,1.06,599.31,585.6983,-1.2694,3,1
779,90,1.06,599.31,585.6983,-0.5771,3,1
780,96.67,1.06,662.02,585.6983,-1.9392,7,1
781,96.67,1.06,662.02,585.6983,-0.2729,9,1.22
782,96.67,1.06,662.02,585.6983,0.2527,23,1.04
783,96.67,1.06,662.02,585.6983,-3.09,7,1
784,96.67,1.06,662.02,585.6983,1.7703,0,0
785,96.67,1.06,662.02,585.6983,0.76,0,0
786,96.67,1.06,662.02,585.6983,-0.2975,1,1
787,96.67,1.06,662.02,585.6983,-0.1138,1,1
788,96.67,1.06,662.02,585.6983,-1.6838,1,1
789,96.67,1.06,662.02,585.6983,-1.7624,1,1
790,96.67,1.06,662.02,585.6983,-1.2694,2,1
791,96.67,1.06,662.02,585.6983,-0.5771,0,0
792,103.33,1.06,724.72,585.6983,-1.9392,1,1
793,103.33,1.06,724.72,585.6983,-0.2729,0,0
794,103.33,1.06,724.72,585.6983,0.2527,4,1.25
795,103.33,1.06,724.72,585.6983,-3.09,1,1
796,103.33,1.06,724.72,585.6983,1.7703,0,0
797,103.33,1.06,724.72,585.6983,0.76,0,0
798,103.33,1.06,724.72,585.6983,-0.2975,2,1
799,103.33,1.06,724.72,585.6983,-0.1138,0,0
800,103.33,1.06,724.72,585.6983,-1.6838,1,1
801,103.33,1.06,724.72,585.6983,-1.7624,1,1
802,103.33,1.06,724.72,585.6983,-1.2694,0,0
803,103.33,1.06,724.72,585.6983,-0.5771,3,1
804,110,1.06,787.43,585.6983,-1.9392,3,1
805,110,1.06,787.43,585.6983,-0.2729,0,0
806,110,1.06,787.43,585.6983,0.2527,4,1
807,110,1.06,787.43,585.6983,-3.09,13,1.46
808,110,1.06,787.43,585.6983,1.7703,0,0
809,110,1.06,787.43,585.6983,0.76,2,1
810,110,1.06,787.43,585.6983,-0.2975,0,0
811,110,1.06,787.43,585.6983,-0.1138,1,1
812,110,1.06,787.43,585.6983,-1.6838,0,0
813,110,1.06,787.43,585.6983,-1.7624,0,0
814,110,1.06,787.43,585.6983,-1.2694,1,1
815,110,1.06,787.43,585.6983,-0.5771,2,1
816,70.5,0.8333,157.41,423.0717,-1.1731,0,0
817,70.5,0.8333,157.41,423.0717,0.1529,2,1
818,70.5,0.8333,157.41,423.0717,0.2195,3,1
819,70.5,0.8333,157.41,423.0717,-1.3834,2,1
820,70.5,0.8333,157.41,423.0717,1.5781,0,0
821,70.5,0.8333,157.41,423.0717,0.6955,1,1
822,70.5,0.8333,157.41,423.0717,0.0167,1,1
823,70.5,0.8333,157.41,423.0717,0.2323,4,1.25
824,70.5,0.8333,157.41,423.0717,-1.8363,1,2
825,70.5,0.8333,157.41,423.0717,-1.9005,3,1
826,70.5,0.8333,157.41,423.0717,-0.9789,3,1
827,70.5,0.8333,157.41,423.0717,-0.8155,2,1
828,74.67,0.8333,163.55,423.0717,-1.1731,10,1
829,74.67,0.8333,163.55,423.0717,0.1529,4,1.25
830,74.67,0.8333,163.55,423.0717,0.2195,18,1
831,74.67,0.8333,163.55,423.0717,-1.3834,6,1
832,74.67,0.8333,163.55,423.0717,1.5781,4,1.25
833,74.67,0.8333,163.55,423.0717,0.6955,2,1
834,74.67,0.8333,163.55,423.0717,0.0167,2,1.5
835,74.67,0.8333,163.55,423.0717,0.2323,4,1
836,74.67,0.8333,163.55,423.0717,-1.8363,3,1
837,74.67,0.8333,163.55,423.0717,-1.9005,0,0
838,74.67,0.8333,163.55,423.0717,-0.9789,0,0
839,74.67,0.8333,163.55,423.0717,-0.8155,3,1.33
840,78.83,0.8333,169.7,423.0717,-1.1731,5,1
841,78.83,0.8333,169.7,423.0717,0.1529,2,1
842,78.83,0.8333,169.7,423.0717,0.2195,13,1
843,78.83,0.8333,169.7,423.0717,-1.3834,7,1.14
844,78.83,0.8333,169.7,423.0717,1.5781,4,1.25
845,78.83,0.8333,169.7,423.0717,0.6955,5,1
846,78.83,0.8333,169.7,423.0717,0.0167,6,1
847,78.83,0.8333,169.7,423.0717,0.2323,14,1
848,78.83,0.8333,169.7,423.0717,-1.8363,0,0
849,78.83,0.8333,169.7,423.0717,-1.9005,3,1
850,78.83,0.8333,169.7,423.0717,-0.9789,3,1.33
851,78.83,0.8333,169.7,423.0717,-0.8155,2,1.5
852,83,0.8333,175.84,423.0717,-1.1731,2,1
853,83,0.8333,175.84,423.0717,0.1529,2,1
854,83,0.8333,175.84,423.0717,0.2195,7,1
855,83,0.8333,175.84,423.0717,-1.3834,9,1.33
856,83,0.8333,175.84,423.0717,1.5781,8,1.25
857,83,0.8333,175.84,423.0717,0.6955,11,1
858,83,0.8333,175.84,423.0717,0.0167,4,1
859,83,0.8333,175.84,423.0717,0.2323,6,1
860,83,0.8333,175.84,423.0717,-1.8363,6,1
861,83,0.8333,175.84,423.0717,-1.9005,1,1
862,83,0.8333,175.84,423.0717,-0.9789,4,1
863,83,0.8333,175.84,423.0717,-0.8155,4,1
864,106.5,0.9167,1116.67,1087.6667,-1.2143,5,1
865,106.5,0.9167,1116.67,1087.6667,-0.6229,8,1
866,106.5,0.9167,1116.67,1087.6667,-1.1741,4,1
867,106.5,0.9167,1116.67,1087.6667,-1.6561,4,1.5
868,106.5,0.9167,1116.67,1087.6667,1.2726,2,1.5
869,106.5,0.9167,1116.67,1087.6667,0.8483,3,1
870,106.5,0.9167,1116.67,1087.6667,0.3714,5,1
871,106.5,0.9167,1116.67,1087.6667,-0.7033,4,1
872,106.5,0.9167,1116.67,1087.6667,-1.5357,8,1
873,106.5,0.9167,1116.67,1087.6667,-2.092,4,1
874,106.5,0.9167,1116.67,1087.6667,-1.6112,1,1
875,106.5,0.9167,1116.67,1087.6667,0.4481,4,1.25
876,113.67,0.9167,1433.34,1087.6667,-1.2143,7,1
877,113.67,0.9167,1433.34,1087.6667,-0.6229,13,1
878,113.67,0.9167,1433.34,1087.6667,-1.1741,10,1
879,113.67,0.9167,1433.34,1087.6667,-1.6561,7,1.14
880,113.67,0.9167,1433.34,1087.6667,1.2726,3,1
881,113.67,0.9167,1433.34,1087.6667,0.8483,6,1
882,113.67,0.9167,1433.34,1087.6667,0.3714,5,1.2
883,113.67,0.9167,1433.34,1087.6667,-0.7033,1,1
884,113.67,0.9167,1433.34,1087.6667,-1.5357,8,1
885,113.67,0.9167,1433.34,1087.6667,-2.092,3,1
886,113.67,0.9167,1433.34,1087.6667,-1.6112,2,1
887,113.67,0.9167,1433.34,1087.6667,0.4481,3,1
888,120.83,0.9167,1750.01,1087.6667,-1.2143,15,1
889,120.83,0.9167,1750.01,1087.6667,-0.6229,4,1
890,120.83,0.9167,1750.01,1087.6667,-1.1741,7,1
891,120.83,0.9167,1750.01,1087.6667,-1.6561,18,1
892,120.83,0.9167,1750.01,1087.6667,1.2726,14,1.07
893,120.83,0.9167,1750.01,1087.6667,0.8483,6,1
894,120.83,0.9167,1750.01,1087.6667,0.3714,11,1.09
895,120.83,0.9167,1750.01,1087.6667,-0.7033,3,1
896,120.83,0.9167,1750.01,1087.6667,-1.5357,6,1.17
897,120.83,0.9167,1750.01,1087.6667,-2.092,6,1
898,120.83,0.9167,1750.01,1087.6667,-1.6112,2,1
899,120.83,0.9167,1750.01,1087.6667,0.4481,7,1
900,128,0.9167,2066.68,1087.6667,-1.2143,2,1.5
901,128,0.9167,2066.68,1087.6667,-0.6229,5,1
902,128,0.9167,2066.68,1087.6667,-1.1741,13,1.08
903,128,0.9167,2066.68,1087.6667,-1.6561,4,1
904,128,0.9167,2066.68,1087.6667,1.2726,10,1.2
905,128,0.9167,2066.68,1087.6667,0.8483,11,1
906,128,0.9167,2066.68,1087.6667,0.3714,15,1
907,128,0.9167,2066.68,1087.6667,-0.7033,11,1
908,128,0.9167,2066.68,1087.6667,-1.5357,12,1
909,128,0.9167,2066.68,1087.6667,-2.092,4,1
910,128,0.9167,2066.68,1087.6667,-1.6112,8,1
911,128,0.9167,2066.68,1087.6667,0.4481,8,1.12
912,90,0.9167,522.84,459.7483,-3.09,1,2
913,90,0.9167,522.84,459.7483,-0.1497,1,1
914,90,0.9167,522.84,459.7483,0.3697,0,0
915,90,0.9167,522.84,459.7483,-1.6272,1,1
916,90,0.9167,522.84,459.7483,1.6302,3,2
917,90,0.9167,522.84,459.7483,0.6081,0,0
918,90,0.9167,522.84,459.7483,-0.2196,0,0
919,90,0.9167,522.84,459.7483,0.0311,1,1
920,90,0.9167,522.84,459.7483,-1.7229,0,0
921,90,0.9167,522.84,459.7483,-1.7368,1,1
922,90,0.9167,522.84,459.7483,-1.2412,1,1
923,90,0.9167,522.84,459.7483,-0.629,1,1
924,96,0.9167,576.98,459.7483,-3.09,8,1.12
925,96,0.9167,576.98,459.7483,-0.1497,1,1
926,96,0.9167,576.98,459.7483,0.3697,5,1
927,96,0.9167,576.98,459.7483,-1.6272,2,1
928,96,0.9167,576.98,459.7483,1.6302,1,2
929,96,0.9167,576.98,459.7483,0.6081,0,0
930,96,0.9167,576.98,459.7483,-0.2196,0,0
931,96,0.9167,576.98,459.7483,0.0311,1,1
932,96,0.9167,576.98,459.7483,-1.7229,0,0
933,96,0.9167,576.98,459.7483,-1.7368,0,0
934,96,0.9167,576.98,459.7483,-1.2412,0,0
935,96,0.9167,576.98,459.7483,-0.629,0,0
936,102,0.9167,631.11,459.7483,-3.09,2,1
937,102,0.9167,631.11,459.7483,-0.1497,2,1.5
938,102,0.9167,631.11,459.7483,0.3697,3,1
939,102,0.9167,631.11,459.7483,-1.6272,4,1.25
940,102,0.9167,631.11,459.7483,1.6302,1,1
941,102,0.9167,631.11,459.7483,0.6081,2,1
942,102,0.9167,631.11,459.7483,-0.2196,1,1
943,102,0.9167,631.11,459.7483,0.0311,1,1
944,102,0.9167,631.11,459.7483,-1.7229,0,0
945,102,0.9167,631.11,459.7483,-1.7368,0,0
946,102,0.9167,631.11,459.7483,-1.2412,1,1
947,102,0.9167,631.11,459.7483,-0.629,0,0
948,108,0.9167,685.24,459.7483,-3.09,1,1
949,108,0.9167,685.24,459.7483,-0.1497,0,0
950,108,0.9167,685.24,459.7483,0.3697,0,0
951,108,0.9167,685.24,459.7483,-1.6272,3,1
952,108,0.9167,685.24,459.7483,1.6302,1,1
953,108,0.9167,685.24,459.7483,0.6081,1,2
954,108,0.9167,685.24,459.7483,-0.2196,0,0
955,108,0.9167,685.24,459.7483,0.0311,1,1
956,108,0.9167,685.24,459.7483,-1.7229,1,1
957,108,0.9167,685.24,459.7483,-1.7368,0,0
958,108,0.9167,685.24,459.7483,-1.2412,1,1
959,108,0.9167,685.24,459.7483,-0.629,1,1
960,86.5,1.0308,499.6,683.1633,-1.4136,1,2
961,86.5,1.0308,499.6,683.1633,-0.2924,1,1
962,86.5,1.0308,499.6,683.1633,-3.09,4,1
963,86.5,1.0308,499.6,683.1633,-3.09,3,1.33
964,86.5,1.0308,499.6,683.1633,1.9176,3,1.33
965,86.5,1.0308,499.6,683.1633,0.9227,1,1
966,86.5,1.0308,499.6,683.1633,0.0133,0,0
967,86.5,1.0308,499.6,683.1633,0.0697,1,1
968,86.5,1.0308,499.6,683.1633,-1.1695,1,2
969,86.5,1.0308,499.6,683.1633,-1.9024,8,1
970,86.5,1.0308,499.6,683.1633,-1.3117,2,1
971,86.5,1.0308,499.6,683.1633,-0.5994,2,1
972,92.33,1.0317,549.2,683.1633,-1.4136,13,1
973,92.33,1.0317,549.2,683.1633,-0.2924,7,1
974,92.33,1.0317,549.2,683.1633,-3.09,15,1
975,92.33,1.0317,549.2,683.1633,-3.09,3,1
976,92.33,1.0317,549.2,683.1633,1.9176,3,1
977,92.33,1.0317,549.2,683.1633,0.9227,3,1
978,92.33,1.0317,549.2,683.1633,0.0133,2,1.5
979,92.33,1.0317,549.2,683.1633,0.0697,1,1
980,92.33,1.0317,549.2,683.1633,-1.1695,10,1
981,92.33,1.0317,549.2,683.1633,-1.9024,1,1
982,92.33,1.0317,549.2,683.1633,-1.3117,5,1
983,92.33,1.0317,549.2,683.1633,-0.5994,2,1
984,98.17,1.0308,598.8,683.1633,-1.4136,19,1
985,98.17,1.0308,598.8,683.1633,-0.2924,6,1
986,98.17,1.0308,598.8,683.1633,-3.09,6,1
987,98.17,1.0308,598.8,683.1633,-3.09,17,1.06
988,98.17,1.0308,598.8,683.1633,1.9176,9,1
989,98.17,1.0308,598.8,683.1633,0.9227,4,1
990,98.17,1.0308,598.8,683.1633,0.0133,5,1.2
991,98.17,1.0308,598.8,683.1633,0.0697,2,1
992,98.17,1.0308,598.8,683.1633,-1.1695,3,1
993,98.17,1.0308,598.8,683.1633,-1.9024,3,1
994,98.17,1.0308,598.8,683.1633,-1.3117,1,1
995,98.17,1.0308,598.8,683.1633,-0.5994,1,1
996,104,1.0317,648.4,683.1633,-1.4136,7,1.14
997,104,1.0317,648.4,683.1633,-0.2924,6,1.33
998,104,1.0317,648.4,683.1633,-3.09,3,1
999,104,1.0317,648.4,683.1633,-3.09,5,1
1000,104,1.0317,648.4,683.1633,1.9176,2,1
1001,104,1.0317,648.4,683.1633,0.9227,8,1
1002,104,1.0317,648.4,683.1633,0.0133,11,1
1003,104,1.0317,648.4,683.1633,0.0697,5,1
1004,104,1.0317,648.4,683.1633,-1.1695,5,1
1005,104,1.0317,648.4,683.1633,-1.9024,5,1
1006,104,1.0317,648.4,683.1633,-1.3117,5,1
1007,104,1.0317,648.4,683.1633,-0.5994,6,1
1008,97,0.5,597.06,286.0833,-3.09,0,0
1009,97,0.5,597.06,286.0833,0.416,1,1
1010,97,0.5,597.06,286.0833,-0.2112,0,0
1011,97,0.5,597.06,286.0833,-1.0642,1,2
1012,97,0.5,597.06,286.0833,0.81,1,2
1013,97,0.5,597.06,286.0833,0.1193,0,0
1014,97,0.5,597.06,286.0833,0.411,1,1
1015,97,0.5,597.06,286.0833,-0.9236,1,1
1016,97,0.5,597.06,286.0833,-1.9584,1,1
1017,97,0.5,597.06,286.0833,-1.7687,1,1
1018,97,0.5,597.06,286.0833,-2.0516,0,0
1019,97,0.5,597.06,286.0833,-0.0829,6,1
1020,103.67,0.5,592.85,286.0833,-3.09,7,1
1021,103.67,0.5,592.85,286.0833,0.416,1,1
1022,103.67,0.5,592.85,286.0833,-0.2112,3,1
1023,103.67,0.5,592.85,286.0833,-1.0642,1,1
1024,103.67,0.5,592.85,286.0833,0.81,0,0
1025,103.67,0.5,592.85,286.0833,0.1193,5,1.4
1026,103.67,0.5,592.85,286.0833,0.411,1,1
1027,103.67,0.5,592.85,286.0833,-0.9236,2,1
1028,103.67,0.5,592.85,286.0833,-1.9584,0,0
1029,103.67,0.5,592.85,286.0833,-1.7687,0,0
1030,103.67,0.5,592.85,286.0833,-2.0516,4,1
1031,103.67,0.5,592.85,286.0833,-0.0829,0,0
1032,110.33,0.5,631.79,286.0833,-3.09,1,1
1033,110.33,0.5,631.79,286.0833,0.416,0,0
1034,110.33,0.5,631.79,286.0833,-0.2112,3,1.33
1035,110.33,0.5,631.79,286.0833,-1.0642,4,1.75
1036,110.33,0.5,631.79,286.0833,0.81,2,1.5
1037,110.33,0.5,631.79,286.0833,0.1193,1,1
1038,110.33,0.5,631.79,286.0833,0.411,0,0
1039,110.33,0.5,631.79,286.0833,-0.9236,0,0
1040,110.33,0.5,631.79,286.0833,-1.9584,0,0
1041,110.33,0.5,631.79,286.0833,-1.7687,0,0
1042,110.33,0.5,631.79,286.0833,-2.0516,1,1
1043,110.33,0.5,631.79,286.0833,-0.0829,0,0
1044,117,0.5,644,286.0833,-3.09,1,1
1045,117,0.5,644,286.0833,0.416,0,0
1046,117,0.5,644,286.0833,-0.2112,0,0
1047,117,0.5,644,286.0833,-1.0642,3,1.33
1048,117,0.5,644,286.0833,0.81,1,1
1049,117,0.5,644,286.0833,0.1193,4,1.75
1050,117,0.5,644,286.0833,0.411,0,0
1051,117,0.5,644,286.0833,-0.9236,0,0
1052,117,0.5,644,286.0833,-1.9584,1,1
1053,117,0.5,644,286.0833,-1.7687,0,0
1054,117,0.5,644,286.0833,-2.0516,1,1
1055,117,0.5,644,286.0833,-0.0829,3,1
1056,177,1,392.96,644.6667,-0.4823,0,0
1057,177,1,392.96,644.6667,-0.2533,0,0
1058,177,1,392.96,644.6667,-0.6615,0,0
1059,177,1,392.96,644.6667,-1.9783,0,0
1060,177,1,392.96,644.6667,1.3938,0,0
1061,177,1,392.96,644.6667,1.2808,0,0
1062,177,1,392.96,644.6667,-0.5974,0,0
1063,177,1,392.96,644.6667,-1.8986,0,0
1064,177,1,392.96,644.6667,-0.1244,1,1
1065,177,1,392.96,644.6667,-1.9561,0,0
1066,177,1,392.96,644.6667,-3.09,0,0
1067,177,1,392.96,644.6667,1.0193,1,1
1068,191,1,433.42,644.6667,-0.4823,1,1
1069,191,1,433.42,644.6667,-0.2533,0,0
1070,191,1,433.42,644.6667,-0.6615,0,0
1071,191,1,433.42,644.6667,-1.9783,2,1
1072,191,1,433.42,644.6667,1.3938,0,0
1073,191,1,433.42,644.6667,1.2808,0,0
1074,191,1,433.42,644.6667,-0.5974,0,0
1075,191,1,433.42,644.6667,-1.8986,0,0
1076,191,1,433.42,644.6667,-0.1244,2,1
1077,191,1,433.42,644.6667,-1.9561,0,0
1078,191,1,433.42,644.6667,-3.09,0,0
1079,191,1,433.42,644.6667,1.0193,0,0
1080,205,1,473.88,644.6667,-0.4823,1,1
1081,205,1,473.88,644.6667,-0.2533,1,1
1082,205,1,473.88,644.6667,-0.6615,2,1.5
1083,205,1,473.88,644.6667,-1.9783,0,0
1084,205,1,473.88,644.6667,1.3938,1,1
1085,205,1,473.88,644.6667,1.2808,1,1
1086,205,1,473.88,644.6667,-0.5974,0,0
1087,205,1,473.88,644.6667,-1.8986,0,0
1088,205,1,473.88,644.6667,-0.1244,0,0
1089,205,1,473.88,644.6667,-1.9561,0,0
1090,205,1,473.88,644.6667,-3.09,0,0
1091,205,1,473.88,644.6667,1.0193,0,0
1092,219,1,514.34,644.6667,-0.4823,0,0
1093,219,1,514.34,644.6667,-0.2533,2,1.5
1094,219,1,514.34,644.6667,-0.6615,2,1
1095,219,1,514.34,644.6667,-1.9783,2,1.5
1096,219,1,514.34,644.6667,1.3938,4,1.75
1097,219,1,514.34,644.6667,1.2808,0,0
1098,219,1,514.34,644.6667,-0.5974,6,1
1099,219,1,514.34,644.6667,-1.8986,0,0
1100,219,1,514.34,644.6667,-0.1244,0,0
1101,219,1,514.34,644.6667,-1.9561,0,0
1102,219,1,514.34,644.6667,-3.09,1,1
1103,219,1,514.34,644.6667,1.0193,1,2
1104,66,0.685,143.44,647.3333,-1.3993,0,0
1105,66,0.685,143.44,647.3333,0.3615,1,1
1106,66,0.685,143.44,647.3333,-1.8274,1,1
1107,66,0.685,143.44,647.3333,-3.09,4,1.25
1108,66,0.685,143.44,647.3333,1.957,1,1
1109,66,0.685,143.44,647.3333,1.1899,0,0
1110,66,0.685,143.44,647.3333,-0.1201,0,0
1111,66,0.685,143.44,647.3333,0.2326,1,1
1112,66,0.685,143.44,647.3333,-1.0109,0,0
1113,66,0.685,143.44,647.3333,-2.1496,1,1
1114,66,0.685,143.44,647.3333,-1.3474,0,0
1115,66,0.685,143.44,647.3333,-0.6739,3,1
1116,70.67,0.685,147.16,647.3333,-1.3993,10,1
1117,70.67,0.685,147.16,647.3333,0.3615,3,1
1118,70.67,0.685,147.16,647.3333,-1.8274,4,1
1119,70.67,0.685,147.16,647.3333,-3.09,3,1
1120,70.67,0.685,147.16,647.3333,1.957,0,0
1121,70.67,0.685,147.16,647.3333,1.1899,1,2
1122,70.67,0.685,147.16,647.3333,-0.1201,0,0
1123,70.67,0.685,147.16,647.3333,0.2326,1,1
1124,70.67,0.685,147.16,647.3333,-1.0109,1,1
1125,70.67,0.685,147.16,647.3333,-2.1496,0,0
1126,70.67,0.685,147.16,647.3333,-1.3474,2,1
1127,70.67,0.685,147.16,647.3333,-0.6739,1,1
1128,75.33,0.685,150.87,647.3333,-1.3993,2,1
1129,75.33,0.685,150.87,647.3333,0.3615,2,1
1130,75.33,0.685,150.87,647.3333,-1.8274,5,1
1131,75.33,0.685,150.87,647.3333,-3.09,8,1
1132,75.33,0.685,150.87,647.3333,1.957,0,0
1133,75.33,0.685,150.87,647.3333,1.1899,0,0
1134,75.33,0.685,150.87,647.3333,-0.1201,0,0
1135,75.33,0.685,150.87,647.3333,0.2326,1,1
1136,75.33,0.685,150.87,647.3333,-1.0109,0,0
1137,75.33,0.685,150.87,647.3333,-2.1496,0,0
1138,75.33,0.685,150.87,647.3333,-1.3474,1,1
1139,75.33,0.685,150.87,647.3333,-0.6739,15,1
1140,80,0.685,154.59,647.3333,-1.3993,6,1
1141,80,0.685,154.59,647.3333,0.3615,0,0
1142,80,0.685,154.59,647.3333,-1.8274,0,0
1143,80,0.685,154.59,647.3333,-3.09,2,1.5
1144,80,0.685,154.59,647.3333,1.957,4,1
1145,80,0.685,154.59,647.3333,1.1899,9,1
1146,80,0.685,154.59,647.3333,-0.1201,3,1
1147,80,0.685,154.59,647.3333,0.2326,3,1
1148,80,0.685,154.59,647.3333,-1.0109,0,0
1149,80,0.685,154.59,647.3333,-2.1496,1,1
1150,80,0.685,154.59,647.3333,-1.3474,2,1
1151,80,0.685,154.59,647.3333,-0.6739,1,1
1152,105.5,0.75,383.33,414.8533,-1.3912,1,2
1153,105.5,0.75,383.33,414.8533,0.7065,1,1
1154,105.5,0.75,383.33,414.8533,-0.0022,0,0
1155,105.5,0.75,383.33,414.8533,-1.492,2,1
1156,105.5,0.75,383.33,414.8533,1.6317,5,1.6
1157,105.5,0.75,383.33,414.8533,0.6146,1,1
1158,105.5,0.75,383.33,414.8533,-1.2134,1,1
1159,105.5,0.75,383.33,414.8533,-1.3126,2,1
1160,105.5,0.75,383.33,414.8533,-1.7456,0,0
1161,105.5,0.75,383.33,414.8533,-2.1068,3,1
1162,105.5,0.75,383.33,414.8533,-0.9487,4,1
1163,105.5,0.75,383.33,414.8533,-0.972,1,1
1164,112,0.75,383.33,414.8533,-1.3912,6,1
1165,112,0.75,383.33,414.8533,0.7065,1,1
1166,112,0.75,383.33,414.8533,-0.0022,6,1
1167,112,0.75,383.33,414.8533,-1.492,5,1
1168,112,0.75,383.33,414.8533,1.6317,2,1
1169,112,0.75,383.33,414.8533,0.6146,1,1
1170,112,0.75,383.33,414.8533,-1.2134,0,0
1171,112,0.75,383.33,414.8533,-1.3126,0,0
1172,112,0.75,383.33,414.8533,-1.7456,5,1
1173,112,0.75,383.33,414.8533,-2.1068,2,1.5
1174,112,0.75,383.33,414.8533,-0.9487,1,1
1175,112,0.75,383.33,414.8533,-0.972,1,1
1176,118.5,0.75,383.33,414.8533,-1.3912,2,1
1177,118.5,0.75,383.33,414.8533,0.7065,6,1.17
1178,118.5,0.75,383.33,414.8533,-0.0022,11,1.09
1179,118.5,0.75,383.33,414.8533,-1.492,18,1.11
1180,118.5,0.75,383.33,414.8533,1.6317,7,1.29
1181,118.5,0.75,383.33,414.8533,0.6146,5,1
1182,118.5,0.75,383.33,414.8533,-1.2134,7,1
1183,118.5,0.75,383.33,414.8533,-1.3126,4,1
1184,118.5,0.75,383.33,414.8533,-1.7456,10,1
1185,118.5,0.75,383.33,414.8533,-2.1068,6,1
1186,118.5,0.75,383.33,414.8533,-0.9487,2,1
1187,118.5,0.75,383.33,414.8533,-0.972,5,1
1188,125,0.75,383.33,414.8533,-1.3912,11,1
1189,125,0.75,383.33,414.8533,0.7065,5,1
1190,125,0.75,383.33,414.8533,-0.0022,0,0
1191,125,0.75,383.33,414.8533,-1.492,6,1.17
1192,125,0.75,383.33,414.8533,1.6317,5,1
1193,125,0.75,383.33,414.8533,0.6146,6,1
1194,125,0.75,383.33,414.8533,-1.2134,0,0
1195,125,0.75,383.33,414.8533,-1.3126,5,1
1196,125,0.75,383.33,414.8533,-1.7456,7,1
1197,125,0.75,383.33,414.8533,-2.1068,0,0
1198,125,0.75,383.33,414.8533,-0.9487,2,1
1199,125,0.75,383.33,414.8533,-0.972,3,1.33
1200,121.5,0.8333,300,820,-3.09,5,1
1201,121.5,0.8333,300,820,-0.1845,3,1
1202,121.5,0.8333,300,820,0.0394,2,1
1203,121.5,0.8333,300,820,-3.09,2,1
1204,121.5,0.8333,300,820,1.5163,0,0
1205,121.5,0.8333,300,820,0.4786,2,1
1206,121.5,0.8333,300,820,0.1045,6,1.33
1207,121.5,0.8333,300,820,-0.3347,6,1
1208,121.5,0.8333,300,820,-1.6617,2,1
1209,121.5,0.8333,300,820,-1.6087,5,1
1210,121.5,0.8333,300,820,-1.4712,2,1
1211,121.5,0.8333,300,820,-0.1363,7,1
1212,129.67,0.8333,300,820,-3.09,36,1
1213,129.67,0.8333,300,820,-0.1845,6,1.17
1214,129.67,0.8333,300,820,0.0394,20,1
1215,129.67,0.8333,300,820,-3.09,15,1
1216,129.67,0.8333,300,820,1.5163,3,1
1217,129.67,0.8333,300,820,0.4786,3,1
1218,129.67,0.8333,300,820,0.1045,2,1.5
1219,129.67,0.8333,300,820,-0.3347,3,1
1220,129.67,0.8333,300,820,-1.6617,8,1
1221,129.67,0.8333,300,820,-1.6087,1,1
1222,129.67,0.8333,300,820,-1.4712,2,1
1223,129.67,0.8333,300,820,-0.1363,4,1
1224,137.83,0.8333,300,820,-3.09,12,1
1225,137.83,0.8333,300,820,-0.1845,4,1
1226,137.83,0.8333,300,820,0.0394,6,1
1227,137.83,0.8333,300,820,-3.09,18,1
1228,137.83,0.8333,300,820,1.5163,10,1.1
1229,137.83,0.8333,300,820,0.4786,5,1
1230,137.83,0.8333,300,820,0.1045,5,1
1231,137.83,0.8333,300,820,-0.3347,3,1
1232,137.83,0.8333,300,820,-1.6617,4,1
1233,137.83,0.8333,300,820,-1.6087,3,1
1234,137.83,0.8333,300,820,-1.4712,1,1
1235,137.83,0.8333,300,820,-0.1363,1,1
1236,146,0.8333,300,820,-3.09,6,1
1237,146,0.8333,300,820,-0.1845,2,1
1238,146,0.8333,300,820,0.0394,5,1
1239,146,0.8333,300,820,-3.09,2,1.5
1240,146,0.8333,300,820,1.5163,5,1
1241,146,0.8333,300,820,0.4786,11,1.18
1242,146,0.8333,300,820,0.1045,12,1
1243,146,0.8333,300,820,-0.3347,11,1
1244,146,0.8333,300,820,-1.6617,3,1
1245,146,0.8333,300,820,-1.6087,2,1
1246,146,0.8333,300,820,-1.4712,6,1
1247,146,0.8333,300,820,-0.1363,9,1
1248,108,1.2717,556.25,710.2008,-1.4222,4,1
1249,108,1.2717,556.25,710.2008,0.3618,1,1
1250,108,1.2717,556.25,710.2008,-0.2499,2,1
1251,108,1.2717,556.25,710.2008,-1.0806,4,1
1252,108,1.2717,556.25,710.2008,1.516,3,1.67
1253,108,1.2717,556.25,710.2008,0.5326,2,1
1254,108,1.2717,556.25,710.2008,-0.8359,1,1
1255,108,1.2717,556.25,710.2008,-1.5767,6,1
1256,108,1.2717,556.25,710.2008,-1.8412,2,1
1257,108,1.2717,556.25,710.2008,-1.8381,1,1
1258,108,1.2717,556.25,710.2008,-1.3394,2,1
1259,108,1.2717,556.25,710.2008,-1.0638,1,1
1260,115.33,1.2717,556.25,710.2008,-1.4222,12,1
1261,115.33,1.2717,556.25,710.2008,0.3618,4,1.25
1262,115.33,1.2717,556.25,710.2008,-0.2499,18,1
1263,115.33,1.2717,556.25,710.2008,-1.0806,2,1
1264,115.33,1.2717,556.25,710.2008,1.516,2,1
1265,115.33,1.2717,556.25,710.2008,0.5326,5,1
1266,115.33,1.2717,556.25,710.2008,-0.8359,3,1
1267,115.33,1.2717,556.25,710.2008,-1.5767,5,1
1268,115.33,1.2717,556.25,710.2008,-1.8412,12,1
1269,115.33,1.2717,556.25,710.2008,-1.8381,4,1
1270,115.33,1.2717,556.25,710.2008,-1.3394,4,1
1271,115.33,1.2717,556.25,710.2008,-1.0638,2,1
1272,122.67,1.2717,556.25,710.2008,-1.4222,12,1
1273,122.67,1.2717,556.25,710.2008,0.3618,2,1
1274,122.67,1.2717,556.25,710.2008,-0.2499,19,1
1275,122.67,1.2717,556.25,710.2008,-1.0806,8,1.12
1276,122.67,1.2717,556.25,710.2008,1.516,13,1.23
1277,122.67,1.2717,556.25,710.2008,0.5326,5,1
1278,122.67,1.2717,556.25,710.2008,-0.8359,3,1.33
1279,122.67,1.2717,556.25,710.2008,-1.5767,3,1
1280,122.67,1.2717,556.25,710.2008,-1.8412,6,1.17
1281,122.67,1.2717,556.25,710.2008,-1.8381,3,1.33
1282,122.67,1.2717,556.25,710.2008,-1.3394,1,1
1283,122.67,1.2717,556.25,710.2008,-1.0638,4,1
1284,130,1.2717,556.25,710.2008,-1.4222,9,1.11
1285,130,1.2717,556.25,710.2008,0.3618,7,1
1286,130,1.2717,556.25,710.2008,-0.2499,7,1.43
1287,130,1.2717,556.25,710.2008,-1.0806,3,1.67
1288,130,1.2717,556.25,710.2008,1.516,2,1
1289,130,1.2717,556.25,710.2008,0.5326,4,1
1290,130,1.2717,556.25,710.2008,-0.8359,1,1
1291,130,1.2717,556.25,710.2008,-1.5767,8,1.12
1292,130,1.2717,556.25,710.2008,-1.8412,4,1
1293,130,1.2717,556.25,710.2008,-1.8381,2,1
1294,130,1.2717,556.25,710.2008,-1.3394,2,1
1295,130,1.2717,556.25,710.2008,-1.0638,4,1
1296,133,0.7942,83.46,640.905,-3.09,0,0
1297,133,0.7942,83.46,640.905,0.6802,7,1
1298,133,0.7942,83.46,640.905,-1.0803,2,1
1299,133,0.7942,83.46,640.905,-1.3148,2,1
1300,133,0.7942,83.46,640.905,0.6257,1,1
1301,133,0.7942,83.46,640.905,-0.7122,3,1
1302,133,0.7942,83.46,640.905,0.3268,1,1
1303,133,0.7942,83.46,640.905,-1.0172,2,1
1304,133,0.7942,83.46,640.905,-1.8336,1,2
1305,133,0.7942,83.46,640.905,-1.636,0,0
1306,133,0.7942,83.46,640.905,-1.9102,1,1
1307,133,0.7942,83.46,640.905,0.4169,0,0
1308,133,0.7942,86.47,640.905,-3.09,7,1
1309,133,0.7942,86.47,640.905,0.6802,5,1
1310,133,0.7942,86.47,640.905,-1.0803,6,1
1311,133,0.7942,86.47,640.905,-1.3148,4,1.25
1312,133,0.7942,86.47,640.905,0.6257,3,1
1313,133,0.7942,86.47,640.905,-0.7122,3,1
1314,133,0.7942,86.47,640.905,0.3268,3,1
1315,133,0.7942,86.47,640.905,-1.0172,5,1
1316,133,0.7942,86.47,640.905,-1.8336,0,0
1317,133,0.7942,86.47,640.905,-1.636,0,0
1318,133,0.7942,86.47,640.905,-1.9102,3,1
1319,133,0.7942,86.47,640.905,0.4169,1,1
1320,133,0.7942,89.49,640.905,-3.09,0,0
1321,133,0.7942,89.49,640.905,0.6802,2,1
1322,133,0.7942,89.49,640.905,-1.0803,6,1
1323,133,0.7942,89.49,640.905,-1.3148,9,1
1324,133,0.7942,89.49,640.905,0.6257,5,1
1325,133,0.7942,89.49,640.905,-0.7122,4,1
1326,133,0.7942,89.49,640.905,0.3268,6,1
1327,133,0.7942,89.49,640.905,-1.0172,0,0
1328,133,0.7942,89.49,640.905,-1.8336,3,1
1329,133,0.7942,89.49,640.905,-1.636,0,0
1330,133,0.7942,89.49,640.905,-1.9102,0,0
1331,133,0.7942,89.49,640.905,0.4169,1,1
1332,133,0.7942,92.51,640.905,-3.09,2,1
1333,133,0.7942,92.51,640.905,0.6802,2,1.5
1334,133,0.7942,92.51,640.905,-1.0803,7,1.29
1335,133,0.7942,92.51,640.905,-1.3148,5,1.4
1336,133,0.7942,92.51,640.905,0.6257,1,2
1337,133,0.7942,92.51,640.905,-0.7122,0,0
1338,133,0.7942,92.51,640.905,0.3268,0,0
1339,133,0.7942,92.51,640.905,-1.0172,4,1.25
1340,133,0.7942,92.51,640.905,-1.8336,2,1
1341,133,0.7942,92.51,640.905,-1.636,0,0
1342,133,0.7942,92.51,640.905,-1.9102,2,1
1343,133,0.7942,92.51,640.905,0.4169,7,1
1344,68,0.5833,441.17,585.4233,-1.0691,2,1
1345,68,0.5833,441.17,585.4233,-0.9111,2,1.5
1346,68,0.5833,441.17,585.4233,-0.5966,1,1
1347,68,0.5833,441.17,585.4233,-2.4156,2,1
1348,68,0.5833,441.17,585.4233,1.6441,0,0
1349,68,0.5833,441.17,585.4233,1.1326,3,1
1350,68,0.5833,441.17,585.4233,-0.4802,3,1
1351,68,0.5833,441.17,585.4233,-0.9905,2,1
1352,68,0.5833,441.17,585.4233,-0.5997,0,0
1353,68,0.5833,441.17,585.4233,-2.1002,2,1
1354,68,0.5833,441.17,585.4233,-1.6358,2,1
1355,68,0.5833,441.17,585.4233,0.6547,1,2
1356,72.67,0.5833,548.11,585.4233,-1.0691,6,1
1357,72.67,0.5833,548.11,585.4233,-0.9111,5,1
1358,72.67,0.5833,548.11,585.4233,-0.5966,7,1
1359,72.67,0.5833,548.11,585.4233,-2.4156,7,1
1360,72.67,0.5833,548.11,585.4233,1.6441,4,1
1361,72.67,0.5833,548.11,585.4233,1.1326,2,1
1362,72.67,0.5833,548.11,585.4233,-0.4802,0,0
1363,72.67,0.5833,548.11,585.4233,-0.9905,0,0
1364,72.67,0.5833,548.11,585.4233,-0.5997,0,0
1365,72.67,0.5833,548.11,585.4233,-2.1002,0,0
1366,72.67,0.5833,548.11,585.4233,-1.6358,0,0
1367,72.67,0.5833,548.11,585.4233,0.6547,0,0
1368,77.33,0.5833,562.63,585.4233,-1.0691,0,0
1369,77.33,0.5833,562.63,585.4233,-0.9111,0,0
1370,77.33,0.5833,562.63,585.4233,-0.5966,2,1.5
1371,77.33,0.5833,562.63,585.4233,-2.4156,2,1
1372,77.33,0.5833,562.63,585.4233,1.6441,2,2
1373,77.33,0.5833,562.63,585.4233,1.1326,2,1
1374,77.33,0.5833,562.63,585.4233,-0.4802,0,0
1375,77.33,0.5833,562.63,585.4233,-0.9905,0,0
1376,77.33,0.5833,562.63,585.4233,-0.5997,0,0
1377,77.33,0.5833,562.63,585.4233,-2.1002,0,0
1378,77.33,0.5833,562.63,585.4233,-1.6358,0,0
1379,77.33,0.5833,562.63,585.4233,0.6547,1,1
1380,82,0.5833,663.05,585.4233,-1.0691,0,0
1381,82,0.5833,663.05,585.4233,-0.9111,1,1
1382,82,0.5833,663.05,585.4233,-0.5966,1,1
1383,82,0.5833,663.05,585.4233,-2.4156,2,1
1384,82,0.5833,663.05,585.4233,1.6441,0,0
1385,82,0.5833,663.05,585.4233,1.1326,2,1
1386,82,0.5833,663.05,585.4233,-0.4802,4,1
1387,82,0.5833,663.05,585.4233,-0.9905,0,0
1388,82,0.5833,663.05,585.4233,-0.5997,7,1
1389,82,0.5833,663.05,585.4233,-2.1002,3,1
1390,82,0.5833,663.05,585.4233,-1.6358,2,1
1391,82,0.5833,663.05,585.4233,0.6547,2,1
1392,68.5,0.9167,375.48,730.8225,-0.6506,0,0
1393,68.5,0.9167,375.48,730.8225,-1.7629,1,1
1394,68.5,0.9167,375.48,730.8225,-0.0735,2,1.5
1395,68.5,0.9167,375.48,730.8225,-2.3206,3,1.33
1396,68.5,0.9167,375.48,730.8225,1.4486,1,1
1397,68.5,0.9167,375.48,730.8225,1.1623,0,0
1398,68.5,0.9167,375.48,730.8225,-0.3735,1,1
1399,68.5,0.9167,375.48,730.8225,-1.431,1,1
1400,68.5,0.9167,375.48,730.8225,-0.8703,2,2
1401,68.5,0.9167,375.48,730.8225,-2.1856,3,1
1402,68.5,0.9167,375.48,730.8225,-1.998,0,0
1403,68.5,0.9167,375.48,730.8225,0.8914,2,1
1404,72.67,0.9167,390.61,730.8225,-0.6506,8,1
1405,72.67,0.9167,390.61,730.8225,-1.7629,3,1
1406,72.67,0.9167,390.61,730.8225,-0.0735,6,1
1407,72.67,0.9167,390.61,730.8225,-2.3206,10,1.1
1408,72.67,0.9167,390.61,730.8225,1.4486,3,1.33
1409,72.67,0.9167,390.61,730.8225,1.1623,1,1
1410,72.67,0.9167,390.61,730.8225,-0.3735,1,1
1411,72.67,0.9167,390.61,730.8225,-1.431,1,1
1412,72.67,0.9167,390.61,730.8225,-0.8703,6,1
1413,72.67,0.9167,390.61,730.8225,-2.1856,0,0
1414,72.67,0.9167,390.61,730.8225,-1.998,1,1
1415,72.67,0.9167,390.61,730.8225,0.8914,0,0
1416,76.83,0.9167,405.73,730.8225,-0.6506,5,1
1417,76.83,0.9167,405.73,730.8225,-1.7629,2,1
1418,76.83,0.9167,405.73,730.8225,-0.0735,2,1
1419,76.83,0.9167,405.73,730.8225,-2.3206,3,1
1420,76.83,0.9167,405.73,730.8225,1.4486,1,1
1421,76.83,0.9167,405.73,730.8225,1.1623,0,0
1422,76.83,0.9167,405.73,730.8225,-0.3735,2,1
1423,76.83,0.9167,405.73,730.8225,-1.431,0,0
1424,76.83,0.9167,405.73,730.8225,-0.8703,3,1.33
1425,76.83,0.9167,405.73,730.8225,-2.1856,0,0
1426,76.83,0.9167,405.73,730.8225,-1.998,0,0
1427,76.83,0.9167,405.73,730.8225,0.8914,3,1
1428,81,0.9167,420.86,730.8225,-0.6506,15,1
1429,81,0.9167,420.86,730.8225,-1.7629,2,2
1430,81,0.9167,420.86,730.8225,-0.0735,8,1.12
1431,81,0.9167,420.86,730.8225,-2.3206,8,1.62
1432,81,0.9167,420.86,730.8225,1.4486,4,1.25
1433,81,0.9167,420.86,730.8225,1.1623,5,1
1434,81,0.9167,420.86,730.8225,-0.3735,5,1
1435,81,0.9167,420.86,730.8225,-1.431,10,1.2
1436,81,0.9167,420.86,730.8225,-0.8703,7,1
1437,81,0.9167,420.86,730.8225,-2.1856,2,1
1438,81,0.9167,420.86,730.8225,-1.998,1,1
1439,81,0.9167,420.86,730.8225,0.8914,9,1
1440,82.5,1.1667,519.98,1115,-1.0281,2,1
1441,82.5,1.1667,519.98,1115,0.1367,1,1
1442,82.5,1.1667,519.98,1115,-0.6915,0,0
1443,82.5,1.1667,519.98,1115,-3.09,0,0
1444,82.5,1.1667,519.98,1115,1.6958,0,0
1445,82.5,1.1667,519.98,1115,1.2245,1,2
1446,82.5,1.1667,519.98,1115,-0.3027,0,0
1447,82.5,1.1667,519.98,1115,-0.404,1,1
1448,82.5,1.1667,519.98,1115,-0.3768,3,1.33
1449,82.5,1.1667,519.98,1115,-1.9621,1,1
1450,82.5,1.1667,519.98,1115,-1.848,0,0
1451,82.5,1.1667,519.98,1115,0.3532,0,0
1452,88.67,1.1667,574.96,1115,-1.0281,1,1
1453,88.67,1.1667,574.96,1115,0.1367,1,1
1454,88.67,1.1667,574.96,1115,-0.6915,0,0
1455,88.67,1.1667,574.96,1115,-3.09,2,1.5
1456,88.67,1.1667,574.96,1115,1.6958,0,0
1457,88.67,1.1667,574.96,1115,1.2245,0,0
1458,88.67,1.1667,574.96,1115,-0.3027,0,0
1459,88.67,1.1667,574.96,1115,-0.404,0,0
1460,88.67,1.1667,574.96,1115,-0.3768,0,0
1461,88.67,1.1667,574.96,1115,-1.9621,0,0
1462,88.67,1.1667,574.96,1115,-1.848,0,0
1463,88.67,1.1667,574.96,1115,0.3532,0,0
1464,94.83,1.1667,629.94,1115,-1.0281,1,1
1465,94.83,1.1667,629.94,1115,0.1367,1,1
1466,94.83,1.1667,629.94,1115,-0.6915,0,0
1467,94.83,1.1667,629.94,1115,-3.09,2,1.5
1468,94.83,1.1667,629.94,1115,1.6958,3,1.33
1469,94.83,1.1667,629.94,1115,1.2245,1,1
1470,94.83,1.1667,629.94,1115,-0.3027,0,0
1471,94.83,1.1667,629.94,1115,-0.404,0,0
1472,94.83,1.1667,629.94,1115,-0.3768,1,1
1473,94.83,1.1667,629.94,1115,-1.9621,0,0
1474,94.83,1.1667,629.94,1115,-1.848,1,1
1475,94.83,1.1667,629.94,1115,0.3532,0,0
1476,101,1.1667,684.92,1115,-1.0281,1,1
1477,101,1.1667,684.92,1115,0.1367,2,2
1478,101,1.1667,684.92,1115,-0.6915,1,1
1479,101,1.1667,684.92,1115,-3.09,3,1.67
1480,101,1.1667,684.92,1115,1.6958,1,2
1481,101,1.1667,684.92,1115,1.2245,5,1.2
1482,101,1.1667,684.92,1115,-0.3027,0,0
1483,101,1.1667,684.92,1115,-0.404,0,0
1484,101,1.1667,684.92,1115,-0.3768,3,1.33
1485,101,1.1667,684.92,1115,-1.9621,0,0
1486,101,1.1667,684.92,1115,-1.848,2,1
1487,101,1.1667,684.92,1115,0.3532,0,0
1488,108,0.895,146.14,380.4417,-3.09,0,0
1489,108,0.895,146.14,380.4417,0.2241,1,1
1490,108,0.895,146.14,380.4417,0.1121,0,0
1491,108,0.895,146.14,380.4417,-1.3755,0,0
1492,108,0.895,146.14,380.4417,1.419,0,0
1493,108,0.895,146.14,380.4417,0.0905,0,0
1494,108,0.895,146.14,380.4417,0.0554,0,0
1495,108,0.895,146.14,380.4417,-0.7988,0,0
1496,108,0.895,146.14,380.4417,-1.7808,0,0
1497,108,0.895,146.14,380.4417,-1.7649,0,0
1498,108,0.895,146.14,380.4417,-1.364,0,0
1499,108,0.895,146.14,380.4417,-0.4493,0,0
1500,114.67,0.895,151.43,380.4417,-3.09,2,1
1501,114.67,0.895,151.43,380.4417,0.2241,2,1
1502,114.67,0.895,151.43,380.4417,0.1121,4,1
1503,114.67,0.895,151.43,380.4417,-1.3755,4,1
1504,114.67,0.895,151.43,380.4417,1.419,0,0
1505,114.67,0.895,151.43,380.4417,0.0905,1,1
1506,114.67,0.895,151.43,380.4417,0.0554,1,1
1507,114.67,0.895,151.43,380.4417,-0.7988,3,1.33
1508,114.67,0.895,151.43,380.4417,-1.7808,1,1
1509,114.67,0.895,151.43,380.4417,-1.7649,0,0
1510,114.67,0.895,151.43,380.4417,-1.364,0,0
1511,114.67,0.895,151.43,380.4417,-0.4493,0,0
1512,121.33,0.895,156.71,380.4417,-3.09,5,1
1513,121.33,0.895,156.71,380.4417,0.2241,0,0
1514,121.33,0.895,156.71,380.4417,0.1121,2,1.5
1515,121.33,0.895,156.71,380.4417,-1.3755,9,1.33
1516,121.33,0.895,156.71,380.4417,1.419,4,1
1517,121.33,0.895,156.71,380.4417,0.0905,1,1
1518,121.33,0.895,156.71,380.4417,0.0554,4,1.25
1519,121.33,0.895,156.71,380.4417,-0.7988,0,0
1520,121.33,0.895,156.71,380.4417,-1.7808,1,1
1521,121.33,0.895,156.71,380.4417,-1.7649,1,2
1522,121.33,0.895,156.71,380.4417,-1.364,3,1
1523,121.33,0.895,156.71,380.4417,-0.4493,0,0
1524,128,0.895,162,380.4417,-3.09,6,1
1525,128,0.895,162,380.4417,0.2241,3,1
1526,128,0.895,162,380.4417,0.1121,1,1
1527,128,0.895,162,380.4417,-1.3755,4,1.5
1528,128,0.895,162,380.4417,1.419,3,1
1529,128,0.895,162,380.4417,0.0905,1,1
1530,128,0.895,162,380.4417,0.0554,1,1
1531,128,0.895,162,380.4417,-0.7988,0,0
1532,128,0.895,162,380.4417,-1.7808,2,1
1533,128,0.895,162,380.4417,-1.7649,0,0
1534,128,0.895,162,380.4417,-1.364,1,1
1535,128,0.895,162,380.4417,-0.4493,2,1