0,2.4948,0.0097,3.78346,8.04262,-1.3163,0,0.0
1,2.4948,0.0097,3.78346,8.04262,-0.1238,0,0.0
2,2.4948,0.0097,3.78346,8.04262,-3.09,1,1.0
3,2.4948,0.0097,3.78346,8.04262,-1.8339,0,0.0
4,2.4948,0.0097,3.78346,8.04262,1.9291,0,0.0
5,2.4948,0.0097,3.78346,8.04262,0.8086,0,0.0
6,2.4948,0.0097,3.78346,8.04262,-0.1024,0,0.0
7,2.4948,0.0097,3.78346,8.04262,0.5525,0,0.0
8,2.4948,0.0097,3.78346,8.04262,-0.5804,0,0.0
9,2.4948,0.0097,3.78346,8.04262,-1.9394,1,1.0
10,2.4948,0.0097,3.78346,8.04262,-1.4761,0,0.0
11,2.4948,0.0097,3.78346,8.04262,-0.4095,0,0.0
12,2.17608,0.0097,5.14198,4.68835,-1.3163,3,1.0
13,2.17608,0.0097,5.14198,4.68835,-0.1238,2,1.5
14,2.17608,0.0097,5.14198,4.68835,-3.09,1,1.0
15,2.17608,0.0097,5.14198,4.68835,-1.8339,1,1.0
16,2.17608,0.0097,5.14198,4.68835,1.9291,0,0.0
17,2.17608,0.0097,5.14198,4.68835,0.8086,1,1.0
18,2.17608,0.0097,5.14198,4.68835,-0.1024,0,0.0
19,2.17608,0.0097,5.14198,4.68835,0.5525,1,1.0
20,2.17608,0.0097,5.14198,4.68835,-0.5804,2,1.0
21,2.17608,0.0097,5.14198,4.68835,-1.9394,1,1.0
22,2.17608,0.0097,5.14198,4.68835,-1.4761,1,1.0
23,2.17608,0.0097,5.14198,4.68835,-0.4095,0,0.0
24,2.01473,0.0097,3.68516,3.2018,-1.3163,1,1.0
25,2.01473,0.0097,3.68516,3.2018,-0.1238,1,1.0
26,2.01473,0.0097,3.68516,3.2018,-3.09,5,1.0
27,2.01473,0.0097,3.68516,3.2018,-1.8339,2,1.0
28,2.01473,0.0097,3.68516,3.2018,1.9291,1,1.0
29,2.01473,0.0097,3.68516,3.2018,0.8086,1,1.0
30,2.01473,0.0097,3.68516,3.2018,-0.1024,2,1.0
31,2.01473,0.0097,3.68516,3.2018,0.5525,0,0.0
32,2.01473,0.0097,3.68516,3.2018,-0.5804,0,0.0
33,2.01473,0.0097,3.68516,3.2018,-1.9394,1,1.0
34,2.01473,0.0097,3.68516,3.2018,-1.4761,0,0.0
35,2.01473,0.0097,3.68516,3.2018,-0.4095,0,0.0
36,1.9136,0.0097,3.04137,2.32512,-1.3163,2,1.0
37,1.9136,0.0097,3.04137,2.32512,-0.1238,0,0.0
38,1.9136,0.0097,3.04137,2.32512,-3.09,0,0.0
39,1.9136,0.0097,3.04137,2.32512,-1.8339,4,1.75
40,1.9136,0.0097,3.04137,2.32512,1.9291,1,1.0
41,1.9136,0.0097,3.04137,2.32512,0.8086,1,1.0
42,1.9136,0.0097,3.04137,2.32512,-0.1024,0,0.0
43,1.9136,0.0097,3.04137,2.32512,0.5525,1,1.0
44,1.9136,0.0097,3.04137,2.32512,-0.5804,1,1.0
45,1.9136,0.0097,3.04137,2.32512,-1.9394,0,0.0
46,1.9136,0.0097,3.04137,2.32512,-1.4761,1,1.0
47,1.9136,0.0097,3.04137,2.32512,-0.4095,1,1.0
48,1.5816,0.0,4.30852,18.36085,-1.1212,8,1.12
49,1.5816,0.0,4.30852,18.36085,0.6229,24,1.0
50,1.5816,0.0,4.30852,18.36085,-0.0837,21,1.1
51,1.5816,0.0,4.30852,18.36085,-1.1108,2,1.0
52,1.5816,0.0,4.30852,18.36085,1.6014,6,1.33
53,1.5816,0.0,4.30852,18.36085,1.2922,11,1.27
54,1.5816,0.0,4.30852,18.36085,-0.6542,4,1.0
55,1.5816,0.0,4.30852,18.36085,-1.583,8,1.12
56,1.5816,0.0,4.30852,18.36085,0.16,10,1.4
57,1.5816,0.0,4.30852,18.36085,-2.0437,7,1.14
58,1.5816,0.0,4.30852,18.36085,-3.09,7,1.0
59,1.5816,0.0,4.30852,18.36085,0.8785,5,1.6
60,0.723,0.0,8.11221,8.22064,-1.1212,13,1.15
61,0.723,0.0,8.11221,8.22064,0.6229,15,1.07
62,0.723,0.0,8.11221,8.22064,-0.0837,15,1.07
63,0.723,0.0,8.11221,8.22064,-1.1108,11,1.18
64,0.723,0.0,8.11221,8.22064,1.6014,19,1.21
65,0.723,0.0,8.11221,8.22064,1.2922,11,1.09
66,0.723,0.0,8.11221,8.22064,-0.6542,7,1.29
67,0.723,0.0,8.11221,8.22064,-1.583,8,1.25
68,0.723,0.0,8.11221,8.22064,0.16,12,1.0
69,0.723,0.0,8.11221,8.22064,-2.0437,4,1.0
70,0.723,0.0,8.11221,8.22064,-3.09,7,1.14
71,0.723,0.0,8.11221,8.22064,0.8785,11,1.0
72,0.3148,0.0,4.55297,5.18773,-1.1212,11,1.18
73,0.3148,0.0,4.55297,5.18773,0.6229,7,1.29
74,0.3148,0.0,4.55297,5.18773,-0.0837,17,1.12
75,0.3148,0.0,4.55297,5.18773,-1.1108,31,1.13
76,0.3148,0.0,4.55297,5.18773,1.6014,10,1.0
77,0.3148,0.0,4.55297,5.18773,1.2922,10,1.2
78,0.3148,0.0,4.55297,5.18773,-0.6542,13,1.15
79,0.3148,0.0,4.55297,5.18773,-1.583,7,1.43
80,0.3148,0.0,4.55297,5.18773,0.16,11,1.09
81,0.3148,0.0,4.55297,5.18773,-2.0437,9,1.0
82,0.3148,0.0,4.55297,5.18773,-3.09,6,1.0
83,0.3148,0.0,4.55297,5.18773,0.8785,12,1.17
84,0.0851,0.0,3.53595,4.0149,-1.1212,12,1.17
85,0.0851,0.0,3.53595,4.0149,0.6229,19,1.26
86,0.0851,0.0,3.53595,4.0149,-0.0837,30,1.23
87,0.0851,0.0,3.53595,4.0149,-1.1108,12,1.58
88,0.0851,0.0,3.53595,4.0149,1.6014,14,1.14
89,0.0851,0.0,3.53595,4.0149,1.2922,18,1.11
90,0.0851,0.0,3.53595,4.0149,-0.6542,13,1.08
91,0.0851,0.0,3.53595,4.0149,-1.583,23,1.0
92,0.0851,0.0,3.53595,4.0149,0.16,14,1.0
93,0.0851,0.0,3.53595,4.0149,-2.0437,8,1.0
94,0.0851,0.0,3.53595,4.0149,-3.09,11,1.0
95,0.0851,0.0,3.53595,4.0149,0.8785,21,1.0
96,2.89325,0.01459,0.58721,18.05661,-3.09,7,1.14
97,2.89325,0.01459,0.58721,18.05661,0.7817,12,1.08
98,2.89325,0.01459,0.58721,18.05661,-3.09,4,1.0
99,2.89325,0.01459,0.58721,18.05661,-1.171,8,1.25
100,2.89325,0.01459,0.58721,18.05661,0.5507,5,1.4
101,2.89325,0.01459,0.58721,18.05661,-0.6029,7,1.0
102,2.89325,0.01459,0.58721,18.05661,-0.4211,11,1.0
103,2.89325,0.01459,0.58721,18.05661,-1.3942,11,1.0
104,2.89325,0.01459,0.58721,18.05661,-1.9216,10,1.3
105,2.89325,0.01459,0.58721,18.05661,-1.6469,4,1.0
106,2.89325,0.01459,0.58721,18.05661,-1.9098,1,1.0
107,2.89325,0.01459,0.58721,18.05661,0.5021,1,1.0
108,2.48022,0.0136,0.38296,13.91096,-3.09,19,1.05
109,2.48022,0.0136,0.38296,13.91096,0.7817,14,1.0
110,2.48022,0.0136,0.38296,13.91096,-3.09,17,1.0
111,2.48022,0.0136,0.38296,13.91096,-1.171,11,1.0
112,2.48022,0.0136,0.38296,13.91096,0.5507,8,1.12
113,2.48022,0.0136,0.38296,13.91096,-0.6029,17,1.06
114,2.48022,0.0136,0.38296,13.91096,-0.4211,6,1.0
115,2.48022,0.0136,0.38296,13.91096,-1.3942,5,1.2
116,2.48022,0.0136,0.38296,13.91096,-1.9216,14,1.0
117,2.48022,0.0136,0.38296,13.91096,-1.6469,1,1.0
118,2.48022,0.0136,0.38296,13.91096,-1.9098,4,1.0
119,2.48022,0.0136,0.38296,13.91096,0.5021,9,1.0
120,2.2531,0.01275,0.3319,13.91096,-3.09,13,1.0
121,2.2531,0.01275,0.3319,13.91096,0.7817,8,1.0
122,2.2531,0.01275,0.3319,13.91096,-3.09,14,1.14
123,2.2531,0.01275,0.3319,13.91096,-1.171,30,1.0
124,2.2531,0.01275,0.3319,13.91096,0.5507,12,1.08
125,2.2531,0.01275,0.3319,13.91096,-0.6029,10,1.0
126,2.2531,0.01275,0.3319,13.91096,-0.4211,7,1.0
127,2.2531,0.01275,0.3319,13.91096,-1.3942,6,1.0
128,2.2531,0.01275,0.3319,13.91096,-1.9216,6,1.0
129,2.2531,0.01275,0.3319,13.91096,-1.6469,15,1.0
130,2.2531,0.01275,0.3319,13.91096,-1.9098,4,1.25
131,2.2531,0.01275,0.3319,13.91096,0.5021,8,1.0
132,2.1087,0.0119,0.30637,13.91096,-3.09,9,1.11
133,2.1087,0.0119,0.30637,13.91096,0.7817,11,1.18
134,2.1087,0.0119,0.30637,13.91096,-3.09,42,1.07
135,2.1087,0.0119,0.30637,13.91096,-1.171,5,1.4
136,2.1087,0.0119,0.30637,13.91096,0.5507,6,1.0
137,2.1087,0.0119,0.30637,13.91096,-0.6029,17,1.0
138,2.1087,0.0119,0.30637,13.91096,-0.4211,9,1.11
139,2.1087,0.0119,0.30637,13.91096,-1.3942,12,1.0
140,2.1087,0.0119,0.30637,13.91096,-1.9216,18,1.0
141,2.1087,0.0119,0.30637,13.91096,-1.6469,12,1.0
142,2.1087,0.0119,0.30637,13.91096,-1.9098,8,1.0
143,2.1087,0.0119,0.30637,13.91096,0.5021,18,1.0
144,2.6402,0.00578,1.11946,5.63285,-1.2179,0,0.0
145,2.6402,0.00578,1.11946,5.63285,-0.0401,0,0.0
146,2.6402,0.00578,1.11946,5.63285,-1.8274,0,0.0
147,2.6402,0.00578,1.11946,5.63285,-3.09,0,0.0
148,2.6402,0.00578,1.11946,5.63285,1.8186,0,0.0
149,2.6402,0.00578,1.11946,5.63285,1.2301,0,0.0
150,2.6402,0.00578,1.11946,5.63285,-0.4275,0,0.0
151,2.6402,0.00578,1.11946,5.63285,0.3627,0,0.0
152,2.6402,0.00578,1.11946,5.63285,-0.0406,2,1.5
153,2.6402,0.00578,1.11946,5.63285,-2.0114,1,1.0
154,2.6402,0.00578,1.11946,5.63285,-1.705,0,0.0
155,2.6402,0.00578,1.11946,5.63285,-0.1611,0,0.0
156,2.2908,0.00532,0.91733,4.67527,-1.2179,2,1.0
157,2.2908,0.00532,0.91733,4.67527,-0.0401,0,0.0
158,2.2908,0.00532,0.91733,4.67527,-1.8274,0,0.0
159,2.2908,0.00532,0.91733,4.67527,-3.09,4,1.5
160,2.2908,0.00532,0.91733,4.67527,1.8186,0,0.0
161,2.2908,0.00532,0.91733,4.67527,1.2301,0,0.0
162,2.2908,0.00532,0.91733,4.67527,-0.4275,0,0.0
163,2.2908,0.00532,0.91733,4.67527,0.3627,0,0.0
164,2.2908,0.00532,0.91733,4.67527,-0.0406,0,0.0
165,2.2908,0.00532,0.91733,4.67527,-2.0114,0,0.0
166,2.2908,0.00532,0.91733,4.67527,-1.705,0,0.0
167,2.2908,0.00532,0.91733,4.67527,-0.1611,0,0.0
168,2.0972,0.00502,0.8085,3.99932,-1.2179,0,0.0
169,2.0972,0.00502,0.8085,3.99932,-0.0401,1,1.0
170,2.0972,0.00502,0.8085,3.99932,-1.8274,0,0.0
171,2.0972,0.00502,0.8085,3.99932,-3.09,0,0.0
172,2.0972,0.00502,0.8085,3.99932,1.8186,1,1.0
173,2.0972,0.00502,0.8085,3.99932,1.2301,0,0.0
174,2.0972,0.00502,0.8085,3.99932,-0.4275,0,0.0
175,2.0972,0.00502,0.8085,3.99932,0.3627,0,0.0
176,2.0972,0.00502,0.8085,3.99932,-0.0406,1,1.0
177,2.0972,0.00502,0.8085,3.99932,-2.0114,0,0.0
178,2.0972,0.00502,0.8085,3.99932,-1.705,1,2.0
179,2.0972,0.00502,0.8085,3.99932,-0.1611,0,0.0
180,1.976,0.00472,0.71521,3.43604,-1.2179,1,1.0
181,1.976,0.00472,0.71521,3.43604,-0.0401,1,1.0
182,1.976,0.00472,0.71521,3.43604,-1.8274,1,1.0
183,1.976,0.00472,0.71521,3.43604,-3.09,1,1.0
184,1.976,0.00472,0.71521,3.43604,1.8186,4,1.25
185,1.976,0.00472,0.71521,3.43604,1.2301,2,1.0
186,1.976,0.00472,0.71521,3.43604,-0.4275,1,1.0
187,1.976,0.00472,0.71521,3.43604,0.3627,0,0.0
188,1.976,0.00472,0.71521,3.43604,-0.0406,0,0.0
189,1.976,0.00472,0.71521,3.43604,-2.0114,1,1.0
190,1.976,0.00472,0.71521,3.43604,-1.705,1,1.0
191,1.976,0.00472,0.71521,3.43604,-0.1611,0,0.0
192,3.1122,0.00802,0.87811,9.36688,-0.7802,1,1.0
193,3.1122,0.00802,0.87811,9.36688,-0.6915,2,1.0
194,3.1122,0.00802,0.87811,9.36688,-0.3937,0,0.0
195,3.1122,0.00802,0.87811,9.36688,-1.8931,3,1.0
196,3.1122,0.00802,0.87811,9.36688,1.227,1,1.0
197,3.1122,0.00802,0.87811,9.36688,1.1298,1,1.0
198,3.1122,0.00802,0.87811,9.36688,0.3986,1,1.0
199,3.1122,0.00802,0.87811,9.36688,-1.1197,5,1.0
200,3.1122,0.00802,0.87811,9.36688,-1.4882,3,1.0
201,3.1122,0.00802,0.87811,9.36688,-1.9963,0,0.0
202,3.1122,0.00802,0.87811,9.36688,-1.4576,0,0.0
203,3.1122,0.00802,0.87811,9.36688,0.6836,0,0.0
204,2.7216,0.00743,1.37205,8.01073,-0.7802,15,1.0
205,2.7216,0.00743,1.37205,8.01073,-0.6915,1,2.0
206,2.7216,0.00743,1.37205,8.01073,-0.3937,6,1.0
207,2.7216,0.00743,1.37205,8.01073,-1.8931,5,1.0
208,2.7216,0.00743,1.37205,8.01073,1.227,0,0.0
209,2.7216,0.00743,1.37205,8.01073,1.1298,0,0.0
210,2.7216,0.00743,1.37205,8.01073,0.3986,0,0.0
211,2.7216,0.00743,1.37205,8.01073,-1.1197,0,0.0
212,2.7216,0.00743,1.37205,8.01073,-1.4882,0,0.0
213,2.7216,0.00743,1.37205,8.01073,-1.9963,1,1.0
214,2.7216,0.00743,1.37205,8.01073,-1.4576,1,1.0
215,2.7216,0.00743,1.37205,8.01073,0.6836,0,0.0
216,2.511,0.00697,0.76835,7.7519,-0.7802,4,1.0
217,2.511,0.00697,0.76835,7.7519,-0.6915,1,1.0
218,2.511,0.00697,0.76835,7.7519,-0.3937,7,1.0
219,2.511,0.00697,0.76835,7.7519,-1.8931,4,1.0
220,2.511,0.00697,0.76835,7.7519,1.227,5,1.2
221,2.511,0.00697,0.76835,7.7519,1.1298,2,1.0
222,2.511,0.00697,0.76835,7.7519,0.3986,8,1.0
223,2.511,0.00697,0.76835,7.7519,-1.1197,4,1.0
224,2.511,0.00697,0.76835,7.7519,-1.4882,1,1.0
225,2.511,0.00697,0.76835,7.7519,-1.9963,5,1.2
226,2.511,0.00697,0.76835,7.7519,-1.4576,2,1.0
227,2.511,0.00697,0.76835,7.7519,0.6836,6,1.0
228,2.3904,0.0066,0.43906,7.70691,-0.7802,5,1.0
229,2.3904,0.0066,0.43906,7.70691,-0.6915,1,1.0
230,2.3904,0.0066,0.43906,7.70691,-0.3937,1,1.0
231,2.3904,0.0066,0.43906,7.70691,-1.8931,1,2.0
232,2.3904,0.0066,0.43906,7.70691,1.227,4,1.25
233,2.3904,0.0066,0.43906,7.70691,1.1298,4,1.0
234,2.3904,0.0066,0.43906,7.70691,0.3986,1,1.0
235,2.3904,0.0066,0.43906,7.70691,-1.1197,9,1.0
236,2.3904,0.0066,0.43906,7.70691,-1.4882,5,1.0
237,2.3904,0.0066,0.43906,7.70691,-1.9963,12,1.0
238,2.3904,0.0066,0.43906,7.70691,-1.4576,4,1.0
239,2.3904,0.0066,0.43906,7.70691,0.6836,4,1.0
240,5.3086,0.03702,2.24768,23.24535,-3.09,0,0.0
241,5.3086,0.03702,2.24768,23.24535,0.6781,2,1.0
242,5.3086,0.03702,2.24768,23.24535,-0.0962,0,0.0
243,5.3086,0.03702,2.24768,23.24535,-1.3951,1,1.0
244,5.3086,0.03702,2.24768,23.24535,0.9131,4,1.5
245,5.3086,0.03702,2.24768,23.24535,-0.0617,5,1.0
246,5.3086,0.03702,2.24768,23.24535,0.3693,2,1.0
247,5.3086,0.03702,2.24768,23.24535,-0.7459,2,1.0
248,5.3086,0.03702,2.24768,23.24535,-1.8204,2,2.0
249,5.3086,0.03702,2.24768,23.24535,-1.5827,2,1.0
250,5.3086,0.03702,2.24768,23.24535,-1.5875,1,1.0
251,5.3086,0.03702,2.24768,23.24535,0.1539,2,1.5
252,4.5732,0.03702,8.31974,23.24535,-3.09,12,1.0
253,4.5732,0.03702,8.31974,23.24535,0.6781,2,1.0
254,4.5732,0.03702,8.31974,23.24535,-0.0962,17,1.0
255,4.5732,0.03702,8.31974,23.24535,-1.3951,4,1.0
256,4.5732,0.03702,8.31974,23.24535,0.9131,6,1.0
257,4.5732,0.03702,8.31974,23.24535,-0.0617,5,1.2
258,4.5732,0.03702,8.31974,23.24535,0.3693,0,0.0
259,4.5732,0.03702,8.31974,23.24535,-0.7459,1,1.0
260,4.5732,0.03702,8.31974,23.24535,-1.8204,2,1.0
261,4.5732,0.03702,8.31974,23.24535,-1.5827,2,1.0
262,4.5732,0.03702,8.31974,23.24535,-1.5875,5,1.0
263,4.5732,0.03702,8.31974,23.24535,0.1539,3,1.0
264,4.183,0.03702,4.74893,23.24535,-3.09,5,1.0
265,4.183,0.03702,4.74893,23.24535,0.6781,1,1.0
266,4.183,0.03702,4.74893,23.24535,-0.0962,5,1.2
267,4.183,0.03702,4.74893,23.24535,-1.3951,8,1.0
268,4.183,0.03702,4.74893,23.24535,0.9131,8,1.12
269,4.183,0.03702,4.74893,23.24535,-0.0617,2,1.0
270,4.183,0.03702,4.74893,23.24535,0.3693,7,1.0
271,4.183,0.03702,4.74893,23.24535,-0.7459,0,0.0
272,4.183,0.03702,4.74893,23.24535,-1.8204,1,1.0
273,4.183,0.03702,4.74893,23.24535,-1.5827,1,1.0
274,4.183,0.03702,4.74893,23.24535,-1.5875,3,1.67
275,4.183,0.03702,4.74893,23.24535,0.1539,1,1.0
276,3.9308,0.03702,2.9583,23.24535,-3.09,1,1.0
277,3.9308,0.03702,2.9583,23.24535,0.6781,4,1.0
278,3.9308,0.03702,2.9583,23.24535,-0.0962,2,1.0
279,3.9308,0.03702,2.9583,23.24535,-1.3951,6,1.0
280,3.9308,0.03702,2.9583,23.24535,0.9131,3,1.33
281,3.9308,0.03702,2.9583,23.24535,-0.0617,3,1.0
282,3.9308,0.03702,2.9583,23.24535,0.3693,5,1.0
283,3.9308,0.03702,2.9583,23.24535,-0.7459,9,1.0
284,3.9308,0.03702,2.9583,23.24535,-1.8204,3,1.0
285,3.9308,0.03702,2.9583,23.24535,-1.5827,4,1.0
286,3.9308,0.03702,2.9583,23.24535,-1.5875,3,1.0
287,3.9308,0.03702,2.9583,23.24535,0.1539,5,1.0
288,2.5273,0.0165,1.04,16.0302,-1.1781,0,0.0
289,2.5273,0.0165,1.04,16.0302,-0.2075,3,1.0
290,2.5273,0.0165,1.04,16.0302,-0.7255,1,2.0
291,2.5273,0.0165,1.04,16.0302,-1.3804,4,1.25
292,2.5273,0.0165,1.04,16.0302,0.6975,0,0.0
293,2.5273,0.0165,1.04,16.0302,-0.0163,1,1.0
294,2.5273,0.0165,1.04,16.0302,0.8963,0,0.0
295,2.5273,0.0165,1.04,16.0302,-1.0716,3,1.0
296,2.5273,0.0165,1.04,16.0302,-1.802,0,0.0
297,2.5273,0.0165,1.04,16.0302,-1.8768,1,1.0
298,2.5273,0.0165,1.04,16.0302,-2.0601,1,1.0
299,2.5273,0.0165,1.04,16.0302,0.5809,1,1.0
300,2.176,0.01531,1.56,13.32743,-1.1781,3,1.33
301,2.176,0.01531,1.56,13.32743,-0.2075,3,1.33
302,2.176,0.01531,1.56,13.32743,-0.7255,7,1.0
303,2.176,0.01531,1.56,13.32743,-1.3804,3,1.0
304,2.176,0.01531,1.56,13.32743,0.6975,1,2.0
305,2.176,0.01531,1.56,13.32743,-0.0163,2,1.0
306,2.176,0.01531,1.56,13.32743,0.8963,2,1.0
307,2.176,0.01531,1.56,13.32743,-1.0716,2,1.0
308,2.176,0.01531,1.56,13.32743,-1.802,3,1.0
309,2.176,0.01531,1.56,13.32743,-1.8768,3,1.0
310,2.176,0.01531,1.56,13.32743,-2.0601,3,1.0
311,2.176,0.01531,1.56,13.32743,0.5809,3,1.0
312,1.9865,0.01439,0.92,13.32743,-1.1781,7,1.0
313,1.9865,0.01439,0.92,13.32743,-0.2075,2,1.0
314,1.9865,0.01439,0.92,13.32743,-0.7255,6,1.0
315,1.9865,0.01439,0.92,13.32743,-1.3804,6,1.0
316,1.9865,0.01439,0.92,13.32743,0.6975,10,1.0
317,1.9865,0.01439,0.92,13.32743,-0.0163,7,1.0
318,1.9865,0.01439,0.92,13.32743,0.8963,2,1.0
319,1.9865,0.01439,0.92,13.32743,-1.0716,6,1.0
320,1.9865,0.01439,0.92,13.32743,-1.802,4,1.25
321,1.9865,0.01439,0.92,13.32743,-1.8768,3,1.0
322,1.9865,0.01439,0.92,13.32743,-2.0601,2,1.0
323,1.9865,0.01439,0.92,13.32743,0.5809,11,1.0
324,1.8788,0.01366,0.64,13.32743,-1.1781,2,1.0
325,1.8788,0.01366,0.64,13.32743,-0.2075,0,0.0
326,1.8788,0.01366,0.64,13.32743,-0.7255,8,1.12
327,1.8788,0.01366,0.64,13.32743,-1.3804,4,1.5
328,1.8788,0.01366,0.64,13.32743,0.6975,4,1.25
329,1.8788,0.01366,0.64,13.32743,-0.0163,6,1.0
330,1.8788,0.01366,0.64,13.32743,0.8963,6,1.0
331,1.8788,0.01366,0.64,13.32743,-1.0716,2,1.0
332,1.8788,0.01366,0.64,13.32743,-1.802,6,1.0
333,1.8788,0.01366,0.64,13.32743,-1.8768,6,1.0
334,1.8788,0.01366,0.64,13.32743,-2.0601,8,1.0
335,1.8788,0.01366,0.64,13.32743,0.5809,6,1.0
336,2.2265,0.00504,2.0647,10.70231,-0.8182,0,0.0
337,2.2265,0.00504,2.0647,10.70231,1.0403,0,0.0
338,2.2265,0.00504,2.0647,10.70231,-1.8274,0,0.0
339,2.2265,0.00504,2.0647,10.70231,-1.6361,0,0.0
340,2.2265,0.00504,2.0647,10.70231,1.6679,1,1.0
341,2.2265,0.00504,2.0647,10.70231,1.1685,0,0.0
342,2.2265,0.00504,2.0647,10.70231,-0.7935,0,0.0
343,2.2265,0.00504,2.0647,10.70231,-1.4687,0,0.0
344,2.2265,0.00504,2.0647,10.70231,0.1629,4,1.25
345,2.2265,0.00504,2.0647,10.70231,-2.1081,0,0.0
346,2.2265,0.00504,2.0647,10.70231,-2.4075,1,1.0
347,2.2265,0.00504,2.0647,10.70231,0.6614,2,1.0
348,1.92737,0.00468,3.00847,5.84359,-0.8182,4,1.0
349,1.92737,0.00468,3.00847,5.84359,1.0403,4,1.0
350,1.92737,0.00468,3.00847,5.84359,-1.8274,0,0.0
351,1.92737,0.00468,3.00847,5.84359,-1.6361,1,1.0
352,1.92737,0.00468,3.00847,5.84359,1.6679,0,0.0
353,1.92737,0.00468,3.00847,5.84359,1.1685,0,0.0
354,1.92737,0.00468,3.00847,5.84359,-0.7935,1,1.0
355,1.92737,0.00468,3.00847,5.84359,-1.4687,1,1.0
356,1.92737,0.00468,3.00847,5.84359,0.1629,1,1.0
357,1.92737,0.00468,3.00847,5.84359,-2.1081,0,0.0
358,1.92737,0.00468,3.00847,5.84359,-2.4075,0,0.0
359,1.92737,0.00468,3.00847,5.84359,0.6614,1,1.0
360,1.74989,0.00431,2.03005,3.67687,-0.8182,1,1.0
361,1.74989,0.00431,2.03005,3.67687,1.0403,0,0.0
362,1.74989,0.00431,2.03005,3.67687,-1.8274,2,1.0
363,1.74989,0.00431,2.03005,3.67687,-1.6361,6,1.17
364,1.74989,0.00431,2.03005,3.67687,1.6679,1,1.0
365,1.74989,0.00431,2.03005,3.67687,1.1685,1,1.0
366,1.74989,0.00431,2.03005,3.67687,-0.7935,1,1.0
367,1.74989,0.00431,2.03005,3.67687,-1.4687,1,1.0
368,1.74989,0.00431,2.03005,3.67687,0.1629,0,0.0
369,1.74989,0.00431,2.03005,3.67687,-2.1081,3,1.0
370,1.74989,0.00431,2.03005,3.67687,-2.4075,1,1.0
371,1.74989,0.00431,2.03005,3.67687,0.6614,0,0.0
372,1.6425,0.00403,1.60102,2.42936,-0.8182,0,0.0
373,1.6425,0.00403,1.60102,2.42936,1.0403,1,2.0
374,1.6425,0.00403,1.60102,2.42936,-1.8274,2,1.0
375,1.6425,0.00403,1.60102,2.42936,-1.6361,2,1.5
376,1.6425,0.00403,1.60102,2.42936,1.6679,6,1.5
377,1.6425,0.00403,1.60102,2.42936,1.1685,1,1.0
378,1.6425,0.00403,1.60102,2.42936,-0.7935,4,1.25
379,1.6425,0.00403,1.60102,2.42936,-1.4687,3,1.0
380,1.6425,0.00403,1.60102,2.42936,0.1629,1,1.0
381,1.6425,0.00403,1.60102,2.42936,-2.1081,0,0.0
382,1.6425,0.00403,1.60102,2.42936,-2.4075,1,2.0
383,1.6425,0.00403,1.60102,2.42936,0.6614,2,1.0
384,2.08845,0.01538,1.13744,35.3991,-0.8794,2,1.0
385,2.08845,0.01538,1.13744,35.3991,0.4545,0,0.0
386,2.08845,0.01538,1.13744,35.3991,-3.09,0,0.0
387,2.08845,0.01538,1.13744,35.3991,-1.1157,0,0.0
388,2.08845,0.01538,1.13744,35.3991,1.6351,0,0.0
389,2.08845,0.01538,1.13744,35.3991,1.1357,2,1.0
390,2.08845,0.01538,1.13744,35.3991,-0.9314,6,1.0
391,2.08845,0.01538,1.13744,35.3991,-2.5273,8,1.0
392,2.08845,0.01538,1.13744,35.3991,-1.7488,1,1.0
393,2.08845,0.01538,1.13744,35.3991,-2.236,0,0.0
394,2.08845,0.01538,1.13744,35.3991,-1.1085,10,1.0
395,2.08845,0.01538,1.13744,35.3991,-0.9613,1,1.0
396,1.79,0.0144,3.02135,23.48372,-0.8794,5,1.0
397,1.79,0.0144,3.02135,23.48372,0.4545,2,1.0
398,1.79,0.0144,3.02135,23.48372,-3.09,6,1.0
399,1.79,0.0144,3.02135,23.48372,-1.1157,4,1.0
400,1.79,0.0144,3.02135,23.48372,1.6351,1,1.0
401,1.79,0.0144,3.02135,23.48372,1.1357,0,0.0
402,1.79,0.0144,3.02135,23.48372,-0.9314,1,1.0
403,1.79,0.0144,3.02135,23.48372,-2.5273,1,1.0
404,1.79,0.0144,3.02135,23.48372,-1.7488,1,1.0
405,1.79,0.0144,3.02135,23.48372,-2.236,1,1.0
406,1.79,0.0144,3.02135,23.48372,-1.1085,0,0.0
407,1.79,0.0144,3.02135,23.48372,-0.9613,5,1.0
408,1.61415,0.0135,1.57477,18.22013,-0.8794,3,1.0
409,1.61415,0.0135,1.57477,18.22013,0.4545,3,1.33
410,1.61415,0.0135,1.57477,18.22013,-3.09,4,1.25
411,1.61415,0.0135,1.57477,18.22013,-1.1157,1,1.0
412,1.61415,0.0135,1.57477,18.22013,1.6351,8,1.0
413,1.61415,0.0135,1.57477,18.22013,1.1357,0,0.0
414,1.61415,0.0135,1.57477,18.22013,-0.9314,1,1.0
415,1.61415,0.0135,1.57477,18.22013,-2.5273,0,0.0
416,1.61415,0.0135,1.57477,18.22013,-1.7488,8,1.75
417,1.61415,0.0135,1.57477,18.22013,-2.236,2,1.5
418,1.61415,0.0135,1.57477,18.22013,-1.1085,4,1.5
419,1.61415,0.0135,1.57477,18.22013,-0.9613,0,0.0
420,1.5096,0.01275,0.93317,15.09668,-0.8794,1,1.0
421,1.5096,0.01275,0.93317,15.09668,0.4545,0,0.0
422,1.5096,0.01275,0.93317,15.09668,-3.09,2,1.5
423,1.5096,0.01275,0.93317,15.09668,-1.1157,8,1.12
424,1.5096,0.01275,0.93317,15.09668,1.6351,3,1.0
425,1.5096,0.01275,0.93317,15.09668,1.1357,2,1.0
426,1.5096,0.01275,0.93317,15.09668,-0.9314,1,1.0
427,1.5096,0.01275,0.93317,15.09668,-2.5273,1,1.0
428,1.5096,0.01275,0.93317,15.09668,-1.7488,2,1.0
429,1.5096,0.01275,0.93317,15.09668,-2.236,0,0.0
430,1.5096,0.01275,0.93317,15.09668,-1.1085,2,1.0
431,1.5096,0.01275,0.93317,15.09668,-0.9613,2,1.0
432,2.542,0.03703,2.2704,9.891,-2.5669,0,0.0
433,2.542,0.03703,2.2704,9.891,0.1413,0,0.0
434,2.542,0.03703,2.2704,9.891,-0.0939,1,2.0
435,2.542,0.03703,2.2704,9.891,-3.09,0,0.0
436,2.542,0.03703,2.2704,9.891,1.0866,1,2.0
437,2.542,0.03703,2.2704,9.891,0.0594,0,0.0
438,2.542,0.03703,2.2704,9.891,0.8509,0,0.0
439,2.542,0.03703,2.2704,9.891,-0.4271,0,0.0
440,2.542,0.03703,2.2704,9.891,-1.7249,1,2.0
441,2.542,0.03703,2.2704,9.891,-1.5526,4,1.0
442,2.542,0.03703,2.2704,9.891,-1.4983,1,1.0
443,2.542,0.03703,2.2704,9.891,-0.001,2,1.0
444,2.18905,0.03703,4.48576,5.54995,-2.5669,3,1.0
445,2.18905,0.03703,4.48576,5.54995,0.1413,1,2.0
446,2.18905,0.03703,4.48576,5.54995,-0.0939,0,0.0
447,2.18905,0.03703,4.48576,5.54995,-3.09,4,1.0
448,2.18905,0.03703,4.48576,5.54995,1.0866,0,0.0
449,2.18905,0.03703,4.48576,5.54995,0.0594,1,1.0
450,2.18905,0.03703,4.48576,5.54995,0.8509,1,1.0
451,2.18905,0.03703,4.48576,5.54995,-0.4271,1,1.0
452,2.18905,0.03703,4.48576,5.54995,-1.7249,0,0.0
453,2.18905,0.03703,4.48576,5.54995,-1.5526,2,1.0
454,2.18905,0.03703,4.48576,5.54995,-1.4983,1,1.0
455,2.18905,0.03703,4.48576,5.54995,-0.001,0,0.0
456,2.00689,0.03703,2.31168,3.6267,-2.5669,0,0.0
457,2.00689,0.03703,2.31168,3.6267,0.1413,0,0.0
458,2.00689,0.03703,2.31168,3.6267,-0.0939,4,1.5
459,2.00689,0.03703,2.31168,3.6267,-3.09,3,1.67
460,2.00689,0.03703,2.31168,3.6267,1.0866,0,0.0
461,2.00689,0.03703,2.31168,3.6267,0.0594,1,1.0
462,2.00689,0.03703,2.31168,3.6267,0.8509,0,0.0
463,2.00689,0.03703,2.31168,3.6267,-0.4271,0,0.0
464,2.00689,0.03703,2.31168,3.6267,-1.7249,0,0.0
465,2.00689,0.03703,2.31168,3.6267,-1.5526,0,0.0
466,2.00689,0.03703,2.31168,3.6267,-1.4983,1,1.0
467,2.00689,0.03703,2.31168,3.6267,-0.001,0,0.0
468,1.89,0.03703,1.72,2.47275,-2.5669,0,0.0
469,1.89,0.03703,1.72,2.47275,0.1413,0,0.0
470,1.89,0.03703,1.72,2.47275,-0.0939,2,1.5
471,1.89,0.03703,1.72,2.47275,-3.09,3,1.67
472,1.89,0.03703,1.72,2.47275,1.0866,4,1.5
473,1.89,0.03703,1.72,2.47275,0.0594,2,1.0
474,1.89,0.03703,1.72,2.47275,0.8509,0,0.0
475,1.89,0.03703,1.72,2.47275,-0.4271,2,1.0
476,1.89,0.03703,1.72,2.47275,-1.7249,1,1.0
477,1.89,0.03703,1.72,2.47275,-1.5526,1,1.0
478,1.89,0.03703,1.72,2.47275,-1.4983,3,1.0
479,1.89,0.03703,1.72,2.47275,-0.001,2,1.0
480,1.6517,0.00353,1.92339,8.75233,-0.214,4,1.0
481,1.6517,0.00353,1.92339,8.75233,-0.5315,1,1.0
482,1.6517,0.00353,1.92339,8.75233,-0.2556,1,1.0
483,1.6517,0.00353,1.92339,8.75233,-1.6878,1,1.0
484,1.6517,0.00353,1.92339,8.75233,0.7771,2,1.0
485,1.6517,0.00353,1.92339,8.75233,1.2243,0,0.0
486,1.6517,0.00353,1.92339,8.75233,0.2457,2,1.0
487,1.6517,0.00353,1.92339,8.75233,-1.4391,0,0.0
488,1.6517,0.00353,1.92339,8.75233,-1.6723,3,1.33
489,1.6517,0.00353,1.92339,8.75233,-2.0196,0,0.0
490,1.6517,0.00353,1.92339,8.75233,-1.6435,1,1.0
491,1.6517,0.00353,1.92339,8.75233,1.1381,1,1.0
492,1.42749,0.00327,6.17145,4.68673,-0.214,8,1.0
493,1.42749,0.00327,6.17145,4.68673,-0.5315,1,2.0
494,1.42749,0.00327,6.17145,4.68673,-0.2556,3,1.0
495,1.42749,0.00327,6.17145,4.68673,-1.6878,5,1.0
496,1.42749,0.00327,6.17145,4.68673,0.7771,3,1.33
497,1.42749,0.00327,6.17145,4.68673,1.2243,1,1.0
498,1.42749,0.00327,6.17145,4.68673,0.2457,1,1.0
499,1.42749,0.00327,6.17145,4.68673,-1.4391,1,1.0
500,1.42749,0.00327,6.17145,4.68673,-1.6723,4,1.0
501,1.42749,0.00327,6.17145,4.68673,-2.0196,0,0.0
502,1.42749,0.00327,6.17145,4.68673,-1.6435,4,1.0
503,1.42749,0.00327,6.17145,4.68673,1.1381,1,1.0
504,1.31294,0.00307,4.34505,2.93627,-0.214,4,1.0
505,1.31294,0.00307,4.34505,2.93627,-0.5315,1,1.0
506,1.31294,0.00307,4.34505,2.93627,-0.2556,2,1.0
507,1.31294,0.00307,4.34505,2.93627,-1.6878,4,1.0
508,1.31294,0.00307,4.34505,2.93627,0.7771,3,1.0
509,1.31294,0.00307,4.34505,2.93627,1.2243,3,1.0
510,1.31294,0.00307,4.34505,2.93627,0.2457,4,1.0
511,1.31294,0.00307,4.34505,2.93627,-1.4391,3,1.0
512,1.31294,0.00307,4.34505,2.93627,-1.6723,1,1.0
513,1.31294,0.00307,4.34505,2.93627,-2.0196,3,1.0
514,1.31294,0.00307,4.34505,2.93627,-1.6435,0,0.0
515,1.31294,0.00307,4.34505,2.93627,1.1381,7,1.0
516,1.2423,0.00287,2.34682,1.8634,-0.214,1,1.0
517,1.2423,0.00287,2.34682,1.8634,-0.5315,2,1.5
518,1.2423,0.00287,2.34682,1.8634,-0.2556,1,1.0
519,1.2423,0.00287,2.34682,1.8634,-1.6878,1,1.0
520,1.2423,0.00287,2.34682,1.8634,0.7771,1,2.0
521,1.2423,0.00287,2.34682,1.8634,1.2243,2,1.0
522,1.2423,0.00287,2.34682,1.8634,0.2457,5,1.0
523,1.2423,0.00287,2.34682,1.8634,-1.4391,4,1.0
524,1.2423,0.00287,2.34682,1.8634,-1.6723,2,1.0
525,1.2423,0.00287,2.34682,1.8634,-2.0196,2,1.5
526,1.2423,0.00287,2.34682,1.8634,-1.6435,1,1.0
527,1.2423,0.00287,2.34682,1.8634,1.1381,3,1.0
528,3.5092,0.00414,1.13525,19.26027,-3.09,12,1.17
529,3.5092,0.00414,1.13525,19.26027,0.4051,2,1.0
530,3.5092,0.00414,1.13525,19.26027,0.1095,2,1.0
531,3.5092,0.00414,1.13525,19.26027,-1.3378,2,1.0
532,3.5092,0.00414,1.13525,19.26027,1.1931,2,1.5
533,3.5092,0.00414,1.13525,19.26027,0.0711,2,1.0
534,3.5092,0.00414,1.13525,19.26027,0.0171,3,1.0
535,3.5092,0.00414,1.13525,19.26027,-0.5429,3,1.33
536,3.5092,0.00414,1.13525,19.26027,-1.8515,1,1.0
537,3.5092,0.00414,1.13525,19.26027,-1.6616,1,1.0
538,3.5092,0.00414,1.13525,19.26027,-1.494,4,1.0
539,3.5092,0.00414,1.13525,19.26027,-0.1948,1,1.0
540,3.03036,0.00379,3.19306,12.30109,-3.09,16,1.06
541,3.03036,0.00379,3.19306,12.30109,0.4051,2,1.0
542,3.03036,0.00379,3.19306,12.30109,0.1095,3,1.0
543,3.03036,0.00379,3.19306,12.30109,-1.3378,7,1.0
544,3.03036,0.00379,3.19306,12.30109,1.1931,2,1.0
545,3.03036,0.00379,3.19306,12.30109,0.0711,2,1.0
546,3.03036,0.00379,3.19306,12.30109,0.0171,7,1.0
547,3.03036,0.00379,3.19306,12.30109,-0.5429,5,1.2
548,3.03036,0.00379,3.19306,12.30109,-1.8515,2,1.0
549,3.03036,0.00379,3.19306,12.30109,-1.6616,3,1.0
550,3.03036,0.00379,3.19306,12.30109,-1.494,7,1.0
551,3.03036,0.00379,3.19306,12.30109,-0.1948,2,1.0
552,2.7712,0.00356,2.49222,9.26257,-3.09,5,1.0
553,2.7712,0.00356,2.49222,9.26257,0.4051,5,1.0
554,2.7712,0.00356,2.49222,9.26257,0.1095,16,1.12
555,2.7712,0.00356,2.49222,9.26257,-1.3378,7,1.0
556,2.7712,0.00356,2.49222,9.26257,1.1931,14,1.07
557,2.7712,0.00356,2.49222,9.26257,0.0711,16,1.0
558,2.7712,0.00356,2.49222,9.26257,0.0171,9,1.0
559,2.7712,0.00356,2.49222,9.26257,-0.5429,5,1.0
560,2.7712,0.00356,2.49222,9.26257,-1.8515,7,1.14
561,2.7712,0.00356,2.49222,9.26257,-1.6616,8,1.0
562,2.7712,0.00356,2.49222,9.26257,-1.494,2,1.5
563,2.7712,0.00356,2.49222,9.26257,-0.1948,8,1.0
564,2.6075,0.00338,1.34353,7.44927,-3.09,14,1.0
565,2.6075,0.00338,1.34353,7.44927,0.4051,14,1.0
566,2.6075,0.00338,1.34353,7.44927,0.1095,15,1.07
567,2.6075,0.00338,1.34353,7.44927,-1.3378,13,1.23
568,2.6075,0.00338,1.34353,7.44927,1.1931,11,1.27
569,2.6075,0.00338,1.34353,7.44927,0.0711,14,1.21
570,2.6075,0.00338,1.34353,7.44927,0.0171,12,1.08
571,2.6075,0.00338,1.34353,7.44927,-0.5429,12,1.0
572,2.6075,0.00338,1.34353,7.44927,-1.8515,10,1.0
573,2.6075,0.00338,1.34353,7.44927,-1.6616,6,1.0
574,2.6075,0.00338,1.34353,7.44927,-1.494,9,1.0
575,2.6075,0.00338,1.34353,7.44927,-0.1948,11,1.0
576,2.7599,0.01449,3.58858,13.1346,-1.4701,1,1.0
577,2.7599,0.01449,3.58858,13.1346,0.7661,0,0.0
578,2.7599,0.01449,3.58858,13.1346,-1.8274,0,0.0
579,2.7599,0.01449,3.58858,13.1346,-3.09,1,1.0
580,2.7599,0.01449,3.58858,13.1346,1.8935,1,1.0
581,2.7599,0.01449,3.58858,13.1346,1.4513,0,0.0
582,2.7599,0.01449,3.58858,13.1346,-0.0931,0,0.0
583,2.7599,0.01449,3.58858,13.1346,0.4069,1,1.0
584,2.7599,0.01449,3.58858,13.1346,-0.3302,0,0.0
585,2.7599,0.01449,3.58858,13.1346,-2.2472,4,1.0
586,2.7599,0.01449,3.58858,13.1346,-1.3791,0,0.0
587,2.7599,0.01449,3.58858,13.1346,-0.6003,0,0.0
588,2.38913,0.01449,7.0497,7.72266,-1.4701,8,1.0
589,2.38913,0.01449,7.0497,7.72266,0.7661,1,1.0
590,2.38913,0.01449,7.0497,7.72266,-1.8274,1,1.0
591,2.38913,0.01449,7.0497,7.72266,-3.09,3,1.0
592,2.38913,0.01449,7.0497,7.72266,1.8935,1,1.0
593,2.38913,0.01449,7.0497,7.72266,1.4513,0,0.0
594,2.38913,0.01449,7.0497,7.72266,-0.0931,1,1.0
595,2.38913,0.01449,7.0497,7.72266,0.4069,1,1.0
596,2.38913,0.01449,7.0497,7.72266,-0.3302,0,0.0
597,2.38913,0.01449,7.0497,7.72266,-2.2472,0,0.0
598,2.38913,0.01449,7.0497,7.72266,-1.3791,1,1.0
599,2.38913,0.01449,7.0497,7.72266,-0.6003,0,0.0
600,2.19159,0.01449,4.10437,5.29032,-1.4701,0,0.0
601,2.19159,0.01449,4.10437,5.29032,0.7661,1,2.0
602,2.19159,0.01449,4.10437,5.29032,-1.8274,2,1.0
603,2.19159,0.01449,4.10437,5.29032,-3.09,3,1.0
604,2.19159,0.01449,4.10437,5.29032,1.8935,2,1.0
605,2.19159,0.01449,4.10437,5.29032,1.4513,3,1.0
606,2.19159,0.01449,4.10437,5.29032,-0.0931,0,0.0
607,2.19159,0.01449,4.10437,5.29032,0.4069,0,0.0
608,2.19159,0.01449,4.10437,5.29032,-0.3302,2,1.0
609,2.19159,0.01449,4.10437,5.29032,-2.2472,0,0.0
610,2.19159,0.01449,4.10437,5.29032,-1.3791,7,1.14
611,2.19159,0.01449,4.10437,5.29032,-0.6003,1,1.0
612,2.064,0.01449,3.06398,3.83092,-1.4701,6,1.0
613,2.064,0.01449,3.06398,3.83092,0.7661,0,0.0
614,2.064,0.01449,3.06398,3.83092,-1.8274,4,1.0
615,2.064,0.01449,3.06398,3.83092,-3.09,1,1.0
616,2.064,0.01449,3.06398,3.83092,1.8935,5,1.2
617,2.064,0.01449,3.06398,3.83092,1.4513,4,1.0
618,2.064,0.01449,3.06398,3.83092,-0.0931,1,2.0
619,2.064,0.01449,3.06398,3.83092,0.4069,6,1.17
620,2.064,0.01449,3.06398,3.83092,-0.3302,1,1.0
621,2.064,0.01449,3.06398,3.83092,-2.2472,1,1.0
622,2.064,0.01449,3.06398,3.83092,-1.3791,1,1.0
623,2.064,0.01449,3.06398,3.83092,-0.6003,4,1.25
624,1.5795,0.05554,2.44758,10.6643,-2.6488,0,0.0
625,1.5795,0.05554,2.44758,10.6643,-3.09,2,1.0
626,1.5795,0.05554,2.44758,10.6643,-0.9288,0,0.0
627,1.5795,0.05554,2.44758,10.6643,-1.7251,3,1.0
628,1.5795,0.05554,2.44758,10.6643,1.2079,2,1.5
629,1.5795,0.05554,2.44758,10.6643,0.3256,0,0.0
630,1.5795,0.05554,2.44758,10.6643,0.3287,1,1.0
631,1.5795,0.05554,2.44758,10.6643,-0.413,2,1.0
632,1.5795,0.05554,2.44758,10.6643,-1.8339,0,0.0
633,1.5795,0.05554,2.44758,10.6643,-1.9069,3,1.0
634,1.5795,0.05554,2.44758,10.6643,-1.6666,0,0.0
635,1.5795,0.05554,2.44758,10.6643,0.1524,1,1.0
636,1.3567,0.05554,3.25126,5.52123,-2.6488,4,1.0
637,1.3567,0.05554,3.25126,5.52123,-3.09,9,1.78
638,1.3567,0.05554,3.25126,5.52123,-0.9288,2,1.0
639,1.3567,0.05554,3.25126,5.52123,-1.7251,2,1.0
640,1.3567,0.05554,3.25126,5.52123,1.2079,7,1.0
641,1.3567,0.05554,3.25126,5.52123,0.3256,5,1.0
642,1.3567,0.05554,3.25126,5.52123,0.3287,0,0.0
643,1.3567,0.05554,3.25126,5.52123,-0.413,2,1.0
644,1.3567,0.05554,3.25126,5.52123,-1.8339,3,1.33
645,1.3567,0.05554,3.25126,5.52123,-1.9069,1,1.0
646,1.3567,0.05554,3.25126,5.52123,-1.6666,1,1.0
647,1.3567,0.05554,3.25126,5.52123,0.1524,1,1.0
648,1.22936,0.05554,2.25274,3.25223,-2.6488,5,1.0
649,1.22936,0.05554,2.25274,3.25223,-3.09,0,0.0
650,1.22936,0.05554,2.25274,3.25223,-0.9288,0,0.0
651,1.22936,0.05554,2.25274,3.25223,-1.7251,12,1.08
652,1.22936,0.05554,2.25274,3.25223,1.2079,3,1.0
653,1.22936,0.05554,2.25274,3.25223,0.3256,1,1.0
654,1.22936,0.05554,2.25274,3.25223,0.3287,4,1.0
655,1.22936,0.05554,2.25274,3.25223,-0.413,1,1.0
656,1.22936,0.05554,2.25274,3.25223,-1.8339,3,1.0
657,1.22936,0.05554,2.25274,3.25223,-1.9069,4,1.25
658,1.22936,0.05554,2.25274,3.25223,-1.6666,0,0.0
659,1.22936,0.05554,2.25274,3.25223,0.1524,3,1.0
660,1.141,0.05554,1.8022,1.96647,-2.6488,1,1.0
661,1.141,0.05554,1.8022,1.96647,-3.09,0,0.0
662,1.141,0.05554,1.8022,1.96647,-0.9288,0,0.0
663,1.141,0.05554,1.8022,1.96647,-1.7251,0,0.0
664,1.141,0.05554,1.8022,1.96647,1.2079,1,1.0
665,1.141,0.05554,1.8022,1.96647,0.3256,0,0.0
666,1.141,0.05554,1.8022,1.96647,0.3287,2,1.0
667,1.141,0.05554,1.8022,1.96647,-0.413,4,1.0
668,1.141,0.05554,1.8022,1.96647,-1.8339,5,1.0
669,1.141,0.05554,1.8022,1.96647,-1.9069,2,1.0
670,1.141,0.05554,1.8022,1.96647,-1.6666,7,1.14
671,1.141,0.05554,1.8022,1.96647,0.1524,2,1.0
672,2.26765,0.0108,2.39118,9.65707,-1.0018,0,0.0
673,2.26765,0.0108,2.39118,9.65707,0.4568,2,1.0
674,2.26765,0.0108,2.39118,9.65707,-0.5214,0,0.0
675,2.26765,0.0108,2.39118,9.65707,-1.389,1,1.0
676,2.26765,0.0108,2.39118,9.65707,0.1931,0,0.0
677,2.26765,0.0108,2.39118,9.65707,-0.2967,0,0.0
678,2.26765,0.0108,2.39118,9.65707,0.2348,0,0.0
679,2.26765,0.0108,2.39118,9.65707,-2.194,0,0.0
680,2.26765,0.0108,2.39118,9.65707,-1.9257,0,0.0
681,2.26765,0.0108,2.39118,9.65707,-1.8059,0,0.0
682,2.26765,0.0108,2.39118,9.65707,-2.1713,0,0.0
683,2.26765,0.0108,2.39118,9.65707,0.5225,0,0.0
684,1.9367,0.01,2.45327,9.65707,-1.0018,5,1.4
685,1.9367,0.01,2.45327,9.65707,0.4568,0,0.0
686,1.9367,0.01,2.45327,9.65707,-0.5214,3,1.0
687,1.9367,0.01,2.45327,9.65707,-1.389,3,1.0
688,1.9367,0.01,2.45327,9.65707,0.1931,1,1.0
689,1.9367,0.01,2.45327,9.65707,-0.2967,0,0.0
690,1.9367,0.01,2.45327,9.65707,0.2348,1,1.0
691,1.9367,0.01,2.45327,9.65707,-2.194,0,0.0
692,1.9367,0.01,2.45327,9.65707,-1.9257,0,0.0
693,1.9367,0.01,2.45327,9.65707,-1.8059,0,0.0
694,1.9367,0.01,2.45327,9.65707,-2.1713,0,0.0
695,1.9367,0.01,2.45327,9.65707,0.5225,0,0.0
696,1.74265,0.00933,2.17888,9.65707,-1.0018,0,0.0
697,1.74265,0.00933,2.17888,9.65707,0.4568,0,0.0
698,1.74265,0.00933,2.17888,9.65707,-0.5214,0,0.0
699,1.74265,0.00933,2.17888,9.65707,-1.389,1,1.0
700,1.74265,0.00933,2.17888,9.65707,0.1931,1,1.0
701,1.74265,0.00933,2.17888,9.65707,-0.2967,5,1.0
702,1.74265,0.00933,2.17888,9.65707,0.2348,0,0.0
703,1.74265,0.00933,2.17888,9.65707,-2.194,0,0.0
704,1.74265,0.00933,2.17888,9.65707,-1.9257,2,1.0
705,1.74265,0.00933,2.17888,9.65707,-1.8059,0,0.0
706,1.74265,0.00933,2.17888,9.65707,-2.1713,0,0.0
707,1.74265,0.00933,2.17888,9.65707,0.5225,0,0.0
708,1.616,0.0088,1.84879,9.65707,-1.0018,2,1.0
709,1.616,0.0088,1.84879,9.65707,0.4568,1,1.0
710,1.616,0.0088,1.84879,9.65707,-0.5214,2,1.0
711,1.616,0.0088,1.84879,9.65707,-1.389,0,0.0
712,1.616,0.0088,1.84879,9.65707,0.1931,1,1.0
713,1.616,0.0088,1.84879,9.65707,-0.2967,0,0.0
714,1.616,0.0088,1.84879,9.65707,0.2348,0,0.0
715,1.616,0.0088,1.84879,9.65707,-2.194,1,1.0
716,1.616,0.0088,1.84879,9.65707,-1.9257,1,1.0
717,1.616,0.0088,1.84879,9.65707,-1.8059,0,0.0
718,1.616,0.0088,1.84879,9.65707,-2.1713,0,0.0
719,1.616,0.0088,1.84879,9.65707,0.5225,0,0.0
720,2.015,0.04202,0.48774,5.17391,-1.7862,0,0.0
721,2.015,0.04202,0.48774,5.17391,-0.6674,0,0.0
722,2.015,0.04202,0.48774,5.17391,-3.09,0,0.0
723,2.015,0.04202,0.48774,5.17391,-3.09,0,0.0
724,2.015,0.04202,0.48774,5.17391,1.6704,0,0.0
725,2.015,0.04202,0.48774,5.17391,0.6459,0,0.0
726,2.015,0.04202,0.48774,5.17391,-0.1221,0,0.0
727,2.015,0.04202,0.48774,5.17391,0.1147,1,1.0
728,2.015,0.04202,0.48774,5.17391,-1.1403,0,0.0
729,2.015,0.04202,0.48774,5.17391,-1.9207,0,0.0
730,2.015,0.04202,0.48774,5.17391,-1.5794,2,1.0
731,2.015,0.04202,0.48774,5.17391,-0.0426,1,1.0
732,1.74163,0.04202,7.33727,3.13999,-1.7862,3,1.0
733,1.74163,0.04202,7.33727,3.13999,-0.6674,0,0.0
734,1.74163,0.04202,7.33727,3.13999,-3.09,1,1.0
735,1.74163,0.04202,7.33727,3.13999,-3.09,7,1.29
736,1.74163,0.04202,7.33727,3.13999,1.6704,0,0.0
737,1.74163,0.04202,7.33727,3.13999,0.6459,0,0.0
738,1.74163,0.04202,7.33727,3.13999,-0.1221,0,0.0
739,1.74163,0.04202,7.33727,3.13999,0.1147,1,1.0
740,1.74163,0.04202,7.33727,3.13999,-1.1403,1,1.0
741,1.74163,0.04202,7.33727,3.13999,-1.9207,1,1.0
742,1.74163,0.04202,7.33727,3.13999,-1.5794,1,1.0
743,1.74163,0.04202,7.33727,3.13999,-0.0426,1,1.0
744,1.59077,0.04202,2.48703,2.2661,-1.7862,3,1.0
745,1.59077,0.04202,2.48703,2.2661,-0.6674,0,0.0
746,1.59077,0.04202,2.48703,2.2661,-3.09,1,1.0
747,1.59077,0.04202,2.48703,2.2661,-3.09,0,0.0
748,1.59077,0.04202,2.48703,2.2661,1.6704,0,0.0
749,1.59077,0.04202,2.48703,2.2661,0.6459,1,1.0
750,1.59077,0.04202,2.48703,2.2661,-0.1221,0,0.0
751,1.59077,0.04202,2.48703,2.2661,0.1147,0,0.0
752,1.59077,0.04202,2.48703,2.2661,-1.1403,1,1.0
753,1.59077,0.04202,2.48703,2.2661,-1.9207,1,1.0
754,1.59077,0.04202,2.48703,2.2661,-1.5794,0,0.0
755,1.59077,0.04202,2.48703,2.2661,-0.0426,0,0.0
756,1.4852,0.04202,0.56321,1.76187,-1.7862,1,1.0
757,1.4852,0.04202,0.56321,1.76187,-0.6674,0,0.0
758,1.4852,0.04202,0.56321,1.76187,-3.09,1,2.0
759,1.4852,0.04202,0.56321,1.76187,-3.09,0,0.0
760,1.4852,0.04202,0.56321,1.76187,1.6704,0,0.0
761,1.4852,0.04202,0.56321,1.76187,0.6459,1,1.0
762,1.4852,0.04202,0.56321,1.76187,-0.1221,1,1.0
763,1.4852,0.04202,0.56321,1.76187,0.1147,0,0.0
764,1.4852,0.04202,0.56321,1.76187,-1.1403,1,1.0
765,1.4852,0.04202,0.56321,1.76187,-1.9207,0,0.0
766,1.4852,0.04202,0.56321,1.76187,-1.5794,2,1.0
767,1.4852,0.04202,0.56321,1.76187,-0.0426,2,1.0
768,1.656,0.04844,1.01883,11.24541,-1.9392,1,2.0
769,1.656,0.04844,1.01883,11.24541,-0.2729,1,1.0
770,1.656,0.04844,1.01883,11.24541,0.2527,1,1.0
771,1.656,0.04844,1.01883,11.24541,-3.09,4,1.0
772,1.656,0.04844,1.01883,11.24541,1.7703,2,1.5
773,1.656,0.04844,1.01883,11.24541,0.76,4,1.5
774,1.656,0.04844,1.01883,11.24541,-0.2975,0,0.0
775,1.656,0.04844,1.01883,11.24541,-0.1138,0,0.0
776,1.656,0.04844,1.01883,11.24541,-1.6838,0,0.0
777,1.656,0.04844,1.01883,11.24541,-1.7624,0,0.0
778,1.656,0.04844,1.01883,11.24541,-1.2694,3,1.0
779,1.656,0.04844,1.01883,11.24541,-0.5771,3,1.0
780,1.43072,0.04844,2.84669,11.24541,-1.9392,7,1.0
781,1.43072,0.04844,2.84669,11.24541,-0.2729,9,1.22
782,1.43072,0.04844,2.84669,11.24541,0.2527,23,1.04
783,1.43072,0.04844,2.84669,11.24541,-3.09,7,1.0
784,1.43072,0.04844,2.84669,11.24541,1.7703,0,0.0
785,1.43072,0.04844,2.84669,11.24541,0.76,0,0.0
786,1.43072,0.04844,2.84669,11.24541,-0.2975,1,1.0
787,1.43072,0.04844,2.84669,11.24541,-0.1138,1,1.0
788,1.43072,0.04844,2.84669,11.24541,-1.6838,1,1.0
789,1.43072,0.04844,2.84669,11.24541,-1.7624,1,1.0
790,1.43072,0.04844,2.84669,11.24541,-1.2694,2,1.0
791,1.43072,0.04844,2.84669,11.24541,-0.5771,0,0.0
792,1.31229,0.04844,1.59438,11.24541,-1.9392,1,1.0
793,1.31229,0.04844,1.59438,11.24541,-0.2729,0,0.0
794,1.31229,0.04844,1.59438,11.24541,0.2527,4,1.25
795,1.31229,0.04844,1.59438,11.24541,-3.09,1,1.0
796,1.31229,0.04844,1.59438,11.24541,1.7703,0,0.0
797,1.31229,0.04844,1.59438,11.24541,0.76,0,0.0
798,1.31229,0.04844,1.59438,11.24541,-0.2975,2,1.0
799,1.31229,0.04844,1.59438,11.24541,-0.1138,0,0.0
800,1.31229,0.04844,1.59438,11.24541,-1.6838,1,1.0
801,1.31229,0.04844,1.59438,11.24541,-1.7624,1,1.0
802,1.31229,0.04844,1.59438,11.24541,-1.2694,0,0.0
803,1.31229,0.04844,1.59438,11.24541,-0.5771,3,1.0
804,1.232,0.04844,0.94492,11.24541,-1.9392,3,1.0
805,1.232,0.04844,0.94492,11.24541,-0.2729,0,0.0
806,1.232,0.04844,0.94492,11.24541,0.2527,4,1.0
807,1.232,0.04844,0.94492,11.24541,-3.09,13,1.46
808,1.232,0.04844,0.94492,11.24541,1.7703,0,0.0
809,1.232,0.04844,0.94492,11.24541,0.76,2,1.0
810,1.232,0.04844,0.94492,11.24541,-0.2975,0,0.0
811,1.232,0.04844,0.94492,11.24541,-0.1138,1,1.0
812,1.232,0.04844,0.94492,11.24541,-1.6838,0,0.0
813,1.232,0.04844,0.94492,11.24541,-1.7624,0,0.0
814,1.232,0.04844,0.94492,11.24541,-1.2694,1,1.0
815,1.232,0.04844,0.94492,11.24541,-0.5771,2,1.0
816,2.5239,0.02692,3.43154,14.68059,-1.1731,0,0.0
817,2.5239,0.02692,3.43154,14.68059,0.1529,2,1.0
818,2.5239,0.02692,3.43154,14.68059,0.2195,3,1.0
819,2.5239,0.02692,3.43154,14.68059,-1.3834,2,1.0
820,2.5239,0.02692,3.43154,14.68059,1.5781,0,0.0
821,2.5239,0.02692,3.43154,14.68059,0.6955,1,1.0
822,2.5239,0.02692,3.43154,14.68059,0.0167,1,1.0
823,2.5239,0.02692,3.43154,14.68059,0.2323,4,1.25
824,2.5239,0.02692,3.43154,14.68059,-1.8363,1,2.0
825,2.5239,0.02692,3.43154,14.68059,-1.9005,3,1.0
826,2.5239,0.02692,3.43154,14.68059,-0.9789,3,1.0
827,2.5239,0.02692,3.43154,14.68059,-0.8155,2,1.0
828,2.16543,0.02517,4.72659,14.68059,-1.1731,10,1.0
829,2.16543,0.02517,4.72659,14.68059,0.1529,4,1.25
830,2.16543,0.02517,4.72659,14.68059,0.2195,18,1.0
831,2.16543,0.02517,4.72659,14.68059,-1.3834,6,1.0
832,2.16543,0.02517,4.72659,14.68059,1.5781,4,1.25
833,2.16543,0.02517,4.72659,14.68059,0.6955,2,1.0
834,2.16543,0.02517,4.72659,14.68059,0.0167,2,1.5
835,2.16543,0.02517,4.72659,14.68059,0.2323,4,1.0
836,2.16543,0.02517,4.72659,14.68059,-1.8363,3,1.0
837,2.16543,0.02517,4.72659,14.68059,-1.9005,0,0.0
838,2.16543,0.02517,4.72659,14.68059,-0.9789,0,0.0
839,2.16543,0.02517,4.72659,14.68059,-0.8155,3,1.33
840,1.97075,0.02367,3.394,14.68059,-1.1731,5,1.0
841,1.97075,0.02367,3.394,14.68059,0.1529,2,1.0
842,1.97075,0.02367,3.394,14.68059,0.2195,13,1.0
843,1.97075,0.02367,3.394,14.68059,-1.3834,7,1.14
844,1.97075,0.02367,3.394,14.68059,1.5781,4,1.25
845,1.97075,0.02367,3.394,14.68059,0.6955,5,1.0
846,1.97075,0.02367,3.394,14.68059,0.0167,6,1.0
847,1.97075,0.02367,3.394,14.68059,0.2323,14,1.0
848,1.97075,0.02367,3.394,14.68059,-1.8363,0,0.0
849,1.97075,0.02367,3.394,14.68059,-1.9005,3,1.0
850,1.97075,0.02367,3.394,14.68059,-0.9789,3,1.33
851,1.97075,0.02367,3.394,14.68059,-0.8155,2,1.5
852,1.8426,0.02242,2.83102,14.68059,-1.1731,2,1.0
853,1.8426,0.02242,2.83102,14.68059,0.1529,2,1.0
854,1.8426,0.02242,2.83102,14.68059,0.2195,7,1.0
855,1.8426,0.02242,2.83102,14.68059,-1.3834,9,1.33
856,1.8426,0.02242,2.83102,14.68059,1.5781,8,1.25
857,1.8426,0.02242,2.83102,14.68059,0.6955,11,1.0
858,1.8426,0.02242,2.83102,14.68059,0.0167,4,1.0
859,1.8426,0.02242,2.83102,14.68059,0.2323,6,1.0
860,1.8426,0.02242,2.83102,14.68059,-1.8363,6,1.0
861,1.8426,0.02242,2.83102,14.68059,-1.9005,1,1.0
862,1.8426,0.02242,2.83102,14.68059,-0.9789,4,1.0
863,1.8426,0.02242,2.83102,14.68059,-0.8155,4,1.0
864,2.8116,0.00651,0.11167,9.789,-1.2143,5,1.0
865,2.8116,0.00651,0.11167,9.789,-0.6229,8,1.0
866,2.8116,0.00651,0.11167,9.789,-1.1741,4,1.0
867,2.8116,0.00651,0.11167,9.789,-1.6561,4,1.5
868,2.8116,0.00651,0.11167,9.789,1.2726,2,1.5
869,2.8116,0.00651,0.11167,9.789,0.8483,3,1.0
870,2.8116,0.00651,0.11167,9.789,0.3714,5,1.0
871,2.8116,0.00651,0.11167,9.789,-0.7033,4,1.0
872,2.8116,0.00651,0.11167,9.789,-1.5357,8,1.0
873,2.8116,0.00651,0.11167,9.789,-2.092,4,1.0
874,2.8116,0.00651,0.11167,9.789,-1.6112,1,1.0
875,2.8116,0.00651,0.11167,9.789,0.4481,4,1.25
876,2.42117,0.00605,5.73336,4.02437,-1.2143,7,1.0
877,2.42117,0.00605,5.73336,4.02437,-0.6229,13,1.0
878,2.42117,0.00605,5.73336,4.02437,-1.1741,10,1.0
879,2.42117,0.00605,5.73336,4.02437,-1.6561,7,1.14
880,2.42117,0.00605,5.73336,4.02437,1.2726,3,1.0
881,2.42117,0.00605,5.73336,4.02437,0.8483,6,1.0
882,2.42117,0.00605,5.73336,4.02437,0.3714,5,1.2
883,2.42117,0.00605,5.73336,4.02437,-0.7033,1,1.0
884,2.42117,0.00605,5.73336,4.02437,-1.5357,8,1.0
885,2.42117,0.00605,5.73336,4.02437,-2.092,3,1.0
886,2.42117,0.00605,5.73336,4.02437,-1.6112,2,1.0
887,2.42117,0.00605,5.73336,4.02437,0.4481,3,1.0
888,2.21119,0.00568,1.75001,1.52273,-1.2143,15,1.0
889,2.21119,0.00568,1.75001,1.52273,-0.6229,4,1.0
890,2.21119,0.00568,1.75001,1.52273,-1.1741,7,1.0
891,2.21119,0.00568,1.75001,1.52273,-1.6561,18,1.0
892,2.21119,0.00568,1.75001,1.52273,1.2726,14,1.07
893,2.21119,0.00568,1.75001,1.52273,0.8483,6,1.0
894,2.21119,0.00568,1.75001,1.52273,0.3714,11,1.09
895,2.21119,0.00568,1.75001,1.52273,-0.7033,3,1.0
896,2.21119,0.00568,1.75001,1.52273,-1.5357,6,1.17
897,2.21119,0.00568,1.75001,1.52273,-2.092,6,1.0
898,2.21119,0.00568,1.75001,1.52273,-1.6112,2,1.0
899,2.21119,0.00568,1.75001,1.52273,0.4481,7,1.0
900,2.0864,0.00541,0.20667,0.10877,-1.2143,2,1.5
901,2.0864,0.00541,0.20667,0.10877,-0.6229,5,1.0
902,2.0864,0.00541,0.20667,0.10877,-1.1741,13,1.08
903,2.0864,0.00541,0.20667,0.10877,-1.6561,4,1.0
904,2.0864,0.00541,0.20667,0.10877,1.2726,10,1.2
905,2.0864,0.00541,0.20667,0.10877,0.8483,11,1.0
906,2.0864,0.00541,0.20667,0.10877,0.3714,15,1.0
907,2.0864,0.00541,0.20667,0.10877,-0.7033,11,1.0
908,2.0864,0.00541,0.20667,0.10877,-1.5357,12,1.0
909,2.0864,0.00541,0.20667,0.10877,-2.092,4,1.0
910,2.0864,0.00541,0.20667,0.10877,-1.6112,8,1.0
911,2.0864,0.00541,0.20667,0.10877,0.4481,8,1.12
912,2.763,0.01338,1.3071,15.17169,-3.09,1,2.0
913,2.763,0.01338,1.3071,15.17169,-0.1497,1,1.0
914,2.763,0.01338,1.3071,15.17169,0.3697,0,0.0
915,2.763,0.01338,1.3071,15.17169,-1.6272,1,1.0
916,2.763,0.01338,1.3071,15.17169,1.6302,3,2.0
917,2.763,0.01338,1.3071,15.17169,0.6081,0,0.0
918,2.763,0.01338,1.3071,15.17169,-0.2196,0,0.0
919,2.763,0.01338,1.3071,15.17169,0.0311,1,1.0
920,2.763,0.01338,1.3071,15.17169,-1.7229,0,0.0
921,2.763,0.01338,1.3071,15.17169,-1.7368,1,1.0
922,2.763,0.01338,1.3071,15.17169,-1.2412,1,1.0
923,2.763,0.01338,1.3071,15.17169,-0.629,1,1.0
924,2.3904,0.01247,3.86577,15.17169,-3.09,8,1.12
925,2.3904,0.01247,3.86577,15.17169,-0.1497,1,1.0
926,2.3904,0.01247,3.86577,15.17169,0.3697,5,1.0
927,2.3904,0.01247,3.86577,15.17169,-1.6272,2,1.0
928,2.3904,0.01247,3.86577,15.17169,1.6302,1,2.0
929,2.3904,0.01247,3.86577,15.17169,0.6081,0,0.0
930,2.3904,0.01247,3.86577,15.17169,-0.2196,0,0.0
931,2.3904,0.01247,3.86577,15.17169,0.0311,1,1.0
932,2.3904,0.01247,3.86577,15.17169,-1.7229,0,0.0
933,2.3904,0.01247,3.86577,15.17169,-1.7368,0,0.0
934,2.3904,0.01247,3.86577,15.17169,-1.2412,0,0.0
935,2.3904,0.01247,3.86577,15.17169,-0.629,0,0.0
936,2.1828,0.01164,2.14577,15.17169,-3.09,2,1.0
937,2.1828,0.01164,2.14577,15.17169,-0.1497,2,1.5
938,2.1828,0.01164,2.14577,15.17169,0.3697,3,1.0
939,2.1828,0.01164,2.14577,15.17169,-1.6272,4,1.25
940,2.1828,0.01164,2.14577,15.17169,1.6302,1,1.0
941,2.1828,0.01164,2.14577,15.17169,0.6081,2,1.0
942,2.1828,0.01164,2.14577,15.17169,-0.2196,1,1.0
943,2.1828,0.01164,2.14577,15.17169,0.0311,1,1.0
944,2.1828,0.01164,2.14577,15.17169,-1.7229,0,0.0
945,2.1828,0.01164,2.14577,15.17169,-1.7368,0,0.0
946,2.1828,0.01164,2.14577,15.17169,-1.2412,1,1.0
947,2.1828,0.01164,2.14577,15.17169,-0.629,0,0.0
948,2.052,0.011,1.37048,15.17169,-3.09,1,1.0
949,2.052,0.011,1.37048,15.17169,-0.1497,0,0.0
950,2.052,0.011,1.37048,15.17169,0.3697,0,0.0
951,2.052,0.011,1.37048,15.17169,-1.6272,3,1.0
952,2.052,0.011,1.37048,15.17169,1.6302,1,1.0
953,2.052,0.011,1.37048,15.17169,0.6081,1,2.0
954,2.052,0.011,1.37048,15.17169,-0.2196,0,0.0
955,2.052,0.011,1.37048,15.17169,0.0311,1,1.0
956,2.052,0.011,1.37048,15.17169,-1.7229,1,1.0
957,2.052,0.011,1.37048,15.17169,-1.7368,0,0.0
958,2.052,0.011,1.37048,15.17169,-1.2412,1,1.0
959,2.052,0.011,1.37048,15.17169,-0.629,1,1.0
960,2.3701,0.00618,1.34892,8.53954,-1.4136,1,2.0
961,2.3701,0.00618,1.34892,8.53954,-0.2924,1,1.0
962,2.3701,0.00618,1.34892,8.53954,-3.09,4,1.0
963,2.3701,0.00618,1.34892,8.53954,-3.09,3,1.33
964,2.3701,0.00618,1.34892,8.53954,1.9176,3,1.33
965,2.3701,0.00618,1.34892,8.53954,0.9227,1,1.0
966,2.3701,0.00618,1.34892,8.53954,0.0133,0,0.0
967,2.3701,0.00618,1.34892,8.53954,0.0697,1,1.0
968,2.3701,0.00618,1.34892,8.53954,-1.1695,1,2.0
969,2.3701,0.00618,1.34892,8.53954,-1.9024,8,1.0
970,2.3701,0.00618,1.34892,8.53954,-1.3117,2,1.0
971,2.3701,0.00618,1.34892,8.53954,-0.5994,2,1.0
972,2.04973,0.00578,3.51488,6.76332,-1.4136,13,1.0
973,2.04973,0.00578,3.51488,6.76332,-0.2924,7,1.0
974,2.04973,0.00578,3.51488,6.76332,-3.09,15,1.0
975,2.04973,0.00578,3.51488,6.76332,-3.09,3,1.0
976,2.04973,0.00578,3.51488,6.76332,1.9176,3,1.0
977,2.04973,0.00578,3.51488,6.76332,0.9227,3,1.0
978,2.04973,0.00578,3.51488,6.76332,0.0133,2,1.5
979,2.04973,0.00578,3.51488,6.76332,0.0697,1,1.0
980,2.04973,0.00578,3.51488,6.76332,-1.1695,10,1.0
981,2.04973,0.00578,3.51488,6.76332,-1.9024,1,1.0
982,2.04973,0.00578,3.51488,6.76332,-1.3117,5,1.0
983,2.04973,0.00578,3.51488,6.76332,-0.5994,2,1.0
984,1.87505,0.00546,2.03592,6.76332,-1.4136,19,1.0
985,1.87505,0.00546,2.03592,6.76332,-0.2924,6,1.0
986,1.87505,0.00546,2.03592,6.76332,-3.09,6,1.0
987,1.87505,0.00546,2.03592,6.76332,-3.09,17,1.06
988,1.87505,0.00546,2.03592,6.76332,1.9176,9,1.0
989,1.87505,0.00546,2.03592,6.76332,0.9227,4,1.0
990,1.87505,0.00546,2.03592,6.76332,0.0133,5,1.2
991,1.87505,0.00546,2.03592,6.76332,0.0697,2,1.0
992,1.87505,0.00546,2.03592,6.76332,-1.1695,3,1.0
993,1.87505,0.00546,2.03592,6.76332,-1.9024,3,1.0
994,1.87505,0.00546,2.03592,6.76332,-1.3117,1,1.0
995,1.87505,0.00546,2.03592,6.76332,-0.5994,1,1.0
996,1.768,0.00516,1.36164,6.76332,-1.4136,7,1.14
997,1.768,0.00516,1.36164,6.76332,-0.2924,6,1.33
998,1.768,0.00516,1.36164,6.76332,-3.09,3,1.0
999,1.768,0.00516,1.36164,6.76332,-3.09,5,1.0
1000,1.768,0.00516,1.36164,6.76332,1.9176,2,1.0
1001,1.768,0.00516,1.36164,6.76332,0.9227,8,1.0
1002,1.768,0.00516,1.36164,6.76332,0.0133,11,1.0
1003,1.768,0.00516,1.36164,6.76332,0.0697,5,1.0
1004,1.768,0.00516,1.36164,6.76332,-1.1695,5,1.0
1005,1.768,0.00516,1.36164,6.76332,-1.9024,5,1.0
1006,1.768,0.00516,1.36164,6.76332,-1.3117,5,1.0
1007,1.768,0.00516,1.36164,6.76332,-0.5994,6,1.0
1008,1.9885,0.01405,1.43294,23.83074,-3.09,0,0.0
1009,1.9885,0.01405,1.43294,23.83074,0.416,1,1.0
1010,1.9885,0.01405,1.43294,23.83074,-0.2112,0,0.0
1011,1.9885,0.01405,1.43294,23.83074,-1.0642,1,2.0
1012,1.9885,0.01405,1.43294,23.83074,0.81,1,2.0
1013,1.9885,0.01405,1.43294,23.83074,0.1193,0,0.0
1014,1.9885,0.01405,1.43294,23.83074,0.411,1,1.0
1015,1.9885,0.01405,1.43294,23.83074,-0.9236,1,1.0
1016,1.9885,0.01405,1.43294,23.83074,-1.9584,1,1.0
1017,1.9885,0.01405,1.43294,23.83074,-1.7687,1,1.0
1018,1.9885,0.01405,1.43294,23.83074,-2.0516,0,0.0
1019,1.9885,0.01405,1.43294,23.83074,-0.0829,6,1.0
1020,1.71056,0.01315,1.24498,16.10649,-3.09,7,1.0
1021,1.71056,0.01315,1.24498,16.10649,0.416,1,1.0
1022,1.71056,0.01315,1.24498,16.10649,-0.2112,3,1.0
1023,1.71056,0.01315,1.24498,16.10649,-1.0642,1,1.0
1024,1.71056,0.01315,1.24498,16.10649,0.81,0,0.0
1025,1.71056,0.01315,1.24498,16.10649,0.1193,5,1.4
1026,1.71056,0.01315,1.24498,16.10649,0.411,1,1.0
1027,1.71056,0.01315,1.24498,16.10649,-0.9236,2,1.0
1028,1.71056,0.01315,1.24498,16.10649,-1.9584,0,0.0
1029,1.71056,0.01315,1.24498,16.10649,-1.7687,0,0.0
1030,1.71056,0.01315,1.24498,16.10649,-2.0516,4,1.0
1031,1.71056,0.01315,1.24498,16.10649,-0.0829,0,0.0
1032,1.56669,0.01235,1.2004,12.67349,-3.09,1,1.0
1033,1.56669,0.01235,1.2004,12.67349,0.416,0,0.0
1034,1.56669,0.01235,1.2004,12.67349,-0.2112,3,1.33
1035,1.56669,0.01235,1.2004,12.67349,-1.0642,4,1.75
1036,1.56669,0.01235,1.2004,12.67349,0.81,2,1.5
1037,1.56669,0.01235,1.2004,12.67349,0.1193,1,1.0
1038,1.56669,0.01235,1.2004,12.67349,0.411,0,0.0
1039,1.56669,0.01235,1.2004,12.67349,-0.9236,0,0.0
1040,1.56669,0.01235,1.2004,12.67349,-1.9584,0,0.0
1041,1.56669,0.01235,1.2004,12.67349,-1.7687,0,0.0
1042,1.56669,0.01235,1.2004,12.67349,-2.0516,1,1.0
1043,1.56669,0.01235,1.2004,12.67349,-0.0829,0,0.0
1044,1.4742,0.0117,0.7728,10.6423,-3.09,1,1.0
1045,1.4742,0.0117,0.7728,10.6423,0.416,0,0.0
1046,1.4742,0.0117,0.7728,10.6423,-0.2112,0,0.0
1047,1.4742,0.0117,0.7728,10.6423,-1.0642,3,1.33
1048,1.4742,0.0117,0.7728,10.6423,0.81,1,1.0
1049,1.4742,0.0117,0.7728,10.6423,0.1193,4,1.75
1050,1.4742,0.0117,0.7728,10.6423,0.411,0,0.0
1051,1.4742,0.0117,0.7728,10.6423,-0.9236,0,0.0
1052,1.4742,0.0117,0.7728,10.6423,-1.9584,1,1.0
1053,1.4742,0.0117,0.7728,10.6423,-1.7687,0,0.0
1054,1.4742,0.0117,0.7728,10.6423,-2.0516,1,1.0
1055,1.4742,0.0117,0.7728,10.6423,-0.0829,3,1.0
1056,2.3718,0.0009,1.37536,17.72833,-0.4823,0,0.0
1057,2.3718,0.0009,1.37536,17.72833,-0.2533,0,0.0
1058,2.3718,0.0009,1.37536,17.72833,-0.6615,0,0.0
1059,2.3718,0.0009,1.37536,17.72833,-1.9783,0,0.0
1060,2.3718,0.0009,1.37536,17.72833,1.3938,0,0.0
1061,2.3718,0.0009,1.37536,17.72833,1.2808,0,0.0
1062,2.3718,0.0009,1.37536,17.72833,-0.5974,0,0.0
1063,2.3718,0.0009,1.37536,17.72833,-1.8986,0,0.0
1064,2.3718,0.0009,1.37536,17.72833,-0.1244,1,1.0
1065,2.3718,0.0009,1.37536,17.72833,-1.9561,0,0.0
1066,2.3718,0.0009,1.37536,17.72833,-3.09,0,0.0
1067,2.3718,0.0009,1.37536,17.72833,1.0193,1,1.0
1068,2.0628,0.0005,3.55404,10.89487,-0.4823,1,1.0
1069,2.0628,0.0005,3.55404,10.89487,-0.2533,0,0.0
1070,2.0628,0.0005,3.55404,10.89487,-0.6615,0,0.0
1071,2.0628,0.0005,3.55404,10.89487,-1.9783,2,1.0
1072,2.0628,0.0005,3.55404,10.89487,1.3938,0,0.0
1073,2.0628,0.0005,3.55404,10.89487,1.2808,0,0.0
1074,2.0628,0.0005,3.55404,10.89487,-0.5974,0,0.0
1075,2.0628,0.0005,3.55404,10.89487,-1.8986,0,0.0
1076,2.0628,0.0005,3.55404,10.89487,-0.1244,2,1.0
1077,2.0628,0.0005,3.55404,10.89487,-1.9561,0,0.0
1078,2.0628,0.0005,3.55404,10.89487,-3.09,0,0.0
1079,2.0628,0.0005,3.55404,10.89487,1.0193,0,0.0
1080,1.886,0.0002,2.08507,7.80047,-0.4823,1,1.0
1081,1.886,0.0002,2.08507,7.80047,-0.2533,1,1.0
1082,1.886,0.0002,2.08507,7.80047,-0.6615,2,1.5
1083,1.886,0.0002,2.08507,7.80047,-1.9783,0,0.0
1084,1.886,0.0002,2.08507,7.80047,1.3938,1,1.0
1085,1.886,0.0002,2.08507,7.80047,1.2808,1,1.0
1086,1.886,0.0002,2.08507,7.80047,-0.5974,0,0.0
1087,1.886,0.0002,2.08507,7.80047,-1.8986,0,0.0
1088,1.886,0.0002,2.08507,7.80047,-0.1244,0,0.0
1089,1.886,0.0002,2.08507,7.80047,-1.9561,0,0.0
1090,1.886,0.0002,2.08507,7.80047,-3.09,0,0.0
1091,1.886,0.0002,2.08507,7.80047,1.0193,0,0.0
1092,1.7739,0.0001,1.44015,5.9954,-0.4823,0,0.0
1093,1.7739,0.0001,1.44015,5.9954,-0.2533,2,1.5
1094,1.7739,0.0001,1.44015,5.9954,-0.6615,2,1.0
1095,1.7739,0.0001,1.44015,5.9954,-1.9783,2,1.5
1096,1.7739,0.0001,1.44015,5.9954,1.3938,4,1.75
1097,1.7739,0.0001,1.44015,5.9954,1.2808,0,0.0
1098,1.7739,0.0001,1.44015,5.9954,-0.5974,6,1.0
1099,1.7739,0.0001,1.44015,5.9954,-1.8986,0,0.0
1100,1.7739,0.0001,1.44015,5.9954,-0.1244,0,0.0
1101,1.7739,0.0001,1.44015,5.9954,-1.9561,0,0.0
1102,1.7739,0.0001,1.44015,5.9954,-3.09,1,1.0
1103,1.7739,0.0001,1.44015,5.9954,1.0193,1,2.0
1104,2.9964,0.02521,2.88314,9.96893,-1.3993,0,0.0
1105,2.9964,0.02521,2.88314,9.96893,0.3615,1,1.0
1106,2.9964,0.02521,2.88314,9.96893,-1.8274,1,1.0
1107,2.9964,0.02521,2.88314,9.96893,-3.09,4,1.25
1108,2.9964,0.02521,2.88314,9.96893,1.957,1,1.0
1109,2.9964,0.02521,2.88314,9.96893,1.1899,0,0.0
1110,2.9964,0.02521,2.88314,9.96893,-0.1201,0,0.0
1111,2.9964,0.02521,2.88314,9.96893,0.2326,1,1.0
1112,2.9964,0.02521,2.88314,9.96893,-1.0109,0,0.0
1113,2.9964,0.02521,2.88314,9.96893,-2.1496,1,1.0
1114,2.9964,0.02521,2.88314,9.96893,-1.3474,0,0.0
1115,2.9964,0.02521,2.88314,9.96893,-0.6739,3,1.0
1116,2.60772,0.02521,3.94389,5.30813,-1.3993,10,1.0
1117,2.60772,0.02521,3.94389,5.30813,0.3615,3,1.0
1118,2.60772,0.02521,3.94389,5.30813,-1.8274,4,1.0
1119,2.60772,0.02521,3.94389,5.30813,-3.09,3,1.0
1120,2.60772,0.02521,3.94389,5.30813,1.957,0,0.0
1121,2.60772,0.02521,3.94389,5.30813,1.1899,1,2.0
1122,2.60772,0.02521,3.94389,5.30813,-0.1201,0,0.0
1123,2.60772,0.02521,3.94389,5.30813,0.2326,1,1.0
1124,2.60772,0.02521,3.94389,5.30813,-1.0109,1,1.0
1125,2.60772,0.02521,3.94389,5.30813,-2.1496,0,0.0
1126,2.60772,0.02521,3.94389,5.30813,-1.3474,2,1.0
1127,2.60772,0.02521,3.94389,5.30813,-0.6739,1,1.0
1128,2.39549,0.02521,2.7911,3.3014,-1.3993,2,1.0
1129,2.39549,0.02521,2.7911,3.3014,0.3615,2,1.0
1130,2.39549,0.02521,2.7911,3.3014,-1.8274,5,1.0
1131,2.39549,0.02521,2.7911,3.3014,-3.09,8,1.0
1132,2.39549,0.02521,2.7911,3.3014,1.957,0,0.0
1133,2.39549,0.02521,2.7911,3.3014,1.1899,0,0.0
1134,2.39549,0.02521,2.7911,3.3014,-0.1201,0,0.0
1135,2.39549,0.02521,2.7911,3.3014,0.2326,1,1.0
1136,2.39549,0.02521,2.7911,3.3014,-1.0109,0,0.0
1137,2.39549,0.02521,2.7911,3.3014,-2.1496,0,0.0
1138,2.39549,0.02521,2.7911,3.3014,-1.3474,1,1.0
1139,2.39549,0.02521,2.7911,3.3014,-0.6739,15,1.0
1140,2.264,0.02521,2.28793,2.07147,-1.3993,6,1.0
1141,2.264,0.02521,2.28793,2.07147,0.3615,0,0.0
1142,2.264,0.02521,2.28793,2.07147,-1.8274,0,0.0
1143,2.264,0.02521,2.28793,2.07147,-3.09,2,1.5
1144,2.264,0.02521,2.28793,2.07147,1.957,4,1.0
1145,2.264,0.02521,2.28793,2.07147,1.1899,9,1.0
1146,2.264,0.02521,2.28793,2.07147,-0.1201,3,1.0
1147,2.264,0.02521,2.28793,2.07147,0.2326,3,1.0
1148,2.264,0.02521,2.28793,2.07147,-1.0109,0,0.0
1149,2.264,0.02521,2.28793,2.07147,-2.1496,1,1.0
1150,2.264,0.02521,2.28793,2.07147,-1.3474,2,1.0
1151,2.264,0.02521,2.28793,2.07147,-0.6739,1,1.0
1152,3.6925,0.0231,1.18832,28.70785,-1.3912,1,2.0
1153,3.6925,0.0231,1.18832,28.70785,0.7065,1,1.0
1154,3.6925,0.0231,1.18832,28.70785,-0.0022,0,0.0
1155,3.6925,0.0231,1.18832,28.70785,-1.492,2,1.0
1156,3.6925,0.0231,1.18832,28.70785,1.6317,5,1.6
1157,3.6925,0.0231,1.18832,28.70785,0.6146,1,1.0
1158,3.6925,0.0231,1.18832,28.70785,-1.2134,1,1.0
1159,3.6925,0.0231,1.18832,28.70785,-1.3126,2,1.0
1160,3.6925,0.0231,1.18832,28.70785,-1.7456,0,0.0
1161,3.6925,0.0231,1.18832,28.70785,-2.1068,3,1.0
1162,3.6925,0.0231,1.18832,28.70785,-0.9487,4,1.0
1163,3.6925,0.0231,1.18832,28.70785,-0.972,1,1.0
1164,3.1808,0.02152,1.72498,28.70785,-1.3912,6,1.0
1165,3.1808,0.02152,1.72498,28.70785,0.7065,1,1.0
1166,3.1808,0.02152,1.72498,28.70785,-0.0022,6,1.0
1167,3.1808,0.02152,1.72498,28.70785,-1.492,5,1.0
1168,3.1808,0.02152,1.72498,28.70785,1.6317,2,1.0
1169,3.1808,0.02152,1.72498,28.70785,0.6146,1,1.0
1170,3.1808,0.02152,1.72498,28.70785,-1.2134,0,0.0
1171,3.1808,0.02152,1.72498,28.70785,-1.3126,0,0.0
1172,3.1808,0.02152,1.72498,28.70785,-1.7456,5,1.0
1173,3.1808,0.02152,1.72498,28.70785,-2.1068,2,1.5
1174,3.1808,0.02152,1.72498,28.70785,-0.9487,1,1.0
1175,3.1808,0.02152,1.72498,28.70785,-0.972,1,1.0
1176,2.8914,0.02025,1.03499,28.70785,-1.3912,2,1.0
1177,2.8914,0.02025,1.03499,28.70785,0.7065,6,1.17
1178,2.8914,0.02025,1.03499,28.70785,-0.0022,11,1.09
1179,2.8914,0.02025,1.03499,28.70785,-1.492,18,1.11
1180,2.8914,0.02025,1.03499,28.70785,1.6317,7,1.29
1181,2.8914,0.02025,1.03499,28.70785,0.6146,5,1.0
1182,2.8914,0.02025,1.03499,28.70785,-1.2134,7,1.0
1183,2.8914,0.02025,1.03499,28.70785,-1.3126,4,1.0
1184,2.8914,0.02025,1.03499,28.70785,-1.7456,10,1.0
1185,2.8914,0.02025,1.03499,28.70785,-2.1068,6,1.0
1186,2.8914,0.02025,1.03499,28.70785,-0.9487,2,1.0
1187,2.8914,0.02025,1.03499,28.70785,-0.972,5,1.0
1188,2.725,0.0192,0.76666,28.70785,-1.3912,11,1.0
1189,2.725,0.0192,0.76666,28.70785,0.7065,5,1.0
1190,2.725,0.0192,0.76666,28.70785,-0.0022,0,0.0
1191,2.725,0.0192,0.76666,28.70785,-1.492,6,1.17
1192,2.725,0.0192,0.76666,28.70785,1.6317,5,1.0
1193,2.725,0.0192,0.76666,28.70785,0.6146,6,1.0
1194,2.725,0.0192,0.76666,28.70785,-1.2134,0,0.0
1195,2.725,0.0192,0.76666,28.70785,-1.3126,5,1.0
1196,2.725,0.0192,0.76666,28.70785,-1.7456,7,1.0
1197,2.725,0.0192,0.76666,28.70785,-2.1068,0,0.0
1198,2.725,0.0192,0.76666,28.70785,-0.9487,2,1.0
1199,2.725,0.0192,0.76666,28.70785,-0.972,3,1.33
1200,3.2076,0.00425,1.17,9.676,-3.09,5,1.0
1201,3.2076,0.00425,1.17,9.676,-0.1845,3,1.0
1202,3.2076,0.00425,1.17,9.676,0.0394,2,1.0
1203,3.2076,0.00425,1.17,9.676,-3.09,2,1.0
1204,3.2076,0.00425,1.17,9.676,1.5163,0,0.0
1205,3.2076,0.00425,1.17,9.676,0.4786,2,1.0
1206,3.2076,0.00425,1.17,9.676,0.1045,6,1.33
1207,3.2076,0.00425,1.17,9.676,-0.3347,6,1.0
1208,3.2076,0.00425,1.17,9.676,-1.6617,2,1.0
1209,3.2076,0.00425,1.17,9.676,-1.6087,5,1.0
1210,3.2076,0.00425,1.17,9.676,-1.4712,2,1.0
1211,3.2076,0.00425,1.17,9.676,-0.1363,7,1.0
1212,2.76197,0.00392,1.65,4.674,-3.09,36,1.0
1213,2.76197,0.00392,1.65,4.674,-0.1845,6,1.17
1214,2.76197,0.00392,1.65,4.674,0.0394,20,1.0
1215,2.76197,0.00392,1.65,4.674,-3.09,15,1.0
1216,2.76197,0.00392,1.65,4.674,1.5163,3,1.0
1217,2.76197,0.00392,1.65,4.674,0.4786,3,1.0
1218,2.76197,0.00392,1.65,4.674,0.1045,2,1.5
1219,2.76197,0.00392,1.65,4.674,-0.3347,3,1.0
1220,2.76197,0.00392,1.65,4.674,-1.6617,8,1.0
1221,2.76197,0.00392,1.65,4.674,-1.6087,1,1.0
1222,2.76197,0.00392,1.65,4.674,-1.4712,2,1.0
1223,2.76197,0.00392,1.65,4.674,-0.1363,4,1.0
1224,2.52229,0.00358,1.05,2.46,-3.09,12,1.0
1225,2.52229,0.00358,1.05,2.46,-0.1845,4,1.0
1226,2.52229,0.00358,1.05,2.46,0.0394,6,1.0
1227,2.52229,0.00358,1.05,2.46,-3.09,18,1.0
1228,2.52229,0.00358,1.05,2.46,1.5163,10,1.1
1229,2.52229,0.00358,1.05,2.46,0.4786,5,1.0
1230,2.52229,0.00358,1.05,2.46,0.1045,5,1.0
1231,2.52229,0.00358,1.05,2.46,-0.3347,3,1.0
1232,2.52229,0.00358,1.05,2.46,-1.6617,4,1.0
1233,2.52229,0.00358,1.05,2.46,-1.6087,3,1.0
1234,2.52229,0.00358,1.05,2.46,-1.4712,1,1.0
1235,2.52229,0.00358,1.05,2.46,-0.1363,1,1.0
1236,2.3798,0.00342,0.78,1.148,-3.09,6,1.0
1237,2.3798,0.00342,0.78,1.148,-0.1845,2,1.0
1238,2.3798,0.00342,0.78,1.148,0.0394,5,1.0
1239,2.3798,0.00342,0.78,1.148,-3.09,2,1.5
1240,2.3798,0.00342,0.78,1.148,1.5163,5,1.0
1241,2.3798,0.00342,0.78,1.148,0.4786,11,1.18
1242,2.3798,0.00342,0.78,1.148,0.1045,12,1.0
1243,2.3798,0.00342,0.78,1.148,-0.3347,11,1.0
1244,2.3798,0.00342,0.78,1.148,-1.6617,3,1.0
1245,2.3798,0.00342,0.78,1.148,-1.6087,2,1.0
1246,2.3798,0.00342,0.78,1.148,-1.4712,6,1.0
1247,2.3798,0.00342,0.78,1.148,-0.1363,9,1.0
1248,2.8188,0.03523,0.72312,30.46761,-1.4222,4,1.0
1249,2.8188,0.03523,0.72312,30.46761,0.3618,1,1.0
1250,2.8188,0.03523,0.72312,30.46761,-0.2499,2,1.0
1251,2.8188,0.03523,0.72312,30.46761,-1.0806,4,1.0
1252,2.8188,0.03523,0.72312,30.46761,1.516,3,1.67
1253,2.8188,0.03523,0.72312,30.46761,0.5326,2,1.0
1254,2.8188,0.03523,0.72312,30.46761,-0.8359,1,1.0
1255,2.8188,0.03523,0.72312,30.46761,-1.5767,6,1.0
1256,2.8188,0.03523,0.72312,30.46761,-1.8412,2,1.0
1257,2.8188,0.03523,0.72312,30.46761,-1.8381,1,1.0
1258,2.8188,0.03523,0.72312,30.46761,-1.3394,2,1.0
1259,2.8188,0.03523,0.72312,30.46761,-1.0638,1,1.0
1260,2.43346,0.03294,1.22375,27.41375,-1.4222,12,1.0
1261,2.43346,0.03294,1.22375,27.41375,0.3618,4,1.25
1262,2.43346,0.03294,1.22375,27.41375,-0.2499,18,1.0
1263,2.43346,0.03294,1.22375,27.41375,-1.0806,2,1.0
1264,2.43346,0.03294,1.22375,27.41375,1.516,2,1.0
1265,2.43346,0.03294,1.22375,27.41375,0.5326,5,1.0
1266,2.43346,0.03294,1.22375,27.41375,-0.8359,3,1.0
1267,2.43346,0.03294,1.22375,27.41375,-1.5767,5,1.0
1268,2.43346,0.03294,1.22375,27.41375,-1.8412,12,1.0
1269,2.43346,0.03294,1.22375,27.41375,-1.8381,4,1.0
1270,2.43346,0.03294,1.22375,27.41375,-1.3394,4,1.0
1271,2.43346,0.03294,1.22375,27.41375,-1.0638,2,1.0
1272,2.22033,0.03103,0.61188,27.41375,-1.4222,12,1.0
1273,2.22033,0.03103,0.61188,27.41375,0.3618,2,1.0
1274,2.22033,0.03103,0.61188,27.41375,-0.2499,19,1.0
1275,2.22033,0.03103,0.61188,27.41375,-1.0806,8,1.12
1276,2.22033,0.03103,0.61188,27.41375,1.516,13,1.23
1277,2.22033,0.03103,0.61188,27.41375,0.5326,5,1.0
1278,2.22033,0.03103,0.61188,27.41375,-0.8359,3,1.33
1279,2.22033,0.03103,0.61188,27.41375,-1.5767,3,1.0
1280,2.22033,0.03103,0.61188,27.41375,-1.8412,6,1.17
1281,2.22033,0.03103,0.61188,27.41375,-1.8381,3,1.33
1282,2.22033,0.03103,0.61188,27.41375,-1.3394,1,1.0
1283,2.22033,0.03103,0.61188,27.41375,-1.0638,4,1.0
1284,2.093,0.02938,0.33375,27.41375,-1.4222,9,1.11
1285,2.093,0.02938,0.33375,27.41375,0.3618,7,1.0
1286,2.093,0.02938,0.33375,27.41375,-0.2499,7,1.43
1287,2.093,0.02938,0.33375,27.41375,-1.0806,3,1.67
1288,2.093,0.02938,0.33375,27.41375,1.516,2,1.0
1289,2.093,0.02938,0.33375,27.41375,0.5326,4,1.0
1290,2.093,0.02938,0.33375,27.41375,-0.8359,1,1.0
1291,2.093,0.02938,0.33375,27.41375,-1.5767,8,1.12
1292,2.093,0.02938,0.33375,27.41375,-1.8412,4,1.0
1293,2.093,0.02938,0.33375,27.41375,-1.8381,2,1.0
1294,2.093,0.02938,0.33375,27.41375,-1.3394,2,1.0
1295,2.093,0.02938,0.33375,27.41375,-1.0638,4,1.0
1296,0.6384,0.01739,5.29136,17.43262,-3.09,0,0.0
1297,0.6384,0.01739,5.29136,17.43262,0.6802,7,1.0
1298,0.6384,0.01739,5.29136,17.43262,-1.0803,2,1.0
1299,0.6384,0.01739,5.29136,17.43262,-1.3148,2,1.0
1300,0.6384,0.01739,5.29136,17.43262,0.6257,1,1.0
1301,0.6384,0.01739,5.29136,17.43262,-0.7122,3,1.0
1302,0.6384,0.01739,5.29136,17.43262,0.3268,1,1.0
1303,0.6384,0.01739,5.29136,17.43262,-1.0172,2,1.0
1304,0.6384,0.01739,5.29136,17.43262,-1.8336,1,2.0
1305,0.6384,0.01739,5.29136,17.43262,-1.636,0,0.0
1306,0.6384,0.01739,5.29136,17.43262,-1.9102,1,1.0
1307,0.6384,0.01739,5.29136,17.43262,0.4169,0,0.0
1308,0.4921,0.0162,7.20295,17.43262,-3.09,7,1.0
1309,0.4921,0.0162,7.20295,17.43262,0.6802,5,1.0
1310,0.4921,0.0162,7.20295,17.43262,-1.0803,6,1.0
1311,0.4921,0.0162,7.20295,17.43262,-1.3148,4,1.25
1312,0.4921,0.0162,7.20295,17.43262,0.6257,3,1.0
1313,0.4921,0.0162,7.20295,17.43262,-0.7122,3,1.0
1314,0.4921,0.0162,7.20295,17.43262,0.3268,3,1.0
1315,0.4921,0.0162,7.20295,17.43262,-1.0172,5,1.0
1316,0.4921,0.0162,7.20295,17.43262,-1.8336,0,0.0
1317,0.4921,0.0162,7.20295,17.43262,-1.636,0,0.0
1318,0.4921,0.0162,7.20295,17.43262,-1.9102,3,1.0
1319,0.4921,0.0162,7.20295,17.43262,0.4169,1,1.0
1320,0.4123,0.01525,5.23516,17.43262,-3.09,0,0.0
1321,0.4123,0.01525,5.23516,17.43262,0.6802,2,1.0
1322,0.4123,0.01525,5.23516,17.43262,-1.0803,6,1.0
1323,0.4123,0.01525,5.23516,17.43262,-1.3148,9,1.0
1324,0.4123,0.01525,5.23516,17.43262,0.6257,5,1.0
1325,0.4123,0.01525,5.23516,17.43262,-0.7122,4,1.0
1326,0.4123,0.01525,5.23516,17.43262,0.3268,6,1.0
1327,0.4123,0.01525,5.23516,17.43262,-1.0172,0,0.0
1328,0.4123,0.01525,5.23516,17.43262,-1.8336,3,1.0
1329,0.4123,0.01525,5.23516,17.43262,-1.636,0,0.0
1330,0.4123,0.01525,5.23516,17.43262,-1.9102,0,0.0
1331,0.4123,0.01525,5.23516,17.43262,0.4169,1,1.0
1332,0.3458,0.01445,4.39423,17.43262,-3.09,2,1.0
1333,0.3458,0.01445,4.39423,17.43262,0.6802,2,1.5
1334,0.3458,0.01445,4.39423,17.43262,-1.0803,7,1.29
1335,0.3458,0.01445,4.39423,17.43262,-1.3148,5,1.4
1336,0.3458,0.01445,4.39423,17.43262,0.6257,1,2.0
1337,0.3458,0.01445,4.39423,17.43262,-0.7122,0,0.0
1338,0.3458,0.01445,4.39423,17.43262,0.3268,0,0.0
1339,0.3458,0.01445,4.39423,17.43262,-1.0172,4,1.25
1340,0.3458,0.01445,4.39423,17.43262,-1.8336,2,1.0
1341,0.3458,0.01445,4.39423,17.43262,-1.636,0,0.0
1342,0.3458,0.01445,4.39423,17.43262,-1.9102,2,1.0
1343,0.3458,0.01445,4.39423,17.43262,0.4169,7,1.0
1344,2.5704,0.01085,1.8088,13.52328,-1.0691,2,1.0
1345,2.5704,0.01085,1.8088,13.52328,-0.9111,2,1.5
1346,2.5704,0.01085,1.8088,13.52328,-0.5966,1,1.0
1347,2.5704,0.01085,1.8088,13.52328,-2.4156,2,1.0
1348,2.5704,0.01085,1.8088,13.52328,1.6441,0,0.0
1349,2.5704,0.01085,1.8088,13.52328,1.1326,3,1.0
1350,2.5704,0.01085,1.8088,13.52328,-0.4802,3,1.0
1351,2.5704,0.01085,1.8088,13.52328,-0.9905,2,1.0
1352,2.5704,0.01085,1.8088,13.52328,-0.5997,0,0.0
1353,2.5704,0.01085,1.8088,13.52328,-2.1002,2,1.0
1354,2.5704,0.01085,1.8088,13.52328,-1.6358,2,1.0
1355,2.5704,0.01085,1.8088,13.52328,0.6547,1,2.0
1356,2.23097,0.01009,4.05601,13.52328,-1.0691,6,1.0
1357,2.23097,0.01009,4.05601,13.52328,-0.9111,5,1.0
1358,2.23097,0.01009,4.05601,13.52328,-0.5966,7,1.0
1359,2.23097,0.01009,4.05601,13.52328,-2.4156,7,1.0
1360,2.23097,0.01009,4.05601,13.52328,1.6441,4,1.0
1361,2.23097,0.01009,4.05601,13.52328,1.1326,2,1.0
1362,2.23097,0.01009,4.05601,13.52328,-0.4802,0,0.0
1363,2.23097,0.01009,4.05601,13.52328,-0.9905,0,0.0
1364,2.23097,0.01009,4.05601,13.52328,-0.5997,0,0.0
1365,2.23097,0.01009,4.05601,13.52328,-2.1002,0,0.0
1366,2.23097,0.01009,4.05601,13.52328,-1.6358,0,0.0
1367,2.23097,0.01009,4.05601,13.52328,0.6547,0,0.0
1368,2.04151,0.00951,3.43204,13.52328,-1.0691,0,0.0
1369,2.04151,0.00951,3.43204,13.52328,-0.9111,0,0.0
1370,2.04151,0.00951,3.43204,13.52328,-0.5966,2,1.5
1371,2.04151,0.00951,3.43204,13.52328,-2.4156,2,1.0
1372,2.04151,0.00951,3.43204,13.52328,1.6441,2,2.0
1373,2.04151,0.00951,3.43204,13.52328,1.1326,2,1.0
1374,2.04151,0.00951,3.43204,13.52328,-0.4802,0,0.0
1375,2.04151,0.00951,3.43204,13.52328,-0.9905,0,0.0
1376,2.04151,0.00951,3.43204,13.52328,-0.5997,0,0.0
1377,2.04151,0.00951,3.43204,13.52328,-2.1002,0,0.0
1378,2.04151,0.00951,3.43204,13.52328,-1.6358,0,0.0
1379,2.04151,0.00951,3.43204,13.52328,0.6547,1,1.0
1380,1.927,0.00898,2.18806,13.52328,-1.0691,0,0.0
1381,1.927,0.00898,2.18806,13.52328,-0.9111,1,1.0
1382,1.927,0.00898,2.18806,13.52328,-0.5966,1,1.0
1383,1.927,0.00898,2.18806,13.52328,-2.4156,2,1.0
1384,1.927,0.00898,2.18806,13.52328,1.6441,0,0.0
1385,1.927,0.00898,2.18806,13.52328,1.1326,2,1.0
1386,1.927,0.00898,2.18806,13.52328,-0.4802,4,1.0
1387,1.927,0.00898,2.18806,13.52328,-0.9905,0,0.0
1388,1.927,0.00898,2.18806,13.52328,-0.5997,7,1.0
1389,1.927,0.00898,2.18806,13.52328,-2.1002,3,1.0
1390,1.927,0.00898,2.18806,13.52328,-1.6358,2,1.0
1391,1.927,0.00898,2.18806,13.52328,0.6547,2,1.0
1392,5.70605,0.01623,1.53947,15.12803,-0.6506,0,0.0
1393,5.70605,0.01623,1.53947,15.12803,-1.7629,1,1.0
1394,5.70605,0.01623,1.53947,15.12803,-0.0735,2,1.5
1395,5.70605,0.01623,1.53947,15.12803,-2.3206,3,1.33
1396,5.70605,0.01623,1.53947,15.12803,1.4486,1,1.0
1397,5.70605,0.01623,1.53947,15.12803,1.1623,0,0.0
1398,5.70605,0.01623,1.53947,15.12803,-0.3735,1,1.0
1399,5.70605,0.01623,1.53947,15.12803,-1.431,1,1.0
1400,5.70605,0.01623,1.53947,15.12803,-0.8703,2,2.0
1401,5.70605,0.01623,1.53947,15.12803,-2.1856,3,1.0
1402,5.70605,0.01623,1.53947,15.12803,-1.998,0,0.0
1403,5.70605,0.01623,1.53947,15.12803,0.8914,2,1.0
1404,4.92703,0.01513,2.3046,12.93556,-0.6506,8,1.0
1405,4.92703,0.01513,2.3046,12.93556,-1.7629,3,1.0
1406,4.92703,0.01513,2.3046,12.93556,-0.0735,6,1.0
1407,4.92703,0.01513,2.3046,12.93556,-2.3206,10,1.1
1408,4.92703,0.01513,2.3046,12.93556,1.4486,3,1.33
1409,4.92703,0.01513,2.3046,12.93556,1.1623,1,1.0
1410,4.92703,0.01513,2.3046,12.93556,-0.3735,1,1.0
1411,4.92703,0.01513,2.3046,12.93556,-1.431,1,1.0
1412,4.92703,0.01513,2.3046,12.93556,-0.8703,6,1.0
1413,4.92703,0.01513,2.3046,12.93556,-2.1856,0,0.0
1414,4.92703,0.01513,2.3046,12.93556,-1.998,1,1.0
1415,4.92703,0.01513,2.3046,12.93556,0.8914,0,0.0
1416,4.50224,0.01421,1.5012,12.93556,-0.6506,5,1.0
1417,4.50224,0.01421,1.5012,12.93556,-1.7629,2,1.0
1418,4.50224,0.01421,1.5012,12.93556,-0.0735,2,1.0
1419,4.50224,0.01421,1.5012,12.93556,-2.3206,3,1.0
1420,4.50224,0.01421,1.5012,12.93556,1.4486,1,1.0
1421,4.50224,0.01421,1.5012,12.93556,1.1623,0,0.0
1422,4.50224,0.01421,1.5012,12.93556,-0.3735,2,1.0
1423,4.50224,0.01421,1.5012,12.93556,-1.431,0,0.0
1424,4.50224,0.01421,1.5012,12.93556,-0.8703,3,1.33
1425,4.50224,0.01421,1.5012,12.93556,-2.1856,0,0.0
1426,4.50224,0.01421,1.5012,12.93556,-1.998,0,0.0
1427,4.50224,0.01421,1.5012,12.93556,0.8914,3,1.0
1428,4.2363,0.01338,1.17841,12.93556,-0.6506,15,1.0
1429,4.2363,0.01338,1.17841,12.93556,-1.7629,2,2.0
1430,4.2363,0.01338,1.17841,12.93556,-0.0735,8,1.12
1431,4.2363,0.01338,1.17841,12.93556,-2.3206,8,1.62
1432,4.2363,0.01338,1.17841,12.93556,1.4486,4,1.25
1433,4.2363,0.01338,1.17841,12.93556,1.1623,5,1.0
1434,4.2363,0.01338,1.17841,12.93556,-0.3735,5,1.0
1435,4.2363,0.01338,1.17841,12.93556,-1.431,10,1.2
1436,4.2363,0.01338,1.17841,12.93556,-0.8703,7,1.0
1437,4.2363,0.01338,1.17841,12.93556,-2.1856,2,1.0
1438,4.2363,0.01338,1.17841,12.93556,-1.998,1,1.0
1439,4.2363,0.01338,1.17841,12.93556,0.8914,9,1.0
1440,2.178,0.03453,1.24795,12.042,-1.0281,2,1.0
1441,2.178,0.03453,1.24795,12.042,0.1367,1,1.0
1442,2.178,0.03453,1.24795,12.042,-0.6915,0,0.0
1443,2.178,0.03453,1.24795,12.042,-3.09,0,0.0
1444,2.178,0.03453,1.24795,12.042,1.6958,0,0.0
1445,2.178,0.03453,1.24795,12.042,1.2245,1,2.0
1446,2.178,0.03453,1.24795,12.042,-0.3027,0,0.0
1447,2.178,0.03453,1.24795,12.042,-0.404,1,1.0
1448,2.178,0.03453,1.24795,12.042,-0.3768,3,1.33
1449,2.178,0.03453,1.24795,12.042,-1.9621,1,1.0
1450,2.178,0.03453,1.24795,12.042,-1.848,0,0.0
1451,2.178,0.03453,1.24795,12.042,0.3532,0,0.0
1452,1.88867,0.03453,3.39226,5.575,-1.0281,1,1.0
1453,1.88867,0.03453,3.39226,5.575,0.1367,1,1.0
1454,1.88867,0.03453,3.39226,5.575,-0.6915,0,0.0
1455,1.88867,0.03453,3.39226,5.575,-3.09,2,1.5
1456,1.88867,0.03453,3.39226,5.575,1.6958,0,0.0
1457,1.88867,0.03453,3.39226,5.575,1.2245,0,0.0
1458,1.88867,0.03453,3.39226,5.575,-0.3027,0,0.0
1459,1.88867,0.03453,3.39226,5.575,-0.404,0,0.0
1460,1.88867,0.03453,3.39226,5.575,-0.3768,0,0.0
1461,1.88867,0.03453,3.39226,5.575,-1.9621,0,0.0
1462,1.88867,0.03453,3.39226,5.575,-1.848,0,0.0
1463,1.88867,0.03453,3.39226,5.575,0.3532,0,0.0
1464,1.73539,0.03453,1.95281,2.7875,-1.0281,1,1.0
1465,1.73539,0.03453,1.95281,2.7875,0.1367,1,1.0
1466,1.73539,0.03453,1.95281,2.7875,-0.6915,0,0.0
1467,1.73539,0.03453,1.95281,2.7875,-3.09,2,1.5
1468,1.73539,0.03453,1.95281,2.7875,1.6958,3,1.33
1469,1.73539,0.03453,1.95281,2.7875,1.2245,1,1.0
1470,1.73539,0.03453,1.95281,2.7875,-0.3027,0,0.0
1471,1.73539,0.03453,1.95281,2.7875,-0.404,0,0.0
1472,1.73539,0.03453,1.95281,2.7875,-0.3768,1,1.0
1473,1.73539,0.03453,1.95281,2.7875,-1.9621,0,0.0
1474,1.73539,0.03453,1.95281,2.7875,-1.848,1,1.0
1475,1.73539,0.03453,1.95281,2.7875,0.3532,0,0.0
1476,1.6463,0.03453,1.23286,1.0035,-1.0281,1,1.0
1477,1.6463,0.03453,1.23286,1.0035,0.1367,2,2.0
1478,1.6463,0.03453,1.23286,1.0035,-0.6915,1,1.0
1479,1.6463,0.03453,1.23286,1.0035,-3.09,3,1.67
1480,1.6463,0.03453,1.23286,1.0035,1.6958,1,2.0
1481,1.6463,0.03453,1.23286,1.0035,1.2245,5,1.2
1482,1.6463,0.03453,1.23286,1.0035,-0.3027,0,0.0
1483,1.6463,0.03453,1.23286,1.0035,-0.404,0,0.0
1484,1.6463,0.03453,1.23286,1.0035,-0.3768,3,1.33
1485,1.6463,0.03453,1.23286,1.0035,-1.9621,0,0.0
1486,1.6463,0.03453,1.23286,1.0035,-1.848,2,1.0
1487,1.6463,0.03453,1.23286,1.0035,0.3532,0,0.0
1488,3.2076,0.06704,3.91655,27.20158,-3.09,0,0.0
1489,3.2076,0.06704,3.91655,27.20158,0.2241,1,1.0
1490,3.2076,0.06704,3.91655,27.20158,0.1121,0,0.0
1491,3.2076,0.06704,3.91655,27.20158,-1.3755,0,0.0
1492,3.2076,0.06704,3.91655,27.20158,1.419,0,0.0
1493,3.2076,0.06704,3.91655,27.20158,0.0905,0,0.0
1494,3.2076,0.06704,3.91655,27.20158,0.0554,0,0.0
1495,3.2076,0.06704,3.91655,27.20158,-0.7988,0,0.0
1496,3.2076,0.06704,3.91655,27.20158,-1.7808,0,0.0
1497,3.2076,0.06704,3.91655,27.20158,-1.7649,0,0.0
1498,3.2076,0.06704,3.91655,27.20158,-1.364,0,0.0
1499,3.2076,0.06704,3.91655,27.20158,-0.4493,0,0.0
1500,2.75208,0.06704,3.87661,27.20158,-3.09,2,1.0
1501,2.75208,0.06704,3.87661,27.20158,0.2241,2,1.0
1502,2.75208,0.06704,3.87661,27.20158,0.1121,4,1.0
1503,2.75208,0.06704,3.87661,27.20158,-1.3755,4,1.0
1504,2.75208,0.06704,3.87661,27.20158,1.419,0,0.0
1505,2.75208,0.06704,3.87661,27.20158,0.0905,1,1.0
1506,2.75208,0.06704,3.87661,27.20158,0.0554,1,1.0
1507,2.75208,0.06704,3.87661,27.20158,-0.7988,3,1.33
1508,2.75208,0.06704,3.87661,27.20158,-1.7808,1,1.0
1509,2.75208,0.06704,3.87661,27.20158,-1.7649,0,0.0
1510,2.75208,0.06704,3.87661,27.20158,-1.364,0,0.0
1511,2.75208,0.06704,3.87661,27.20158,-0.4493,0,0.0
1512,2.51153,0.06704,3.36926,27.20158,-3.09,5,1.0
1513,2.51153,0.06704,3.36926,27.20158,0.2241,0,0.0
1514,2.51153,0.06704,3.36926,27.20158,0.1121,2,1.5
1515,2.51153,0.06704,3.36926,27.20158,-1.3755,9,1.33
1516,2.51153,0.06704,3.36926,27.20158,1.419,4,1.0
1517,2.51153,0.06704,3.36926,27.20158,0.0905,1,1.0
1518,2.51153,0.06704,3.36926,27.20158,0.0554,4,1.25
1519,2.51153,0.06704,3.36926,27.20158,-0.7988,0,0.0
1520,2.51153,0.06704,3.36926,27.20158,-1.7808,1,1.0
1521,2.51153,0.06704,3.36926,27.20158,-1.7649,1,2.0
1522,2.51153,0.06704,3.36926,27.20158,-1.364,3,1.0
1523,2.51153,0.06704,3.36926,27.20158,-0.4493,0,0.0
1524,2.3552,0.06704,3.0618,27.20158,-3.09,6,1.0
1525,2.3552,0.06704,3.0618,27.20158,0.2241,3,1.0
1526,2.3552,0.06704,3.0618,27.20158,0.1121,1,1.0
1527,2.3552,0.06704,3.0618,27.20158,-1.3755,4,1.5
1528,2.3552,0.06704,3.0618,27.20158,1.419,3,1.0
1529,2.3552,0.06704,3.0618,27.20158,0.0905,1,1.0
1530,2.3552,0.06704,3.0618,27.20158,0.0554,1,1.0
1531,2.3552,0.06704,3.0618,27.20158,-0.7988,0,0.0
1532,2.3552,0.06704,3.0618,27.20158,-1.7808,2,1.0
1533,2.3552,0.06704,3.0618,27.20158,-1.7649,0,0.0
1534,2.3552,0.06704,3.0618,27.20158,-1.364,1,1.0
1535,2.3552,0.06704,3.0618,27.20158,-0.4493,2,1.0
