0,2.4948,0.0097,3.7835,8.0426,-1.3163,0,0
1,2.4948,0.0097,3.7835,8.0426,-0.1238,8,1.12
2,2.4948,0.0097,3.7835,8.0426,-3.09,7,1.14
3,2.4948,0.0097,3.7835,8.0426,-1.8339,0,0
4,2.4948,0.0097,3.7835,8.0426,1.9291,1,1
5,2.4948,0.0097,3.7835,8.0426,0.8086,0,0
6,2.4948,0.0097,3.7835,8.0426,-0.1024,0,0
7,2.4948,0.0097,3.7835,8.0426,0.5525,0,0
8,2.4948,0.0097,3.7835,8.0426,-0.5804,2,1
9,2.4948,0.0097,3.7835,8.0426,-1.9394,0,0
10,2.4948,0.0097,3.7835,8.0426,-1.4761,4,1
11,2.4948,0.0097,3.7835,8.0426,-0.4095,12,1.17
12,2.1761,0.0097,5.142,4.6884,-1.3163,1,1
13,2.1761,0.0097,5.142,4.6884,-0.1238,0,0
14,2.1761,0.0097,5.142,4.6884,-3.09,0,0
15,2.1761,0.0097,5.142,4.6884,-1.8339,0,0
16,2.1761,0.0097,5.142,4.6884,1.9291,1,2
17,2.1761,0.0097,5.142,4.6884,0.8086,0,0
18,2.1761,0.0097,5.142,4.6884,-0.1024,5,1
19,2.1761,0.0097,5.142,4.6884,0.5525,1,2
20,2.1761,0.0097,5.142,4.6884,-0.5804,1,2
21,2.1761,0.0097,5.142,4.6884,-1.9394,0,0
22,2.1761,0.0097,5.142,4.6884,-1.4761,0,0
23,2.1761,0.0097,5.142,4.6884,-0.4095,1,2
24,2.0147,0.0097,3.6852,3.2018,-1.3163,5,1
25,2.0147,0.0097,3.6852,3.2018,-0.1238,4,1
26,2.0147,0.0097,3.6852,3.2018,-3.09,0,0
27,2.0147,0.0097,3.6852,3.2018,-1.8339,2,1
28,2.0147,0.0097,3.6852,3.2018,1.9291,0,0
29,2.0147,0.0097,3.6852,3.2018,0.8086,0,0
30,2.0147,0.0097,3.6852,3.2018,-0.1024,2,1
31,2.0147,0.0097,3.6852,3.2018,0.5525,0,0
32,2.0147,0.0097,3.6852,3.2018,-0.5804,3,1
33,2.0147,0.0097,3.6852,3.2018,-1.9394,13,1.15
34,2.0147,0.0097,3.6852,3.2018,-1.4761,19,1.05
35,2.0147,0.0097,3.6852,3.2018,-0.4095,2,1
36,1.9136,0.0097,3.0414,2.3251,-1.3163,15,1
37,1.9136,0.0097,3.0414,2.3251,-0.1238,12,1
38,1.9136,0.0097,3.0414,2.3251,-3.09,3,1.33
39,1.9136,0.0097,3.0414,2.3251,-1.8339,4,1
40,1.9136,0.0097,3.0414,2.3251,1.9291,5,1
41,1.9136,0.0097,3.0414,2.3251,0.8086,3,1
42,1.9136,0.0097,3.0414,2.3251,-0.1024,8,1
43,1.9136,0.0097,3.0414,2.3251,0.5525,16,1.06
44,1.9136,0.0097,3.0414,2.3251,-0.5804,8,1
45,1.9136,0.0097,3.0414,2.3251,-1.9394,4,1
46,1.9136,0.0097,3.0414,2.3251,-1.4761,5,1.4
47,1.9136,0.0097,3.0414,2.3251,-0.4095,3,1
48,1.5816,0,4.3085,18.3609,-1.1212,7,1
49,1.5816,0,4.3085,18.3609,0.6229,10,1
50,1.5816,0,4.3085,18.3609,-0.0837,7,1
51,1.5816,0,4.3085,18.3609,-1.1108,8,1.12
52,1.5816,0,4.3085,18.3609,1.6014,13,1
53,1.5816,0,4.3085,18.3609,1.2922,7,1
54,1.5816,0,4.3085,18.3609,-0.6542,1,1
55,1.5816,0,4.3085,18.3609,-1.583,6,1
56,1.5816,0,4.3085,18.3609,0.16,36,1
57,1.5816,0,4.3085,18.3609,-2.0437,12,1
58,1.5816,0,4.3085,18.3609,-3.09,7,1
59,1.5816,0,4.3085,18.3609,0.8785,6,1
60,0.723,0,8.1122,8.2206,-1.1212,10,1
61,0.723,0,8.1122,8.2206,0.6229,8,1
62,0.723,0,8.1122,8.2206,-0.0837,1,1
63,0.723,0,8.1122,8.2206,-1.1108,2,1
64,0.723,0,8.1122,8.2206,1.6014,1,1
65,0.723,0,8.1122,8.2206,1.2922,11,1.18
66,0.723,0,8.1122,8.2206,-0.6542,13,1
67,0.723,0,8.1122,8.2206,-1.583,0,0
68,0.723,0,8.1122,8.2206,0.16,4,1
69,0.723,0,8.1122,8.2206,-2.0437,5,1
70,0.723,0,8.1122,8.2206,-3.09,7,1
71,0.723,0,8.1122,8.2206,0.8785,1,1
72,0.3148,0,4.553,5.1877,-1.1212,3,1
73,0.3148,0,4.553,5.1877,0.6229,0,0
74,0.3148,0,4.553,5.1877,-0.0837,4,1
75,0.3148,0,4.553,5.1877,-1.1108,5,1
76,0.3148,0,4.553,5.1877,1.6014,0,0
77,0.3148,0,4.553,5.1877,1.2922,5,1
78,0.3148,0,4.553,5.1877,-0.6542,0,0
79,0.3148,0,4.553,5.1877,-1.583,3,1
80,0.3148,0,4.553,5.1877,0.16,1,1
81,0.3148,0,4.553,5.1877,-2.0437,5,1
82,0.3148,0,4.553,5.1877,-3.09,15,1
83,0.3148,0,4.553,5.1877,0.8785,2,1
84,0.0851,0,3.536,4.0149,-1.1212,19,1
85,0.0851,0,3.536,4.0149,0.6229,1,1
86,0.0851,0,3.536,4.0149,-0.0837,1,1
87,0.0851,0,3.536,4.0149,-1.1108,2,1
88,0.0851,0,3.536,4.0149,1.6014,12,1
89,0.0851,0,3.536,4.0149,1.2922,12,1
90,0.0851,0,3.536,4.0149,-0.6542,0,0
91,0.0851,0,3.536,4.0149,-1.583,0,0
92,0.0851,0,3.536,4.0149,0.16,2,1
93,0.0851,0,3.536,4.0149,-2.0437,5,1
94,0.0851,0,3.536,4.0149,-3.09,1,1
95,0.0851,0,3.536,4.0149,0.8785,5,1
96,2.8932,0.0146,0.5872,18.0566,-3.09,2,1
97,2.8932,0.0146,0.5872,18.0566,0.7817,12,1.17
98,2.8932,0.0146,0.5872,18.0566,-3.09,9,1.11
99,2.8932,0.0146,0.5872,18.0566,-1.171,1,1
100,2.8932,0.0146,0.5872,18.0566,0.5507,5,1
101,2.8932,0.0146,0.5872,18.0566,-0.6029,1,1
102,2.8932,0.0146,0.5872,18.0566,-0.4211,2,1
103,2.8932,0.0146,0.5872,18.0566,-1.3942,0,0
104,2.8932,0.0146,0.5872,18.0566,-1.9216,1,1
105,2.8932,0.0146,0.5872,18.0566,-1.6469,0,0
106,2.8932,0.0146,0.5872,18.0566,-1.9098,1,1
107,2.8932,0.0146,0.5872,18.0566,0.5021,14,1
108,2.4802,0.0136,0.383,13.911,-3.09,6,1
109,2.4802,0.0136,0.383,13.911,0.7817,1,1
110,2.4802,0.0136,0.383,13.911,-3.09,2,1
111,2.4802,0.0136,0.383,13.911,-1.171,1,1
112,2.4802,0.0136,0.383,13.911,0.5507,3,1
113,2.4802,0.0136,0.383,13.911,-0.6029,2,1
114,2.4802,0.0136,0.383,13.911,-0.4211,2,1.5
115,2.4802,0.0136,0.383,13.911,-1.3942,1,1
116,2.4802,0.0136,0.383,13.911,-1.9216,7,1.14
117,2.4802,0.0136,0.383,13.911,-1.6469,1,1
118,2.4802,0.0136,0.383,13.911,-1.9098,0,0
119,2.4802,0.0136,0.383,13.911,0.5021,11,1
120,2.2531,0.0128,0.3319,13.911,-3.09,6,1
121,2.2531,0.0128,0.3319,13.911,0.7817,9,1.11
122,2.2531,0.0128,0.3319,13.911,-3.09,2,1
123,2.2531,0.0128,0.3319,13.911,-1.171,0,0
124,2.2531,0.0128,0.3319,13.911,0.5507,6,1
125,2.2531,0.0128,0.3319,13.911,-0.6029,15,1
126,2.2531,0.0128,0.3319,13.911,-0.4211,1,1
127,2.2531,0.0128,0.3319,13.911,-1.3942,6,1
128,2.2531,0.0128,0.3319,13.911,-1.9216,0,0
129,2.2531,0.0128,0.3319,13.911,-1.6469,24,1
130,2.2531,0.0128,0.3319,13.911,-1.9098,12,1.08
131,2.2531,0.0128,0.3319,13.911,0.5021,0,0
132,2.1087,0.0119,0.3064,13.911,-3.09,2,1
133,2.1087,0.0119,0.3064,13.911,0.7817,2,1
134,2.1087,0.0119,0.3064,13.911,-3.09,3,1
135,2.1087,0.0119,0.3064,13.911,-1.171,0,0
136,2.1087,0.0119,0.3064,13.911,0.5507,0,0
137,2.1087,0.0119,0.3064,13.911,-0.6029,0,0
138,2.1087,0.0119,0.3064,13.911,-0.4211,1,1
139,2.1087,0.0119,0.3064,13.911,-1.3942,2,1
140,2.1087,0.0119,0.3064,13.911,-1.9216,0,0
141,2.1087,0.0119,0.3064,13.911,-1.6469,2,1
142,2.1087,0.0119,0.3064,13.911,-1.9098,2,1
143,2.1087,0.0119,0.3064,13.911,0.5021,0,0
144,2.6402,0.0058,1.1195,5.6328,-1.2179,1,1
145,2.6402,0.0058,1.1195,5.6328,-0.0401,2,1
146,2.6402,0.0058,1.1195,5.6328,-1.8274,8,1
147,2.6402,0.0058,1.1195,5.6328,-3.09,1,1
148,2.6402,0.0058,1.1195,5.6328,1.8186,1,1
149,2.6402,0.0058,1.1195,5.6328,1.2301,1,1
150,2.6402,0.0058,1.1195,5.6328,-0.4275,0,0
151,2.6402,0.0058,1.1195,5.6328,0.3627,1,1
152,2.6402,0.0058,1.1195,5.6328,-0.0406,3,1
153,2.6402,0.0058,1.1195,5.6328,-2.0114,1,1
154,2.6402,0.0058,1.1195,5.6328,-1.705,7,1
155,2.6402,0.0058,1.1195,5.6328,-0.1611,2,1.5
156,2.2908,0.0053,0.9173,4.6753,-1.2179,1,1
157,2.2908,0.0053,0.9173,4.6753,-0.0401,1,1
158,2.2908,0.0053,0.9173,4.6753,-1.8274,1,1
159,2.2908,0.0053,0.9173,4.6753,-3.09,1,1
160,2.2908,0.0053,0.9173,4.6753,1.8186,2,1.5
161,2.2908,0.0053,0.9173,4.6753,1.2301,15,1.07
162,2.2908,0.0053,0.9173,4.6753,-0.4275,14,1
163,2.2908,0.0053,0.9173,4.6753,0.3627,0,0
164,2.2908,0.0053,0.9173,4.6753,-0.0406,1,2
165,2.2908,0.0053,0.9173,4.6753,-2.0114,2,1
166,2.2908,0.0053,0.9173,4.6753,-1.705,3,1.33
167,2.2908,0.0053,0.9173,4.6753,-0.1611,4,1
168,2.0972,0.005,0.8085,3.9993,-1.2179,2,1
169,2.0972,0.005,0.8085,3.9993,-0.0401,1,2
170,2.0972,0.005,0.8085,3.9993,-1.8274,1,2
171,2.0972,0.005,0.8085,3.9993,-3.09,2,1
172,2.0972,0.005,0.8085,3.9993,1.8186,1,1
173,2.0972,0.005,0.8085,3.9993,1.2301,9,1.78
174,2.0972,0.005,0.8085,3.9993,-0.4275,0,0
175,2.0972,0.005,0.8085,3.9993,0.3627,0,0
176,2.0972,0.005,0.8085,3.9993,-0.0406,9,1.22
177,2.0972,0.005,0.8085,3.9993,-2.0114,4,1.25
178,2.0972,0.005,0.8085,3.9993,-1.705,13,1
179,2.0972,0.005,0.8085,3.9993,-0.1611,1,1
180,1.976,0.0047,0.7152,3.436,-1.2179,7,1
181,1.976,0.0047,0.7152,3.436,-0.0401,1,1
182,1.976,0.0047,0.7152,3.436,-1.8274,0,0
183,1.976,0.0047,0.7152,3.436,-3.09,1,1
184,1.976,0.0047,0.7152,3.436,1.8186,6,1.17
185,1.976,0.0047,0.7152,3.436,1.2301,4,1.25
186,1.976,0.0047,0.7152,3.436,-0.4275,5,1
187,1.976,0.0047,0.7152,3.436,0.3627,5,1
188,1.976,0.0047,0.7152,3.436,-0.0406,3,1
189,1.976,0.0047,0.7152,3.436,-2.0114,3,1
190,1.976,0.0047,0.7152,3.436,-1.705,1,1
191,1.976,0.0047,0.7152,3.436,-0.1611,2,1
192,3.1122,0.008,0.8781,9.3669,-0.7802,1,1
193,3.1122,0.008,0.8781,9.3669,-0.6915,7,1.29
194,3.1122,0.008,0.8781,9.3669,-0.3937,8,1
195,3.1122,0.008,0.8781,9.3669,-1.8931,1,1
196,3.1122,0.008,0.8781,9.3669,1.227,1,1
197,3.1122,0.008,0.8781,9.3669,1.1298,1,1
198,3.1122,0.008,0.8781,9.3669,0.3986,2,1
199,3.1122,0.008,0.8781,9.3669,-1.1197,0,0
200,3.1122,0.008,0.8781,9.3669,-1.4882,3,1.33
201,3.1122,0.008,0.8781,9.3669,-1.9963,0,0
202,3.1122,0.008,0.8781,9.3669,-1.4576,1,1
203,3.1122,0.008,0.8781,9.3669,0.6836,5,1
204,2.7216,0.0074,1.3721,8.0107,-0.7802,1,2
205,2.7216,0.0074,1.3721,8.0107,-0.6915,0,0
206,2.7216,0.0074,1.3721,8.0107,-0.3937,0,0
207,2.7216,0.0074,1.3721,8.0107,-1.8931,0,0
208,2.7216,0.0074,1.3721,8.0107,1.227,0,0
209,2.7216,0.0074,1.3721,8.0107,1.1298,2,1
210,2.7216,0.0074,1.3721,8.0107,0.3986,4,1
211,2.7216,0.0074,1.3721,8.0107,-1.1197,2,1.5
212,2.7216,0.0074,1.3721,8.0107,-1.4882,6,1
213,2.7216,0.0074,1.3721,8.0107,-1.9963,0,0
214,2.7216,0.0074,1.3721,8.0107,-1.4576,1,1
215,2.7216,0.0074,1.3721,8.0107,0.6836,6,1.17
216,2.511,0.007,0.7683,7.7519,-0.7802,4,1
217,2.511,0.007,0.7683,7.7519,-0.6915,2,1
218,2.511,0.007,0.7683,7.7519,-0.3937,2,1
219,2.511,0.007,0.7683,7.7519,-1.8931,0,0
220,2.511,0.007,0.7683,7.7519,1.227,2,1
221,2.511,0.007,0.7683,7.7519,1.1298,2,1
222,2.511,0.007,0.7683,7.7519,0.3986,1,1
223,2.511,0.007,0.7683,7.7519,-1.1197,0,0
224,2.511,0.007,0.7683,7.7519,-1.4882,0,0
225,2.511,0.007,0.7683,7.7519,-1.9963,19,1.26
226,2.511,0.007,0.7683,7.7519,-1.4576,11,1.18
227,2.511,0.007,0.7683,7.7519,0.6836,1,1
228,2.3904,0.0066,0.4391,7.7069,-0.7802,1,1
229,2.3904,0.0066,0.4391,7.7069,-0.6915,4,1
230,2.3904,0.0066,0.4391,7.7069,-0.3937,0,0
231,2.3904,0.0066,0.4391,7.7069,-1.8931,1,2
232,2.3904,0.0066,0.4391,7.7069,1.227,0,0
233,2.3904,0.0066,0.4391,7.7069,1.1298,0,0
234,2.3904,0.0066,0.4391,7.7069,0.3986,2,1.5
235,2.3904,0.0066,0.4391,7.7069,-1.1197,14,1
236,2.3904,0.0066,0.4391,7.7069,-1.4882,0,0
237,2.3904,0.0066,0.4391,7.7069,-1.9963,0,0
238,2.3904,0.0066,0.4391,7.7069,-1.4576,1,1
239,2.3904,0.0066,0.4391,7.7069,0.6836,0,0
240,5.3086,0.037,2.2477,23.2454,-3.09,0,0
241,5.3086,0.037,2.2477,23.2454,0.6781,2,1
242,5.3086,0.037,2.2477,23.2454,-0.0962,5,1
243,5.3086,0.037,2.2477,23.2454,-1.3951,0,0
244,5.3086,0.037,2.2477,23.2454,0.9131,6,1.33
245,5.3086,0.037,2.2477,23.2454,-0.0617,0,0
246,5.3086,0.037,2.2477,23.2454,0.3693,2,1.5
247,5.3086,0.037,2.2477,23.2454,-0.7459,5,1
248,5.3086,0.037,2.2477,23.2454,-1.8204,2,1
249,5.3086,0.037,2.2477,23.2454,-1.5827,7,1
250,5.3086,0.037,2.2477,23.2454,-1.5875,2,1.5
251,5.3086,0.037,2.2477,23.2454,0.1539,1,1
252,4.5732,0.037,8.3197,23.2454,-3.09,0,0
253,4.5732,0.037,8.3197,23.2454,0.6781,2,2
254,4.5732,0.037,8.3197,23.2454,-0.0962,2,2
255,4.5732,0.037,8.3197,23.2454,-1.3951,3,1
256,4.5732,0.037,8.3197,23.2454,0.9131,1,1
257,4.5732,0.037,8.3197,23.2454,-0.0617,21,1.1
258,4.5732,0.037,8.3197,23.2454,0.3693,4,1
259,4.5732,0.037,8.3197,23.2454,-0.7459,0,0
260,4.5732,0.037,8.3197,23.2454,-1.8204,0,0
261,4.5732,0.037,8.3197,23.2454,-1.5827,0,0
262,4.5732,0.037,8.3197,23.2454,-1.5875,1,2
263,4.5732,0.037,8.3197,23.2454,0.1539,0,0
264,4.183,0.037,4.7489,23.2454,-3.09,0,0
265,4.183,0.037,4.7489,23.2454,0.6781,1,2
266,4.183,0.037,4.7489,23.2454,-0.0962,1,1
267,4.183,0.037,4.7489,23.2454,-1.3951,2,1
268,4.183,0.037,4.7489,23.2454,0.9131,0,0
269,4.183,0.037,4.7489,23.2454,-0.0617,0,0
270,4.183,0.037,4.7489,23.2454,0.3693,0,0
271,4.183,0.037,4.7489,23.2454,-0.7459,0,0
272,4.183,0.037,4.7489,23.2454,-1.8204,1,1
273,4.183,0.037,4.7489,23.2454,-1.5827,3,1
274,4.183,0.037,4.7489,23.2454,-1.5875,4,1
275,4.183,0.037,4.7489,23.2454,0.1539,0,0
276,3.9308,0.037,2.9583,23.2454,-3.09,4,1
277,3.9308,0.037,2.9583,23.2454,0.6781,0,0
278,3.9308,0.037,2.9583,23.2454,-0.0962,0,0
279,3.9308,0.037,2.9583,23.2454,-1.3951,0,0
280,3.9308,0.037,2.9583,23.2454,0.9131,2,1
281,3.9308,0.037,2.9583,23.2454,-0.0617,2,1
282,3.9308,0.037,2.9583,23.2454,0.3693,2,1
283,3.9308,0.037,2.9583,23.2454,-0.7459,1,1
284,3.9308,0.037,2.9583,23.2454,-1.8204,1,1
285,3.9308,0.037,2.9583,23.2454,-1.5827,2,1.5
286,3.9308,0.037,2.9583,23.2454,-1.5875,0,0
287,3.9308,0.037,2.9583,23.2454,0.1539,0,0
288,2.5273,0.0165,1.04,16.0302,-1.1781,1,1
289,2.5273,0.0165,1.04,16.0302,-0.2075,15,1.07
290,2.5273,0.0165,1.04,16.0302,-0.7255,17,1
291,2.5273,0.0165,1.04,16.0302,-1.3804,0,0
292,2.5273,0.0165,1.04,16.0302,0.6975,6,1
293,2.5273,0.0165,1.04,16.0302,-0.0163,17,1
294,2.5273,0.0165,1.04,16.0302,0.8963,7,1
295,2.5273,0.0165,1.04,16.0302,-1.0716,0,0
296,2.5273,0.0165,1.04,16.0302,-1.802,6,1
297,2.5273,0.0165,1.04,16.0302,-1.8768,0,0
298,2.5273,0.0165,1.04,16.0302,-2.0601,3,1
299,2.5273,0.0165,1.04,16.0302,0.5809,3,1
300,2.176,0.0153,1.56,13.3274,-1.1781,1,1
301,2.176,0.0153,1.56,13.3274,-0.2075,2,1
302,2.176,0.0153,1.56,13.3274,-0.7255,3,1
303,2.176,0.0153,1.56,13.3274,-1.3804,1,1
304,2.176,0.0153,1.56,13.3274,0.6975,23,1.04
305,2.176,0.0153,1.56,13.3274,-0.0163,18,1
306,2.176,0.0153,1.56,13.3274,0.8963,10,1
307,2.176,0.0153,1.56,13.3274,-1.0716,5,1
308,2.176,0.0153,1.56,13.3274,-1.802,15,1
309,2.176,0.0153,1.56,13.3274,-1.8768,3,1
310,2.176,0.0153,1.56,13.3274,-2.0601,0,0
311,2.176,0.0153,1.56,13.3274,0.5809,6,1
312,1.9865,0.0144,0.92,13.3274,-1.1781,20,1
313,1.9865,0.0144,0.92,13.3274,-0.2075,18,1
314,1.9865,0.0144,0.92,13.3274,-0.7255,6,1
315,1.9865,0.0144,0.92,13.3274,-1.3804,7,1
316,1.9865,0.0144,0.92,13.3274,0.6975,4,1
317,1.9865,0.0144,0.92,13.3274,-0.0163,6,1
318,1.9865,0.0144,0.92,13.3274,0.8963,0,0
319,1.9865,0.0144,0.92,13.3274,-1.0716,4,1
320,1.9865,0.0144,0.92,13.3274,-1.802,5,1
321,1.9865,0.0144,0.92,13.3274,-1.8768,17,1.12
322,1.9865,0.0144,0.92,13.3274,-2.0601,14,1.14
323,1.9865,0.0144,0.92,13.3274,0.5809,0,0
324,1.8788,0.0137,0.64,13.3274,-1.1781,7,1
325,1.8788,0.0137,0.64,13.3274,-0.2075,5,1.2
326,1.8788,0.0137,0.64,13.3274,-0.7255,6,1
327,1.8788,0.0137,0.64,13.3274,-1.3804,2,1
328,1.8788,0.0137,0.64,13.3274,0.6975,4,1.25
329,1.8788,0.0137,0.64,13.3274,-0.0163,4,1.5
330,1.8788,0.0137,0.64,13.3274,0.8963,2,1
331,1.8788,0.0137,0.64,13.3274,-1.0716,16,1.12
332,1.8788,0.0137,0.64,13.3274,-1.802,2,1
333,1.8788,0.0137,0.64,13.3274,-1.8768,0,0
334,1.8788,0.0137,0.64,13.3274,-2.0601,0,0
335,1.8788,0.0137,0.64,13.3274,0.5809,1,1
336,2.2265,0.005,2.0647,10.7023,-0.8182,4,1.25
337,2.2265,0.005,2.0647,10.7023,1.0403,13,1
338,2.2265,0.005,2.0647,10.7023,-1.8274,7,1
339,2.2265,0.005,2.0647,10.7023,-1.6361,3,1
340,2.2265,0.005,2.0647,10.7023,1.6679,6,1
341,2.2265,0.005,2.0647,10.7023,1.1685,3,1.33
342,2.2265,0.005,2.0647,10.7023,-0.7935,2,1.5
343,2.2265,0.005,2.0647,10.7023,-1.4687,11,1.09
344,2.2265,0.005,2.0647,10.7023,0.1629,6,1
345,2.2265,0.005,2.0647,10.7023,-2.1081,19,1
346,2.2265,0.005,2.0647,10.7023,-2.4075,6,1
347,2.2265,0.005,2.0647,10.7023,0.6614,2,1.5
348,1.9274,0.0047,3.0085,5.8436,-0.8182,5,1
349,1.9274,0.0047,3.0085,5.8436,1.0403,2,1
350,1.9274,0.0047,3.0085,5.8436,-1.8274,0,0
351,1.9274,0.0047,3.0085,5.8436,-1.6361,2,1.5
352,1.9274,0.0047,3.0085,5.8436,1.6679,0,0
353,1.9274,0.0047,3.0085,5.8436,1.1685,30,1.23
354,1.9274,0.0047,3.0085,5.8436,-0.7935,42,1.07
355,1.9274,0.0047,3.0085,5.8436,-1.4687,1,1
356,1.9274,0.0047,3.0085,5.8436,0.1629,1,1
357,1.9274,0.0047,3.0085,5.8436,-2.1081,2,1
358,1.9274,0.0047,3.0085,5.8436,-2.4075,8,1.12
359,1.9274,0.0047,3.0085,5.8436,0.6614,2,1
360,1.7499,0.0043,2.03,3.6769,-0.8182,2,1.5
361,1.7499,0.0043,2.03,3.6769,1.0403,2,1.5
362,1.7499,0.0043,2.03,3.6769,-1.8274,1,1
363,1.7499,0.0043,2.03,3.6769,-1.6361,15,1.07
364,1.7499,0.0043,2.03,3.6769,1.6679,4,1
365,1.7499,0.0043,2.03,3.6769,1.1685,0,0
366,1.7499,0.0043,2.03,3.6769,-0.7935,2,1
367,1.7499,0.0043,2.03,3.6769,-1.4687,1,2
368,1.7499,0.0043,2.03,3.6769,0.1629,4,1
369,1.7499,0.0043,2.03,3.6769,-2.1081,7,1
370,1.7499,0.0043,2.03,3.6769,-2.4075,13,1.08
371,1.7499,0.0043,2.03,3.6769,0.6614,0,0
372,1.6425,0.004,1.601,2.4294,-0.8182,3,1
373,1.6425,0.004,1.601,2.4294,1.0403,0,0
374,1.6425,0.004,1.601,2.4294,-1.8274,2,1
375,1.6425,0.004,1.601,2.4294,-1.6361,0,0
376,1.6425,0.004,1.601,2.4294,1.6679,5,1
377,1.6425,0.004,1.601,2.4294,1.1685,7,1.43
378,1.6425,0.004,1.601,2.4294,-0.7935,7,1.29
379,1.6425,0.004,1.601,2.4294,-1.4687,1,1
380,1.6425,0.004,1.601,2.4294,0.1629,0,0
381,1.6425,0.004,1.601,2.4294,-2.1081,8,1.12
382,1.6425,0.004,1.601,2.4294,-2.4075,1,1
383,1.6425,0.004,1.601,2.4294,0.6614,1,1
384,2.0885,0.0154,1.1374,35.3991,-0.8794,0,0
385,2.0885,0.0154,1.1374,35.3991,0.4545,2,1
386,2.0885,0.0154,1.1374,35.3991,-3.09,8,1.25
387,2.0885,0.0154,1.1374,35.3991,-1.1157,0,0
388,2.0885,0.0154,1.1374,35.3991,1.6351,3,1
389,2.0885,0.0154,1.1374,35.3991,1.1357,1,1
390,2.0885,0.0154,1.1374,35.3991,-0.9314,4,1.25
391,2.0885,0.0154,1.1374,35.3991,-2.5273,0,0
392,2.0885,0.0154,1.1374,35.3991,-1.7488,0,0
393,2.0885,0.0154,1.1374,35.3991,-2.236,0,0
394,2.0885,0.0154,1.1374,35.3991,-1.1085,1,1
395,2.0885,0.0154,1.1374,35.3991,-0.9613,2,1
396,1.79,0.0144,3.0213,23.4837,-0.8794,1,1
397,1.79,0.0144,3.0213,23.4837,0.4545,3,1
398,1.79,0.0144,3.0213,23.4837,-3.09,1,1
399,1.79,0.0144,3.0213,23.4837,-1.1157,0,0
400,1.79,0.0144,3.0213,23.4837,1.6351,4,1
401,1.79,0.0144,3.0213,23.4837,1.1357,2,1
402,1.79,0.0144,3.0213,23.4837,-0.9314,4,1.5
403,1.79,0.0144,3.0213,23.4837,-2.5273,1,1
404,1.79,0.0144,3.0213,23.4837,-1.7488,3,1.33
405,1.79,0.0144,3.0213,23.4837,-2.236,1,2
406,1.79,0.0144,3.0213,23.4837,-1.1085,0,0
407,1.79,0.0144,3.0213,23.4837,-0.9613,2,1
408,1.6142,0.0135,1.5748,18.2201,-0.8794,2,1
409,1.6142,0.0135,1.5748,18.2201,0.4545,4,1
410,1.6142,0.0135,1.5748,18.2201,-3.09,2,1
411,1.6142,0.0135,1.5748,18.2201,-1.1157,2,1
412,1.6142,0.0135,1.5748,18.2201,1.6351,4,1.25
413,1.6142,0.0135,1.5748,18.2201,1.1357,3,1.33
414,1.6142,0.0135,1.5748,18.2201,-0.9314,0,0
415,1.6142,0.0135,1.5748,18.2201,-2.5273,0,0
416,1.6142,0.0135,1.5748,18.2201,-1.7488,1,1
417,1.6142,0.0135,1.5748,18.2201,-2.236,11,1.18
418,1.6142,0.0135,1.5748,18.2201,-1.1085,11,1
419,1.6142,0.0135,1.5748,18.2201,-0.9613,4,1.5
420,1.5096,0.0128,0.9332,15.0967,-0.8794,5,1
421,1.5096,0.0128,0.9332,15.0967,0.4545,4,1
422,1.5096,0.0128,0.9332,15.0967,-3.09,3,1
423,1.5096,0.0128,0.9332,15.0967,-1.1157,1,1
424,1.5096,0.0128,0.9332,15.0967,1.6351,4,1
425,1.5096,0.0128,0.9332,15.0967,1.1357,4,1
426,1.5096,0.0128,0.9332,15.0967,-0.9314,5,1
427,1.5096,0.0128,0.9332,15.0967,-2.5273,7,1
428,1.5096,0.0128,0.9332,15.0967,-1.7488,3,1
429,1.5096,0.0128,0.9332,15.0967,-2.236,2,1
430,1.5096,0.0128,0.9332,15.0967,-1.1085,3,1
431,1.5096,0.0128,0.9332,15.0967,-0.9613,7,1.29
432,2.542,0.037,2.2704,9.891,-2.5669,7,1
433,2.542,0.037,2.2704,9.891,0.1413,6,1
434,2.542,0.037,2.2704,9.891,-0.0939,7,1.14
435,2.542,0.037,2.2704,9.891,-3.09,2,1
436,2.542,0.037,2.2704,9.891,1.0866,3,1
437,2.542,0.037,2.2704,9.891,0.0594,1,1
438,2.542,0.037,2.2704,9.891,0.8509,2,1
439,2.542,0.037,2.2704,9.891,-0.4271,5,1
440,2.542,0.037,2.2704,9.891,-1.7249,15,1
441,2.542,0.037,2.2704,9.891,-1.5526,2,1
442,2.542,0.037,2.2704,9.891,-1.4983,4,1.25
443,2.542,0.037,2.2704,9.891,-0.001,7,1
444,2.1891,0.037,4.4858,5.55,-2.5669,3,1
445,2.1891,0.037,4.4858,5.55,0.1413,10,1.1
446,2.1891,0.037,4.4858,5.55,-0.0939,2,1.5
447,2.1891,0.037,4.4858,5.55,-3.09,4,1
448,2.1891,0.037,4.4858,5.55,1.0866,2,1
449,2.1891,0.037,4.4858,5.55,0.0594,31,1.13
450,2.1891,0.037,4.4858,5.55,0.8509,30,1
451,2.1891,0.037,4.4858,5.55,-0.4271,0,0
452,2.1891,0.037,4.4858,5.55,-1.7249,4,1
453,2.1891,0.037,4.4858,5.55,-1.5526,8,1
454,2.1891,0.037,4.4858,5.55,-1.4983,6,1
455,2.1891,0.037,4.4858,5.55,-0.001,6,1.17
456,2.0069,0.037,2.3117,3.6267,-2.5669,1,1
457,2.0069,0.037,2.3117,3.6267,0.1413,3,1.67
458,2.0069,0.037,2.3117,3.6267,-0.0939,4,1
459,2.0069,0.037,2.3117,3.6267,-3.09,7,1
460,2.0069,0.037,2.3117,3.6267,1.0866,3,1
461,2.0069,0.037,2.3117,3.6267,0.0594,12,1.08
462,2.0069,0.037,2.3117,3.6267,0.8509,1,1
463,2.0069,0.037,2.3117,3.6267,-0.4271,0,0
464,2.0069,0.037,2.3117,3.6267,-1.7249,1,1
465,2.0069,0.037,2.3117,3.6267,-1.5526,7,1.14
466,2.0069,0.037,2.3117,3.6267,-1.4983,18,1
467,2.0069,0.037,2.3117,3.6267,-0.001,4,1.25
468,1.89,0.037,1.72,2.4728,-2.5669,17,1.06
469,1.89,0.037,1.72,2.4728,0.1413,4,1.75
470,1.89,0.037,1.72,2.4728,-0.0939,0,0
471,1.89,0.037,1.72,2.4728,-3.09,18,1.11
472,1.89,0.037,1.72,2.4728,1.0866,18,1
473,1.89,0.037,1.72,2.4728,0.0594,8,1.12
474,1.89,0.037,1.72,2.4728,0.8509,9,1
475,1.89,0.037,1.72,2.4728,-0.4271,2,1
476,1.89,0.037,1.72,2.4728,-1.7249,8,1
477,1.89,0.037,1.72,2.4728,-1.5526,3,1
478,1.89,0.037,1.72,2.4728,-1.4983,2,1.5
479,1.89,0.037,1.72,2.4728,-0.001,9,1.33
480,1.6517,0.0035,1.9234,8.7523,-0.214,4,1.75
481,1.6517,0.0035,1.9234,8.7523,-0.5315,12,1.58
482,1.6517,0.0035,1.9234,8.7523,-0.2556,5,1.4
483,1.6517,0.0035,1.9234,8.7523,-1.6878,1,1
484,1.6517,0.0035,1.9234,8.7523,0.7771,1,2
485,1.6517,0.0035,1.9234,8.7523,1.2243,6,1
486,1.6517,0.0035,1.9234,8.7523,0.2457,4,1.5
487,1.6517,0.0035,1.9234,8.7523,-1.4391,2,1.5
488,1.6517,0.0035,1.9234,8.7523,-1.6723,8,1.12
489,1.6517,0.0035,1.9234,8.7523,-2.0196,3,1.67
490,1.6517,0.0035,1.9234,8.7523,-1.6435,1,1
491,1.6517,0.0035,1.9234,8.7523,1.1381,13,1.23
492,1.4275,0.0033,6.1714,4.6867,-0.214,1,1
493,1.4275,0.0033,6.1714,4.6867,-0.5315,0,0
494,1.4275,0.0033,6.1714,4.6867,-0.2556,0,0
495,1.4275,0.0033,6.1714,4.6867,-1.6878,0,0
496,1.4275,0.0033,6.1714,4.6867,0.7771,13,1.46
497,1.4275,0.0033,6.1714,4.6867,1.2243,9,1.33
498,1.4275,0.0033,6.1714,4.6867,0.2457,4,1
499,1.4275,0.0033,6.1714,4.6867,-1.4391,3,1
500,1.4275,0.0033,6.1714,4.6867,-1.6723,5,1
501,1.4275,0.0033,6.1714,4.6867,-2.0196,3,1.33
502,1.4275,0.0033,6.1714,4.6867,-1.6435,2,1.5
503,1.4275,0.0033,6.1714,4.6867,1.1381,6,1.17
504,1.3129,0.0031,4.345,2.9363,-0.214,2,1.5
505,1.3129,0.0031,4.345,2.9363,-0.5315,3,1.67
506,1.3129,0.0031,4.345,2.9363,-0.2556,5,1.4
507,1.3129,0.0031,4.345,2.9363,-1.6878,2,1
508,1.3129,0.0031,4.345,2.9363,0.7771,2,1.5
509,1.3129,0.0031,4.345,2.9363,1.2243,8,1.62
510,1.3129,0.0031,4.345,2.9363,0.2457,3,1.67
511,1.3129,0.0031,4.345,2.9363,-1.4391,4,1.5
512,1.3129,0.0031,4.345,2.9363,-1.6723,0,0
513,1.3129,0.0031,4.345,2.9363,-2.0196,6,1.33
514,1.3129,0.0031,4.345,2.9363,-1.6435,5,1.4
515,1.3129,0.0031,4.345,2.9363,1.1381,0,0
516,1.2423,0.0029,2.3468,1.8634,-0.214,1,1
517,1.2423,0.0029,2.3468,1.8634,-0.5315,4,1.5
518,1.2423,0.0029,2.3468,1.8634,-0.2556,0,0
519,1.2423,0.0029,2.3468,1.8634,-1.6878,1,1
520,1.2423,0.0029,2.3468,1.8634,0.7771,0,0
521,1.2423,0.0029,2.3468,1.8634,1.2243,1,2
522,1.2423,0.0029,2.3468,1.8634,0.2457,2,1
523,1.2423,0.0029,2.3468,1.8634,-1.4391,2,1.5
524,1.2423,0.0029,2.3468,1.8634,-1.6723,1,1
525,1.2423,0.0029,2.3468,1.8634,-2.0196,2,1.5
526,1.2423,0.0029,2.3468,1.8634,-1.6435,0,0
527,1.2423,0.0029,2.3468,1.8634,1.1381,0,0
528,3.5092,0.0041,1.1353,19.2603,-3.09,2,1.5
529,3.5092,0.0041,1.1353,19.2603,0.4051,0,0
530,3.5092,0.0041,1.1353,19.2603,0.1095,2,1.5
531,3.5092,0.0041,1.1353,19.2603,-1.3378,3,2
532,3.5092,0.0041,1.1353,19.2603,1.1931,3,1.33
533,3.5092,0.0041,1.1353,19.2603,0.0711,1,2
534,3.5092,0.0041,1.1353,19.2603,0.0171,0,0
535,3.5092,0.0041,1.1353,19.2603,-0.5429,5,1.6
536,3.5092,0.0041,1.1353,19.2603,-1.8515,0,0
537,3.5092,0.0041,1.1353,19.2603,-1.6616,3,1.67
538,3.5092,0.0041,1.1353,19.2603,-1.494,1,1
539,3.5092,0.0041,1.1353,19.2603,-0.1948,0,0
540,3.0304,0.0038,3.1931,12.3011,-3.09,1,1
541,3.0304,0.0038,3.1931,12.3011,0.4051,1,1
542,3.0304,0.0038,3.1931,12.3011,0.1095,0,0
543,3.0304,0.0038,3.1931,12.3011,-1.3378,0,0
544,3.0304,0.0038,3.1931,12.3011,1.1931,0,0
545,3.0304,0.0038,3.1931,12.3011,0.0711,19,1.21
546,3.0304,0.0038,3.1931,12.3011,0.0171,8,1.12
547,3.0304,0.0038,3.1931,12.3011,-0.5429,0,0
548,3.0304,0.0038,3.1931,12.3011,-1.8515,0,0
549,3.0304,0.0038,3.1931,12.3011,-1.6616,6,1
550,3.0304,0.0038,3.1931,12.3011,-1.494,1,2
551,3.0304,0.0038,3.1931,12.3011,-0.1948,0,0
552,2.7712,0.0036,2.4922,9.2626,-3.09,1,1
553,2.7712,0.0036,2.4922,9.2626,0.4051,0,0
554,2.7712,0.0036,2.4922,9.2626,0.1095,3,1.33
555,2.7712,0.0036,2.4922,9.2626,-1.3378,2,1
556,2.7712,0.0036,2.4922,9.2626,1.1931,1,1
557,2.7712,0.0036,2.4922,9.2626,0.0711,7,1
558,2.7712,0.0036,2.4922,9.2626,0.0171,1,1
559,2.7712,0.0036,2.4922,9.2626,-0.5429,0,0
560,2.7712,0.0036,2.4922,9.2626,-1.8515,0,0
561,2.7712,0.0036,2.4922,9.2626,-1.6616,4,1.25
562,2.7712,0.0036,2.4922,9.2626,-1.494,3,1
563,2.7712,0.0036,2.4922,9.2626,-0.1948,1,2
564,2.6075,0.0034,1.3435,7.4493,-3.09,3,1
565,2.6075,0.0034,1.3435,7.4493,0.4051,0,0
566,2.6075,0.0034,1.3435,7.4493,0.1095,0,0
567,2.6075,0.0034,1.3435,7.4493,-1.3378,2,1
568,2.6075,0.0034,1.3435,7.4493,1.1931,3,1
569,2.6075,0.0034,1.3435,7.4493,0.0711,2,1
570,2.6075,0.0034,1.3435,7.4493,0.0171,3,1
571,2.6075,0.0034,1.3435,7.4493,-0.5429,4,1
572,2.6075,0.0034,1.3435,7.4493,-1.8515,0,0
573,2.6075,0.0034,1.3435,7.4493,-1.6616,3,1.33
574,2.6075,0.0034,1.3435,7.4493,-1.494,0,0
575,2.6075,0.0034,1.3435,7.4493,-0.1948,0,0
576,2.7599,0.0145,3.5886,13.1346,-1.4701,1,1
577,2.7599,0.0145,3.5886,13.1346,0.7661,10,1
578,2.7599,0.0145,3.5886,13.1346,-1.8274,12,1.08
579,2.7599,0.0145,3.5886,13.1346,-3.09,1,1
580,2.7599,0.0145,3.5886,13.1346,1.8935,5,1.2
581,2.7599,0.0145,3.5886,13.1346,1.4513,8,1.12
582,2.7599,0.0145,3.5886,13.1346,-0.0931,10,1
583,2.7599,0.0145,3.5886,13.1346,0.4069,1,1
584,2.7599,0.0145,3.5886,13.1346,-0.3302,8,1
585,2.7599,0.0145,3.5886,13.1346,-2.2472,0,0
586,2.7599,0.0145,3.5886,13.1346,-1.3791,3,1
587,2.7599,0.0145,3.5886,13.1346,-0.6003,14,1.07
588,2.3891,0.0145,7.0497,7.7227,-1.4701,2,1
589,2.3891,0.0145,7.0497,7.7227,0.7661,3,1
590,2.3891,0.0145,7.0497,7.7227,-1.8274,1,1
591,2.3891,0.0145,7.0497,7.7227,-3.09,0,0
592,2.3891,0.0145,7.0497,7.7227,1.8935,0,0
593,2.3891,0.0145,7.0497,7.7227,1.4513,4,1.25
594,2.3891,0.0145,7.0497,7.7227,-0.0931,14,1.07
595,2.3891,0.0145,7.0497,7.7227,0.4069,1,1
596,2.3891,0.0145,7.0497,7.7227,-0.3302,9,1
597,2.3891,0.0145,7.0497,7.7227,-2.2472,2,1.5
598,2.3891,0.0145,7.0497,7.7227,-1.3791,1,1
599,2.3891,0.0145,7.0497,7.7227,-0.6003,7,1.29
600,2.1916,0.0145,4.1044,5.2903,-1.4701,10,1.1
601,2.1916,0.0145,4.1044,5.2903,0.7661,13,1.23
602,2.1916,0.0145,4.1044,5.2903,-1.8274,5,1
603,2.1916,0.0145,4.1044,5.2903,-3.09,2,2
604,2.1916,0.0145,4.1044,5.2903,1.8935,0,0
605,2.1916,0.0145,4.1044,5.2903,1.4513,1,1
606,2.1916,0.0145,4.1044,5.2903,-0.0931,3,1.33
607,2.1916,0.0145,4.1044,5.2903,0.4069,4,1
608,2.1916,0.0145,4.1044,5.2903,-0.3302,1,1
609,2.1916,0.0145,4.1044,5.2903,-2.2472,14,1.14
610,2.1916,0.0145,4.1044,5.2903,-1.3791,6,1
611,2.1916,0.0145,4.1044,5.2903,-0.6003,4,1.25
612,2.064,0.0145,3.064,3.8309,-1.4701,4,1.25
613,2.064,0.0145,3.064,3.8309,0.7661,3,1.33
614,2.064,0.0145,3.064,3.8309,-1.8274,4,1.25
615,2.064,0.0145,3.064,3.8309,-3.09,6,1.5
616,2.064,0.0145,3.064,3.8309,1.8935,3,1
617,2.064,0.0145,3.064,3.8309,1.4513,4,1.5
618,2.064,0.0145,3.064,3.8309,-0.0931,1,2
619,2.064,0.0145,3.064,3.8309,0.4069,11,1.27
620,2.064,0.0145,3.064,3.8309,-0.3302,5,1.2
621,2.064,0.0145,3.064,3.8309,-2.2472,1,1
622,2.064,0.0145,3.064,3.8309,-1.3791,1,1
623,2.064,0.0145,3.064,3.8309,-0.6003,0,0
624,1.5795,0.0555,2.4476,10.6643,-2.6488,0,0
625,1.5795,0.0555,2.4476,10.6643,-3.09,8,1.25
626,1.5795,0.0555,2.4476,10.6643,-0.9288,10,1.2
627,1.5795,0.0555,2.4476,10.6643,-1.7251,1,1
628,1.5795,0.0555,2.4476,10.6643,1.2079,2,1
629,1.5795,0.0555,2.4476,10.6643,0.3256,1,1
630,1.5795,0.0555,2.4476,10.6643,0.3287,4,1.75
631,1.5795,0.0555,2.4476,10.6643,-0.413,5,1
632,1.5795,0.0555,2.4476,10.6643,-1.8339,5,1
633,1.5795,0.0555,2.4476,10.6643,-1.9069,2,1
634,1.5795,0.0555,2.4476,10.6643,-1.6666,1,2
635,1.5795,0.0555,2.4476,10.6643,0.1524,0,0
636,1.3567,0.0555,3.2513,5.5212,-2.6488,4,1
637,1.3567,0.0555,3.2513,5.5212,-3.09,4,1.25
638,1.3567,0.0555,3.2513,5.5212,-0.9288,1,2
639,1.3567,0.0555,3.2513,5.5212,-1.7251,3,1
640,1.3567,0.0555,3.2513,5.5212,1.2079,0,0
641,1.3567,0.0555,3.2513,5.5212,0.3256,11,1.27
642,1.3567,0.0555,3.2513,5.5212,0.3287,7,1
643,1.3567,0.0555,3.2513,5.5212,-0.413,0,0
644,1.3567,0.0555,3.2513,5.5212,-1.8339,1,1
645,1.3567,0.0555,3.2513,5.5212,-1.9069,5,1
646,1.3567,0.0555,3.2513,5.5212,-1.6666,1,1
647,1.3567,0.0555,3.2513,5.5212,0.1524,0,0
648,1.2294,0.0555,2.2527,3.2522,-2.6488,2,1
649,1.2294,0.0555,2.2527,3.2522,-3.09,0,0
650,1.2294,0.0555,2.2527,3.2522,-0.9288,0,0
651,1.2294,0.0555,2.2527,3.2522,-1.7251,2,1
652,1.2294,0.0555,2.2527,3.2522,1.2079,0,0
653,1.2294,0.0555,2.2527,3.2522,0.3256,0,0
654,1.2294,0.0555,2.2527,3.2522,0.3287,0,0
655,1.2294,0.0555,2.2527,3.2522,-0.413,0,0
656,1.2294,0.0555,2.2527,3.2522,-1.8339,4,1.5
657,1.2294,0.0555,2.2527,3.2522,-1.9069,1,1
658,1.2294,0.0555,2.2527,3.2522,-1.6666,3,1
659,1.2294,0.0555,2.2527,3.2522,0.1524,0,0
660,1.141,0.0555,1.8022,1.9665,-2.6488,1,1
661,1.141,0.0555,1.8022,1.9665,-3.09,0,0
662,1.141,0.0555,1.8022,1.9665,-0.9288,0,0
663,1.141,0.0555,1.8022,1.9665,-1.7251,1,1
664,1.141,0.0555,1.8022,1.9665,1.2079,2,1
665,1.141,0.0555,1.8022,1.9665,0.3256,2,1
666,1.141,0.0555,1.8022,1.9665,0.3287,3,1
667,1.141,0.0555,1.8022,1.9665,-0.413,3,1
668,1.141,0.0555,1.8022,1.9665,-1.8339,0,0
669,1.141,0.0555,1.8022,1.9665,-1.9069,0,0
670,1.141,0.0555,1.8022,1.9665,-1.6666,1,2
671,1.141,0.0555,1.8022,1.9665,0.1524,0,0
672,2.2676,0.0108,2.3912,9.6571,-1.0018,1,1
673,2.2676,0.0108,2.3912,9.6571,0.4568,11,1.09
674,2.2676,0.0108,2.3912,9.6571,-0.5214,17,1.06
675,2.2676,0.0108,2.3912,9.6571,-1.389,0,0
676,2.2676,0.0108,2.3912,9.6571,0.1931,0,0
677,2.2676,0.0108,2.3912,9.6571,-0.2967,5,1.2
678,2.2676,0.0108,2.3912,9.6571,0.2348,2,1
679,2.2676,0.0108,2.3912,9.6571,-2.194,0,0
680,2.2676,0.0108,2.3912,9.6571,-1.9257,0,0
681,2.2676,0.0108,2.3912,9.6571,-1.8059,1,1
682,2.2676,0.0108,2.3912,9.6571,-2.1713,1,1
683,2.2676,0.0108,2.3912,9.6571,0.5225,2,1
684,1.9367,0.01,2.4533,9.6571,-1.0018,0,0
685,1.9367,0.01,2.4533,9.6571,0.4568,5,1
686,1.9367,0.01,2.4533,9.6571,-0.5214,0,0
687,1.9367,0.01,2.4533,9.6571,-1.389,0,0
688,1.9367,0.01,2.4533,9.6571,0.1931,0,0
689,1.9367,0.01,2.4533,9.6571,-0.2967,2,1
690,1.9367,0.01,2.4533,9.6571,0.2348,6,1
691,1.9367,0.01,2.4533,9.6571,-2.194,0,0
692,1.9367,0.01,2.4533,9.6571,-1.9257,3,1
693,1.9367,0.01,2.4533,9.6571,-1.8059,5,1.4
694,1.9367,0.01,2.4533,9.6571,-2.1713,0,0
695,1.9367,0.01,2.4533,9.6571,0.5225,1,1
696,1.7426,0.0093,2.1789,9.6571,-1.0018,3,1
697,1.7426,0.0093,2.1789,9.6571,0.4568,5,1
698,1.7426,0.0093,2.1789,9.6571,-0.5214,3,1
699,1.7426,0.0093,2.1789,9.6571,-1.389,2,1
700,1.7426,0.0093,2.1789,9.6571,0.1931,1,2
701,1.7426,0.0093,2.1789,9.6571,-0.2967,1,1
702,1.7426,0.0093,2.1789,9.6571,0.2348,0,0
703,1.7426,0.0093,2.1789,9.6571,-2.194,1,1
704,1.7426,0.0093,2.1789,9.6571,-1.9257,1,1
705,1.7426,0.0093,2.1789,9.6571,-1.8059,10,1.2
706,1.7426,0.0093,2.1789,9.6571,-2.1713,10,1
707,1.7426,0.0093,2.1789,9.6571,0.5225,0,0
708,1.616,0.0088,1.8488,9.6571,-1.0018,2,1
709,1.616,0.0088,1.8488,9.6571,0.4568,2,1
710,1.616,0.0088,1.8488,9.6571,-0.5214,7,1
711,1.616,0.0088,1.8488,9.6571,-1.389,1,1
712,1.616,0.0088,1.8488,9.6571,0.1931,0,0
713,1.616,0.0088,1.8488,9.6571,-0.2967,1,1
714,1.616,0.0088,1.8488,9.6571,0.2348,3,1
715,1.616,0.0088,1.8488,9.6571,-2.194,16,1
716,1.616,0.0088,1.8488,9.6571,-1.9257,3,1
717,1.616,0.0088,1.8488,9.6571,-1.8059,1,1
718,1.616,0.0088,1.8488,9.6571,-2.1713,5,1
719,1.616,0.0088,1.8488,9.6571,0.5225,1,1
720,2.015,0.042,0.4877,5.1739,-1.7862,0,0
721,2.015,0.042,0.4877,5.1739,-0.6674,5,1
722,2.015,0.042,0.4877,5.1739,-3.09,6,1
723,2.015,0.042,0.4877,5.1739,-3.09,2,1
724,2.015,0.042,0.4877,5.1739,1.6704,4,1
725,2.015,0.042,0.4877,5.1739,0.6459,1,1
726,2.015,0.042,0.4877,5.1739,-0.1221,1,1
727,2.015,0.042,0.4877,5.1739,0.1147,5,1
728,2.015,0.042,0.4877,5.1739,-1.1403,5,1
729,2.015,0.042,0.4877,5.1739,-1.9207,5,1
730,2.015,0.042,0.4877,5.1739,-1.5794,4,1
731,2.015,0.042,0.4877,5.1739,-0.0426,2,1
732,1.7416,0.042,7.3373,3.14,-1.7862,0,0
733,1.7416,0.042,7.3373,3.14,-0.6674,0,0
734,1.7416,0.042,7.3373,3.14,-3.09,1,1
735,1.7416,0.042,7.3373,3.14,-3.09,1,1
736,1.7416,0.042,7.3373,3.14,1.6704,1,1
737,1.7416,0.042,7.3373,3.14,0.6459,18,1.11
738,1.7416,0.042,7.3373,3.14,-0.1221,17,1
739,1.7416,0.042,7.3373,3.14,0.1147,2,1
740,1.7416,0.042,7.3373,3.14,-1.1403,4,1
741,1.7416,0.042,7.3373,3.14,-1.9207,3,1
742,1.7416,0.042,7.3373,3.14,-1.5794,6,1
743,1.7416,0.042,7.3373,3.14,-0.0426,1,1
744,1.5908,0.042,2.487,2.2661,-1.7862,2,1
745,1.5908,0.042,2.487,2.2661,-0.6674,2,1
746,1.5908,0.042,2.487,2.2661,-3.09,2,1
747,1.5908,0.042,2.487,2.2661,-3.09,14,1.21
748,1.5908,0.042,2.487,2.2661,1.6704,4,1
749,1.5908,0.042,2.487,2.2661,0.6459,0,0
750,1.5908,0.042,2.487,2.2661,-0.1221,0,0
751,1.5908,0.042,2.487,2.2661,0.1147,1,1
752,1.5908,0.042,2.487,2.2661,-1.1403,2,1
753,1.5908,0.042,2.487,2.2661,-1.9207,11,1
754,1.5908,0.042,2.487,2.2661,-1.5794,11,1
755,1.5908,0.042,2.487,2.2661,-0.0426,1,2
756,1.4852,0.042,0.5632,1.7619,-1.7862,8,1
757,1.4852,0.042,0.5632,1.7619,-0.6674,4,1.75
758,1.4852,0.042,0.5632,1.7619,-3.09,0,0
759,1.4852,0.042,0.5632,1.7619,-3.09,6,1
760,1.4852,0.042,0.5632,1.7619,1.6704,11,1.18
761,1.4852,0.042,0.5632,1.7619,0.6459,4,1
762,1.4852,0.042,0.5632,1.7619,-0.1221,0,0
763,1.4852,0.042,0.5632,1.7619,0.1147,2,1
764,1.4852,0.042,0.5632,1.7619,-1.1403,9,1
765,1.4852,0.042,0.5632,1.7619,-1.9207,5,1
766,1.4852,0.042,0.5632,1.7619,-1.5794,5,1.2
767,1.4852,0.042,0.5632,1.7619,-0.0426,1,1
768,1.656,0.0484,1.0188,11.2454,-1.9392,0,0
769,1.656,0.0484,1.0188,11.2454,-0.2729,4,1
770,1.656,0.0484,1.0188,11.2454,0.2527,11,1
771,1.656,0.0484,1.0188,11.2454,-3.09,0,0
772,1.656,0.0484,1.0188,11.2454,1.7703,1,1
773,1.656,0.0484,1.0188,11.2454,0.76,2,1
774,1.656,0.0484,1.0188,11.2454,-0.2975,0,0
775,1.656,0.0484,1.0188,11.2454,-0.1138,0,0
776,1.656,0.0484,1.0188,11.2454,-1.6838,6,1
777,1.656,0.0484,1.0188,11.2454,-1.7624,0,0
778,1.656,0.0484,1.0188,11.2454,-1.2694,2,1
779,1.656,0.0484,1.0188,11.2454,-0.5771,3,1
780,1.4307,0.0484,2.8467,11.2454,-1.9392,0,0
781,1.4307,0.0484,2.8467,11.2454,-0.2729,1,1
782,1.4307,0.0484,2.8467,11.2454,0.2527,0,0
783,1.4307,0.0484,2.8467,11.2454,-3.09,0,0
784,1.4307,0.0484,2.8467,11.2454,1.7703,0,0
785,1.4307,0.0484,2.8467,11.2454,0.76,1,1
786,1.4307,0.0484,2.8467,11.2454,-0.2975,5,1
787,1.4307,0.0484,2.8467,11.2454,-0.1138,0,0
788,1.4307,0.0484,2.8467,11.2454,-1.6838,0,0
789,1.4307,0.0484,2.8467,11.2454,-1.7624,1,1
790,1.4307,0.0484,2.8467,11.2454,-1.2694,0,0
791,1.4307,0.0484,2.8467,11.2454,-0.5771,1,1
792,1.3123,0.0484,1.5944,11.2454,-1.9392,6,1.33
793,1.3123,0.0484,1.5944,11.2454,-0.2729,1,1
794,1.3123,0.0484,1.5944,11.2454,0.2527,1,1
795,1.3123,0.0484,1.5944,11.2454,-3.09,3,1
796,1.3123,0.0484,1.5944,11.2454,1.7703,0,0
797,1.3123,0.0484,1.5944,11.2454,0.76,1,1
798,1.3123,0.0484,1.5944,11.2454,-0.2975,0,0
799,1.3123,0.0484,1.5944,11.2454,-0.1138,0,0
800,1.3123,0.0484,1.5944,11.2454,-1.6838,0,0
801,1.3123,0.0484,1.5944,11.2454,-1.7624,7,1.29
802,1.3123,0.0484,1.5944,11.2454,-1.2694,6,1
803,1.3123,0.0484,1.5944,11.2454,-0.5771,0,0
804,1.232,0.0484,0.9449,11.2454,-1.9392,0,0
805,1.232,0.0484,0.9449,11.2454,-0.2729,0,0
806,1.232,0.0484,0.9449,11.2454,0.2527,2,1
807,1.232,0.0484,0.9449,11.2454,-3.09,1,1
808,1.232,0.0484,0.9449,11.2454,1.7703,1,1
809,1.232,0.0484,0.9449,11.2454,0.76,1,1
810,1.232,0.0484,0.9449,11.2454,-0.2975,1,1
811,1.232,0.0484,0.9449,11.2454,-0.1138,7,1
812,1.232,0.0484,0.9449,11.2454,-1.6838,1,1
813,1.232,0.0484,0.9449,11.2454,-1.7624,0,0
814,1.232,0.0484,0.9449,11.2454,-1.2694,1,1
815,1.232,0.0484,0.9449,11.2454,-0.5771,0,0
816,2.5239,0.0269,3.4315,14.6806,-1.1731,1,1
817,2.5239,0.0269,3.4315,14.6806,0.1529,2,1.5
818,2.5239,0.0269,3.4315,14.6806,0.2195,5,1.2
819,2.5239,0.0269,3.4315,14.6806,-1.3834,0,0
820,2.5239,0.0269,3.4315,14.6806,1.5781,2,1.5
821,2.5239,0.0269,3.4315,14.6806,0.6955,1,1
822,2.5239,0.0269,3.4315,14.6806,0.0167,0,0
823,2.5239,0.0269,3.4315,14.6806,0.2323,0,0
824,2.5239,0.0269,3.4315,14.6806,-1.8363,2,1.5
825,2.5239,0.0269,3.4315,14.6806,-1.9005,3,1
826,2.5239,0.0269,3.4315,14.6806,-0.9789,3,1
827,2.5239,0.0269,3.4315,14.6806,-0.8155,0,0
828,2.1654,0.0252,4.7266,14.6806,-1.1731,0,0
829,2.1654,0.0252,4.7266,14.6806,0.1529,1,1
830,2.1654,0.0252,4.7266,14.6806,0.2195,0,0
831,2.1654,0.0252,4.7266,14.6806,-1.3834,1,1
832,2.1654,0.0252,4.7266,14.6806,1.5781,2,1
833,2.1654,0.0252,4.7266,14.6806,0.6955,13,1.15
834,2.1654,0.0252,4.7266,14.6806,0.0167,7,1
835,2.1654,0.0252,4.7266,14.6806,0.2323,0,0
836,2.1654,0.0252,4.7266,14.6806,-1.8363,8,1
837,2.1654,0.0252,4.7266,14.6806,-1.9005,7,1
838,2.1654,0.0252,4.7266,14.6806,-0.9789,2,1
839,2.1654,0.0252,4.7266,14.6806,-0.8155,1,1
840,1.9708,0.0237,3.394,14.6806,-1.1731,1,1
841,1.9708,0.0237,3.394,14.6806,0.1529,0,0
842,1.9708,0.0237,3.394,14.6806,0.2195,4,1
843,1.9708,0.0237,3.394,14.6806,-1.3834,9,1
844,1.9708,0.0237,3.394,14.6806,1.5781,0,0
845,1.9708,0.0237,3.394,14.6806,0.6955,4,1
846,1.9708,0.0237,3.394,14.6806,0.0167,0,0
847,1.9708,0.0237,3.394,14.6806,0.2323,0,0
848,1.9708,0.0237,3.394,14.6806,-1.8363,2,1
849,1.9708,0.0237,3.394,14.6806,-1.9005,6,1
850,1.9708,0.0237,3.394,14.6806,-0.9789,11,1.09
851,1.9708,0.0237,3.394,14.6806,-0.8155,1,1
852,1.8426,0.0224,2.831,14.6806,-1.1731,5,1.2
853,1.8426,0.0224,2.831,14.6806,0.1529,0,0
854,1.8426,0.0224,2.831,14.6806,0.2195,0,0
855,1.8426,0.0224,2.831,14.6806,-1.3834,7,1
856,1.8426,0.0224,2.831,14.6806,1.5781,5,1
857,1.8426,0.0224,2.831,14.6806,0.6955,3,1.33
858,1.8426,0.0224,2.831,14.6806,0.0167,6,1
859,1.8426,0.0224,2.831,14.6806,0.2323,0,0
860,1.8426,0.0224,2.831,14.6806,-1.8363,0,0
861,1.8426,0.0224,2.831,14.6806,-1.9005,2,1
862,1.8426,0.0224,2.831,14.6806,-0.9789,0,0
863,1.8426,0.0224,2.831,14.6806,-0.8155,4,1.25
864,2.8116,0.0065,0.1117,9.789,-1.2143,0,0
865,2.8116,0.0065,0.1117,9.789,-0.6229,13,1.08
866,2.8116,0.0065,0.1117,9.789,-1.1741,9,1.11
867,2.8116,0.0065,0.1117,9.789,-1.6561,1,1
868,2.8116,0.0065,0.1117,9.789,1.2726,1,1
869,2.8116,0.0065,0.1117,9.789,0.8483,5,1
870,2.8116,0.0065,0.1117,9.789,0.3714,6,1
871,2.8116,0.0065,0.1117,9.789,-0.7033,4,1.25
872,2.8116,0.0065,0.1117,9.789,-1.5357,1,1
873,2.8116,0.0065,0.1117,9.789,-2.092,0,0
874,2.8116,0.0065,0.1117,9.789,-1.6112,5,1
875,2.8116,0.0065,0.1117,9.789,0.4481,12,1.08
876,2.4212,0.0061,5.7334,4.0244,-1.2143,1,2
877,2.4212,0.0061,5.7334,4.0244,-0.6229,2,1
878,2.4212,0.0061,5.7334,4.0244,-1.1741,0,0
879,2.4212,0.0061,5.7334,4.0244,-1.6561,1,1
880,2.4212,0.0061,5.7334,4.0244,1.2726,0,0
881,2.4212,0.0061,5.7334,4.0244,0.8483,4,1
882,2.4212,0.0061,5.7334,4.0244,0.3714,15,1
883,2.4212,0.0061,5.7334,4.0244,-0.7033,0,0
884,2.4212,0.0061,5.7334,4.0244,-1.5357,11,1
885,2.4212,0.0061,5.7334,4.0244,-2.092,0,0
886,2.4212,0.0061,5.7334,4.0244,-1.6112,6,1
887,2.4212,0.0061,5.7334,4.0244,0.4481,0,0
888,2.2112,0.0057,1.75,1.5227,-1.2143,12,1
889,2.2112,0.0057,1.75,1.5227,-0.6229,1,1
890,2.2112,0.0057,1.75,1.5227,-1.1741,0,0
891,2.2112,0.0057,1.75,1.5227,-1.6561,4,1
892,2.2112,0.0057,1.75,1.5227,1.2726,3,1
893,2.2112,0.0057,1.75,1.5227,0.8483,5,1
894,2.2112,0.0057,1.75,1.5227,0.3714,0,0
895,2.2112,0.0057,1.75,1.5227,-0.7033,1,1
896,2.2112,0.0057,1.75,1.5227,-1.5357,0,0
897,2.2112,0.0057,1.75,1.5227,-2.092,8,1.12
898,2.2112,0.0057,1.75,1.5227,-1.6112,11,1
899,2.2112,0.0057,1.75,1.5227,0.4481,0,0
900,2.0864,0.0054,0.2067,0.1088,-1.2143,5,1
901,2.0864,0.0054,0.2067,0.1088,-0.6229,2,1
902,2.0864,0.0054,0.2067,0.1088,-1.1741,3,1
903,2.0864,0.0054,0.2067,0.1088,-1.6561,0,0
904,2.0864,0.0054,0.2067,0.1088,1.2726,8,1
905,2.0864,0.0054,0.2067,0.1088,0.8483,0,0
906,2.0864,0.0054,0.2067,0.1088,0.3714,0,0
907,2.0864,0.0054,0.2067,0.1088,-0.7033,3,1.33
908,2.0864,0.0054,0.2067,0.1088,-1.5357,1,1
909,2.0864,0.0054,0.2067,0.1088,-2.092,2,1
910,2.0864,0.0054,0.2067,0.1088,-1.6112,0,0
911,2.0864,0.0054,0.2067,0.1088,0.4481,1,1
912,2.763,0.0134,1.3071,15.1717,-3.09,0,0
913,2.763,0.0134,1.3071,15.1717,-0.1497,4,1.25
914,2.763,0.0134,1.3071,15.1717,0.3697,4,1
915,2.763,0.0134,1.3071,15.1717,-1.6272,1,1
916,2.763,0.0134,1.3071,15.1717,1.6302,1,1
917,2.763,0.0134,1.3071,15.1717,0.6081,1,1
918,2.763,0.0134,1.3071,15.1717,-0.2196,0,0
919,2.763,0.0134,1.3071,15.1717,0.0311,2,1
920,2.763,0.0134,1.3071,15.1717,-1.7229,6,1
921,2.763,0.0134,1.3071,15.1717,-1.7368,6,1
922,2.763,0.0134,1.3071,15.1717,-1.2412,2,1
923,2.763,0.0134,1.3071,15.1717,-0.629,2,1
924,2.3904,0.0125,3.8658,15.1717,-3.09,1,1
925,2.3904,0.0125,3.8658,15.1717,-0.1497,1,1
926,2.3904,0.0125,3.8658,15.1717,0.3697,1,1
927,2.3904,0.0125,3.8658,15.1717,-1.6272,0,0
928,2.3904,0.0125,3.8658,15.1717,1.6302,1,1
929,2.3904,0.0125,3.8658,15.1717,0.6081,8,1.25
930,2.3904,0.0125,3.8658,15.1717,-0.2196,5,1.2
931,2.3904,0.0125,3.8658,15.1717,0.0311,0,0
932,2.3904,0.0125,3.8658,15.1717,-1.7229,0,0
933,2.3904,0.0125,3.8658,15.1717,-1.7368,1,1
934,2.3904,0.0125,3.8658,15.1717,-1.2412,2,1
935,2.3904,0.0125,3.8658,15.1717,-0.629,1,1
936,2.1828,0.0116,2.1458,15.1717,-3.09,1,1
937,2.1828,0.0116,2.1458,15.1717,-0.1497,1,1
938,2.1828,0.0116,2.1458,15.1717,0.3697,1,1
939,2.1828,0.0116,2.1458,15.1717,-1.6272,5,1.2
940,2.1828,0.0116,2.1458,15.1717,1.6302,1,1
941,2.1828,0.0116,2.1458,15.1717,0.6081,2,1
942,2.1828,0.0116,2.1458,15.1717,-0.2196,0,0
943,2.1828,0.0116,2.1458,15.1717,0.0311,1,1
944,2.1828,0.0116,2.1458,15.1717,-1.7229,1,1
945,2.1828,0.0116,2.1458,15.1717,-1.7368,4,1
946,2.1828,0.0116,2.1458,15.1717,-1.2412,1,1
947,2.1828,0.0116,2.1458,15.1717,-0.629,1,1
948,2.052,0.011,1.3705,15.1717,-3.09,1,1
949,2.052,0.011,1.3705,15.1717,-0.1497,2,1
950,2.052,0.011,1.3705,15.1717,0.3697,0,0
951,2.052,0.011,1.3705,15.1717,-1.6272,0,0
952,2.052,0.011,1.3705,15.1717,1.6302,3,1
953,2.052,0.011,1.3705,15.1717,0.6081,5,1
954,2.052,0.011,1.3705,15.1717,-0.2196,5,1
955,2.052,0.011,1.3705,15.1717,0.0311,0,0
956,2.052,0.011,1.3705,15.1717,-1.7229,1,1
957,2.052,0.011,1.3705,15.1717,-1.7368,1,1
958,2.052,0.011,1.3705,15.1717,-1.2412,0,0
959,2.052,0.011,1.3705,15.1717,-0.629,3,1.33
960,2.3701,0.0062,1.3489,8.5395,-1.4136,0,0
961,2.3701,0.0062,1.3489,8.5395,-0.2924,7,1.43
962,2.3701,0.0062,1.3489,8.5395,-3.09,6,1
963,2.3701,0.0062,1.3489,8.5395,-3.09,0,0
964,2.3701,0.0062,1.3489,8.5395,1.9176,4,1
965,2.3701,0.0062,1.3489,8.5395,0.9227,0,0
966,2.3701,0.0062,1.3489,8.5395,0.0133,6,1
967,2.3701,0.0062,1.3489,8.5395,0.0697,1,1
968,2.3701,0.0062,1.3489,8.5395,-1.1695,0,0
969,2.3701,0.0062,1.3489,8.5395,-1.9024,0,0
970,2.3701,0.0062,1.3489,8.5395,-1.3117,3,1
971,2.3701,0.0062,1.3489,8.5395,-0.5994,5,1
972,2.0497,0.0058,3.5149,6.7633,-1.4136,0,0
973,2.0497,0.0058,3.5149,6.7633,-0.2924,1,1
974,2.0497,0.0058,3.5149,6.7633,-3.09,0,0
975,2.0497,0.0058,3.5149,6.7633,-3.09,0,0
976,2.0497,0.0058,3.5149,6.7633,1.9176,0,0
977,2.0497,0.0058,3.5149,6.7633,0.9227,14,1
978,2.0497,0.0058,3.5149,6.7633,0.0133,3,1
979,2.0497,0.0058,3.5149,6.7633,0.0697,1,1
980,2.0497,0.0058,3.5149,6.7633,-1.1695,2,1
981,2.0497,0.0058,3.5149,6.7633,-1.9024,0,0
982,2.0497,0.0058,3.5149,6.7633,-1.3117,0,0
983,2.0497,0.0058,3.5149,6.7633,-0.5994,4,1
984,1.875,0.0055,2.0359,6.7633,-1.4136,3,1
985,1.875,0.0055,2.0359,6.7633,-0.2924,3,1
986,1.875,0.0055,2.0359,6.7633,-3.09,0,0
987,1.875,0.0055,2.0359,6.7633,-3.09,0,0
988,1.875,0.0055,2.0359,6.7633,1.9176,1,1
989,1.875,0.0055,2.0359,6.7633,0.9227,0,0
990,1.875,0.0055,2.0359,6.7633,0.0133,0,0
991,1.875,0.0055,2.0359,6.7633,0.0697,0,0
992,1.875,0.0055,2.0359,6.7633,-1.1695,1,1
993,1.875,0.0055,2.0359,6.7633,-1.9024,23,1
994,1.875,0.0055,2.0359,6.7633,-1.3117,12,1
995,1.875,0.0055,2.0359,6.7633,-0.5994,0,0
996,1.768,0.0052,1.3616,6.7633,-1.4136,9,1
997,1.768,0.0052,1.3616,6.7633,-0.2924,9,1
998,1.768,0.0052,1.3616,6.7633,-3.09,2,1
999,1.768,0.0052,1.3616,6.7633,-3.09,3,1
1000,1.768,0.0052,1.3616,6.7633,1.9176,1,1
1001,1.768,0.0052,1.3616,6.7633,0.9227,2,1
1002,1.768,0.0052,1.3616,6.7633,0.0133,4,1
1003,1.768,0.0052,1.3616,6.7633,0.0697,12,1
1004,1.768,0.0052,1.3616,6.7633,-1.1695,6,1.17
1005,1.768,0.0052,1.3616,6.7633,-1.9024,4,1
1006,1.768,0.0052,1.3616,6.7633,-1.3117,1,1
1007,1.768,0.0052,1.3616,6.7633,-0.5994,0,0
1008,1.9885,0.014,1.4329,23.8307,-3.09,1,1
1009,1.9885,0.014,1.4329,23.8307,0.416,6,1
1010,1.9885,0.014,1.4329,23.8307,-0.2112,11,1
1011,1.9885,0.014,1.4329,23.8307,-1.0642,1,1
1012,1.9885,0.014,1.4329,23.8307,0.81,5,1
1013,1.9885,0.014,1.4329,23.8307,0.1193,0,0
1014,1.9885,0.014,1.4329,23.8307,0.411,0,0
1015,1.9885,0.014,1.4329,23.8307,-0.9236,5,1
1016,1.9885,0.014,1.4329,23.8307,-1.9584,11,1
1017,1.9885,0.014,1.4329,23.8307,-1.7687,8,1.12
1018,1.9885,0.014,1.4329,23.8307,-2.0516,4,1.25
1019,1.9885,0.014,1.4329,23.8307,-0.0829,0,0
1020,1.7106,0.0132,1.245,16.1065,-3.09,3,1
1021,1.7106,0.0132,1.245,16.1065,0.416,10,1.2
1022,1.7106,0.0132,1.245,16.1065,-0.2112,0,0
1023,1.7106,0.0132,1.245,16.1065,-1.0642,0,0
1024,1.7106,0.0132,1.245,16.1065,0.81,0,0
1025,1.7106,0.0132,1.245,16.1065,0.1193,10,1.4
1026,1.7106,0.0132,1.245,16.1065,0.411,10,1.3
1027,1.7106,0.0132,1.245,16.1065,-0.9236,2,1.5
1028,1.7106,0.0132,1.245,16.1065,-1.9584,3,1
1029,1.7106,0.0132,1.245,16.1065,-1.7687,2,2
1030,1.7106,0.0132,1.245,16.1065,-2.0516,0,0
1031,1.7106,0.0132,1.245,16.1065,-0.0829,4,1.25
1032,1.5667,0.0124,1.2004,12.6735,-3.09,1,1
1033,1.5667,0.0124,1.2004,12.6735,0.416,1,2
1034,1.5667,0.0124,1.2004,12.6735,-0.2112,3,1.33
1035,1.5667,0.0124,1.2004,12.6735,-1.0642,1,1
1036,1.5667,0.0124,1.2004,12.6735,0.81,0,0
1037,1.5667,0.0124,1.2004,12.6735,0.1193,0,0
1038,1.5667,0.0124,1.2004,12.6735,0.411,0,0
1039,1.5667,0.0124,1.2004,12.6735,-0.9236,0,0
1040,1.5667,0.0124,1.2004,12.6735,-1.9584,0,0
1041,1.5667,0.0124,1.2004,12.6735,-1.7687,1,2
1042,1.5667,0.0124,1.2004,12.6735,-2.0516,8,1
1043,1.5667,0.0124,1.2004,12.6735,-0.0829,0,0
1044,1.4742,0.0117,0.7728,10.6423,-3.09,1,2
1045,1.4742,0.0117,0.7728,10.6423,0.416,1,1
1046,1.4742,0.0117,0.7728,10.6423,-0.2112,1,1
1047,1.4742,0.0117,0.7728,10.6423,-1.0642,0,0
1048,1.4742,0.0117,0.7728,10.6423,0.81,2,1
1049,1.4742,0.0117,0.7728,10.6423,0.1193,2,1
1050,1.4742,0.0117,0.7728,10.6423,0.411,1,2
1051,1.4742,0.0117,0.7728,10.6423,-0.9236,0,0
1052,1.4742,0.0117,0.7728,10.6423,-1.9584,0,0
1053,1.4742,0.0117,0.7728,10.6423,-1.7687,2,2
1054,1.4742,0.0117,0.7728,10.6423,-2.0516,3,1.33
1055,1.4742,0.0117,0.7728,10.6423,-0.0829,0,0
1056,2.3718,0.0009,1.3754,17.7283,-0.4823,2,1
1057,2.3718,0.0009,1.3754,17.7283,-0.2533,12,1
1058,2.3718,0.0009,1.3754,17.7283,-0.6615,14,1
1059,2.3718,0.0009,1.3754,17.7283,-1.9783,0,0
1060,2.3718,0.0009,1.3754,17.7283,1.3938,0,0
1061,2.3718,0.0009,1.3754,17.7283,1.2808,2,1
1062,2.3718,0.0009,1.3754,17.7283,-0.5974,3,1
1063,2.3718,0.0009,1.3754,17.7283,-1.8986,1,1
1064,2.3718,0.0009,1.3754,17.7283,-0.1244,1,1
1065,2.3718,0.0009,1.3754,17.7283,-1.9561,0,0
1066,2.3718,0.0009,1.3754,17.7283,-3.09,4,1
1067,2.3718,0.0009,1.3754,17.7283,1.0193,2,1
1068,2.0628,0.0005,3.554,10.8949,-0.4823,0,0
1069,2.0628,0.0005,3.554,10.8949,-0.2533,3,1.33
1070,2.0628,0.0005,3.554,10.8949,-0.6615,0,0
1071,2.0628,0.0005,3.554,10.8949,-1.9783,1,1
1072,2.0628,0.0005,3.554,10.8949,1.3938,1,1
1073,2.0628,0.0005,3.554,10.8949,1.2808,3,1
1074,2.0628,0.0005,3.554,10.8949,-0.5974,8,1
1075,2.0628,0.0005,3.554,10.8949,-1.8986,0,0
1076,2.0628,0.0005,3.554,10.8949,-0.1244,10,1
1077,2.0628,0.0005,3.554,10.8949,-1.9561,0,0
1078,2.0628,0.0005,3.554,10.8949,-3.09,2,1
1079,2.0628,0.0005,3.554,10.8949,1.0193,5,1
1080,1.886,0.0002,2.0851,7.8005,-0.4823,8,1
1081,1.886,0.0002,2.0851,7.8005,-0.2533,12,1
1082,1.886,0.0002,2.0851,7.8005,-0.6615,0,0
1083,1.886,0.0002,2.0851,7.8005,-1.9783,0,0
1084,1.886,0.0002,2.0851,7.8005,1.3938,1,1
1085,1.886,0.0002,2.0851,7.8005,1.2808,6,1
1086,1.886,0.0002,2.0851,7.8005,-0.5974,0,0
1087,1.886,0.0002,2.0851,7.8005,-1.8986,1,1
1088,1.886,0.0002,2.0851,7.8005,-0.1244,0,0
1089,1.886,0.0002,2.0851,7.8005,-1.9561,11,1.09
1090,1.886,0.0002,2.0851,7.8005,-3.09,6,1
1091,1.886,0.0002,2.0851,7.8005,1.0193,1,1
1092,1.7739,0.0001,1.4402,5.9954,-0.4823,1,1
1093,1.7739,0.0001,1.4402,5.9954,-0.2533,1,1
1094,1.7739,0.0001,1.4402,5.9954,-0.6615,4,1.25
1095,1.7739,0.0001,1.4402,5.9954,-1.9783,0,0
1096,1.7739,0.0001,1.4402,5.9954,1.3938,8,1.75
1097,1.7739,0.0001,1.4402,5.9954,1.2808,0,0
1098,1.7739,0.0001,1.4402,5.9954,-0.5974,1,1
1099,1.7739,0.0001,1.4402,5.9954,-1.8986,7,1.14
1100,1.7739,0.0001,1.4402,5.9954,-0.1244,2,1
1101,1.7739,0.0001,1.4402,5.9954,-1.9561,3,1
1102,1.7739,0.0001,1.4402,5.9954,-3.09,2,1
1103,1.7739,0.0001,1.4402,5.9954,1.0193,1,1
1104,2.9964,0.0252,2.8831,9.9689,-1.3993,1,1
1105,2.9964,0.0252,2.8831,9.9689,0.3615,0,0
1106,2.9964,0.0252,2.8831,9.9689,-1.8274,6,1.17
1107,2.9964,0.0252,2.8831,9.9689,-3.09,0,0
1108,2.9964,0.0252,2.8831,9.9689,1.957,3,1
1109,2.9964,0.0252,2.8831,9.9689,1.1899,0,0
1110,2.9964,0.0252,2.8831,9.9689,-0.1201,0,0
1111,2.9964,0.0252,2.8831,9.9689,0.2326,10,1
1112,2.9964,0.0252,2.8831,9.9689,-1.0109,4,1
1113,2.9964,0.0252,2.8831,9.9689,-2.1496,6,1.17
1114,2.9964,0.0252,2.8831,9.9689,-1.3474,3,1
1115,2.9964,0.0252,2.8831,9.9689,-0.6739,0,0
1116,2.6077,0.0252,3.9439,5.3081,-1.3993,0,0
1117,2.6077,0.0252,3.9439,5.3081,0.3615,3,1.33
1118,2.6077,0.0252,3.9439,5.3081,-1.8274,1,1
1119,2.6077,0.0252,3.9439,5.3081,-3.09,1,1
1120,2.6077,0.0252,3.9439,5.3081,1.957,1,1
1121,2.6077,0.0252,3.9439,5.3081,1.1899,14,1
1122,2.6077,0.0252,3.9439,5.3081,-0.1201,18,1
1123,2.6077,0.0252,3.9439,5.3081,0.2326,0,0
1124,2.6077,0.0252,3.9439,5.3081,-1.0109,5,1
1125,2.6077,0.0252,3.9439,5.3081,-2.1496,3,1
1126,2.6077,0.0252,3.9439,5.3081,-1.3474,6,1
1127,2.6077,0.0252,3.9439,5.3081,-0.6739,1,1
1128,2.3955,0.0252,2.7911,3.3014,-1.3993,2,1
1129,2.3955,0.0252,2.7911,3.3014,0.3615,1,1
1130,2.3955,0.0252,2.7911,3.3014,-1.8274,2,1
1131,2.3955,0.0252,2.7911,3.3014,-3.09,10,1
1132,2.3955,0.0252,2.7911,3.3014,1.957,1,1
1133,2.3955,0.0252,2.7911,3.3014,1.1899,5,1
1134,2.3955,0.0252,2.7911,3.3014,-0.1201,1,1
1135,2.3955,0.0252,2.7911,3.3014,0.2326,1,1
1136,2.3955,0.0252,2.7911,3.3014,-1.0109,0,0
1137,2.3955,0.0252,2.7911,3.3014,-2.1496,6,1
1138,2.3955,0.0252,2.7911,3.3014,-1.3474,12,1
1139,2.3955,0.0252,2.7911,3.3014,-0.6739,1,1
1140,2.264,0.0252,2.2879,2.0715,-1.3993,5,1
1141,2.264,0.0252,2.2879,2.0715,0.3615,1,1
1142,2.264,0.0252,2.2879,2.0715,-1.8274,0,0
1143,2.264,0.0252,2.2879,2.0715,-3.09,7,1
1144,2.264,0.0252,2.2879,2.0715,1.957,3,1
1145,2.264,0.0252,2.2879,2.0715,1.1899,4,1
1146,2.264,0.0252,2.2879,2.0715,-0.1201,2,1
1147,2.264,0.0252,2.2879,2.0715,0.2326,7,1
1148,2.264,0.0252,2.2879,2.0715,-1.0109,0,0
1149,2.264,0.0252,2.2879,2.0715,-2.1496,7,1
1150,2.264,0.0252,2.2879,2.0715,-1.3474,3,1.33
1151,2.264,0.0252,2.2879,2.0715,-0.6739,2,1
1152,3.6925,0.0231,1.1883,28.7078,-1.3912,1,1
1153,3.6925,0.0231,1.1883,28.7078,0.7065,7,1.14
1154,3.6925,0.0231,1.1883,28.7078,-0.0022,4,1
1155,3.6925,0.0231,1.1883,28.7078,-1.492,1,1
1156,3.6925,0.0231,1.1883,28.7078,1.6317,0,0
1157,3.6925,0.0231,1.1883,28.7078,0.6146,2,1
1158,3.6925,0.0231,1.1883,28.7078,-1.2134,1,1
1159,3.6925,0.0231,1.1883,28.7078,-1.3126,0,0
1160,3.6925,0.0231,1.1883,28.7078,-1.7456,0,0
1161,3.6925,0.0231,1.1883,28.7078,-2.1068,4,1
1162,3.6925,0.0231,1.1883,28.7078,-0.9487,0,0
1163,3.6925,0.0231,1.1883,28.7078,-0.972,1,1
1164,3.1808,0.0215,1.725,28.7078,-1.3912,4,1
1165,3.1808,0.0215,1.725,28.7078,0.7065,3,1
1166,3.1808,0.0215,1.725,28.7078,-0.0022,0,0
1167,3.1808,0.0215,1.725,28.7078,-1.492,0,0
1168,3.1808,0.0215,1.725,28.7078,1.6317,0,0
1169,3.1808,0.0215,1.725,28.7078,0.6146,3,1
1170,3.1808,0.0215,1.725,28.7078,-1.2134,4,1
1171,3.1808,0.0215,1.725,28.7078,-1.3126,1,1
1172,3.1808,0.0215,1.725,28.7078,-1.7456,8,1
1173,3.1808,0.0215,1.725,28.7078,-2.1068,1,1
1174,3.1808,0.0215,1.725,28.7078,-0.9487,0,0
1175,3.1808,0.0215,1.725,28.7078,-0.972,3,1
1176,2.8914,0.0202,1.035,28.7078,-1.3912,5,1
1177,2.8914,0.0202,1.035,28.7078,0.7065,1,1
1178,2.8914,0.0202,1.035,28.7078,-0.0022,0,0
1179,2.8914,0.0202,1.035,28.7078,-1.492,2,1
1180,2.8914,0.0202,1.035,28.7078,1.6317,1,1
1181,2.8914,0.0202,1.035,28.7078,0.6146,3,1
1182,2.8914,0.0202,1.035,28.7078,-1.2134,1,1
1183,2.8914,0.0202,1.035,28.7078,-1.3126,0,0
1184,2.8914,0.0202,1.035,28.7078,-1.7456,1,1
1185,2.8914,0.0202,1.035,28.7078,-2.1068,4,1
1186,2.8914,0.0202,1.035,28.7078,-0.9487,1,1
1187,2.8914,0.0202,1.035,28.7078,-0.972,0,0
1188,2.725,0.0192,0.7667,28.7078,-1.3912,1,1
1189,2.725,0.0192,0.7667,28.7078,0.7065,2,1
1190,2.725,0.0192,0.7667,28.7078,-0.0022,3,1
1191,2.725,0.0192,0.7667,28.7078,-1.492,0,0
1192,2.725,0.0192,0.7667,28.7078,1.6317,1,1
1193,2.725,0.0192,0.7667,28.7078,0.6146,2,1
1194,2.725,0.0192,0.7667,28.7078,-1.2134,0,0
1195,2.725,0.0192,0.7667,28.7078,-1.3126,3,1
1196,2.725,0.0192,0.7667,28.7078,-1.7456,0,0
1197,2.725,0.0192,0.7667,28.7078,-2.1068,1,1
1198,2.725,0.0192,0.7667,28.7078,-0.9487,0,0
1199,2.725,0.0192,0.7667,28.7078,-0.972,1,1
1200,3.2076,0.0042,1.17,9.676,-3.09,1,1
1201,3.2076,0.0042,1.17,9.676,-0.1845,0,0
1202,3.2076,0.0042,1.17,9.676,0.0394,3,1
1203,3.2076,0.0042,1.17,9.676,-3.09,0,0
1204,3.2076,0.0042,1.17,9.676,1.5163,1,1
1205,3.2076,0.0042,1.17,9.676,0.4786,0,0
1206,3.2076,0.0042,1.17,9.676,0.1045,0,0
1207,3.2076,0.0042,1.17,9.676,-0.3347,2,1.5
1208,3.2076,0.0042,1.17,9.676,-1.6617,1,1
1209,3.2076,0.0042,1.17,9.676,-1.6087,4,1
1210,3.2076,0.0042,1.17,9.676,-1.4712,0,0
1211,3.2076,0.0042,1.17,9.676,-0.1363,0,0
1212,2.762,0.0039,1.65,4.674,-3.09,0,0
1213,2.762,0.0039,1.65,4.674,-0.1845,0,0
1214,2.762,0.0039,1.65,4.674,0.0394,0,0
1215,2.762,0.0039,1.65,4.674,-3.09,0,0
1216,2.762,0.0039,1.65,4.674,1.5163,1,1
1217,2.762,0.0039,1.65,4.674,0.4786,9,1
1218,2.762,0.0039,1.65,4.674,0.1045,15,1
1219,2.762,0.0039,1.65,4.674,-0.3347,0,0
1220,2.762,0.0039,1.65,4.674,-1.6617,5,1.2
1221,2.762,0.0039,1.65,4.674,-1.6087,1,1
1222,2.762,0.0039,1.65,4.674,-1.4712,3,1
1223,2.762,0.0039,1.65,4.674,-0.1363,3,1
1224,2.5223,0.0036,1.05,2.46,-3.09,2,1.5
1225,2.5223,0.0036,1.05,2.46,-0.1845,0,0
1226,2.5223,0.0036,1.05,2.46,0.0394,3,1
1227,2.5223,0.0036,1.05,2.46,-3.09,8,1
1228,2.5223,0.0036,1.05,2.46,1.5163,0,0
1229,2.5223,0.0036,1.05,2.46,0.4786,4,1.25
1230,2.5223,0.0036,1.05,2.46,0.1045,0,0
1231,2.5223,0.0036,1.05,2.46,-0.3347,1,1
1232,2.5223,0.0036,1.05,2.46,-1.6617,1,1
1233,2.5223,0.0036,1.05,2.46,-1.6087,3,1
1234,2.5223,0.0036,1.05,2.46,-1.4712,6,1
1235,2.5223,0.0036,1.05,2.46,-0.1363,0,0
1236,2.3798,0.0034,0.78,1.148,-3.09,3,1
1237,2.3798,0.0034,0.78,1.148,-0.1845,0,0
1238,2.3798,0.0034,0.78,1.148,0.0394,0,0
1239,2.3798,0.0034,0.78,1.148,-3.09,6,1
1240,2.3798,0.0034,0.78,1.148,1.5163,3,1
1241,2.3798,0.0034,0.78,1.148,0.4786,3,1.33
1242,2.3798,0.0034,0.78,1.148,0.1045,0,0
1243,2.3798,0.0034,0.78,1.148,-0.3347,0,0
1244,2.3798,0.0034,0.78,1.148,-1.6617,0,0
1245,2.3798,0.0034,0.78,1.148,-1.6087,0,0
1246,2.3798,0.0034,0.78,1.148,-1.4712,0,0
1247,2.3798,0.0034,0.78,1.148,-0.1363,1,2
1248,2.8188,0.0352,0.7231,30.4676,-1.4222,0,0
1249,2.8188,0.0352,0.7231,30.4676,0.3618,8,1
1250,2.8188,0.0352,0.7231,30.4676,-0.2499,12,1
1251,2.8188,0.0352,0.7231,30.4676,-1.0806,1,1
1252,2.8188,0.0352,0.7231,30.4676,1.516,12,1
1253,2.8188,0.0352,0.7231,30.4676,0.5326,4,1
1254,2.8188,0.0352,0.7231,30.4676,-0.8359,6,1
1255,2.8188,0.0352,0.7231,30.4676,-1.5767,0,0
1256,2.8188,0.0352,0.7231,30.4676,-1.8412,0,0
1257,2.8188,0.0352,0.7231,30.4676,-1.8381,1,1
1258,2.8188,0.0352,0.7231,30.4676,-1.3394,2,1.5
1259,2.8188,0.0352,0.7231,30.4676,-1.0638,6,1
1260,2.4335,0.0329,1.2238,27.4138,-1.4222,1,1
1261,2.4335,0.0329,1.2238,27.4138,0.3618,2,1
1262,2.4335,0.0329,1.2238,27.4138,-0.2499,0,0
1263,2.4335,0.0329,1.2238,27.4138,-1.0806,0,0
1264,2.4335,0.0329,1.2238,27.4138,1.516,0,0
1265,2.4335,0.0329,1.2238,27.4138,0.5326,1,1
1266,2.4335,0.0329,1.2238,27.4138,-0.8359,4,1
1267,2.4335,0.0329,1.2238,27.4138,-1.5767,0,0
1268,2.4335,0.0329,1.2238,27.4138,-1.8412,5,1
1269,2.4335,0.0329,1.2238,27.4138,-1.8381,0,0
1270,2.4335,0.0329,1.2238,27.4138,-1.3394,0,0
1271,2.4335,0.0329,1.2238,27.4138,-1.0638,0,0
1272,2.2203,0.031,0.6119,27.4138,-1.4222,2,1
1273,2.2203,0.031,0.6119,27.4138,0.3618,2,1
1274,2.2203,0.031,0.6119,27.4138,-0.2499,0,0
1275,2.2203,0.031,0.6119,27.4138,-1.0806,3,1
1276,2.2203,0.031,0.6119,27.4138,1.516,1,1
1277,2.2203,0.031,0.6119,27.4138,0.5326,2,1
1278,2.2203,0.031,0.6119,27.4138,-0.8359,0,0
1279,2.2203,0.031,0.6119,27.4138,-1.5767,0,0
1280,2.2203,0.031,0.6119,27.4138,-1.8412,0,0
1281,2.2203,0.031,0.6119,27.4138,-1.8381,7,1
1282,2.2203,0.031,0.6119,27.4138,-1.3394,1,1
1283,2.2203,0.031,0.6119,27.4138,-1.0638,0,0
1284,2.093,0.0294,0.3338,27.4138,-1.4222,0,0
1285,2.093,0.0294,0.3338,27.4138,0.3618,1,1
1286,2.093,0.0294,0.3338,27.4138,-0.2499,1,1
1287,2.093,0.0294,0.3338,27.4138,-1.0806,1,1
1288,2.093,0.0294,0.3338,27.4138,1.516,10,1
1289,2.093,0.0294,0.3338,27.4138,0.5326,1,1
1290,2.093,0.0294,0.3338,27.4138,-0.8359,1,1
1291,2.093,0.0294,0.3338,27.4138,-1.5767,4,1
1292,2.093,0.0294,0.3338,27.4138,-1.8412,0,0
1293,2.093,0.0294,0.3338,27.4138,-1.8381,0,0
1294,2.093,0.0294,0.3338,27.4138,-1.3394,0,0
1295,2.093,0.0294,0.3338,27.4138,-1.0638,2,1
1296,0.6384,0.0174,5.2914,17.4326,-3.09,3,1
1297,0.6384,0.0174,5.2914,17.4326,0.6802,3,1
1298,0.6384,0.0174,5.2914,17.4326,-1.0803,1,1
1299,0.6384,0.0174,5.2914,17.4326,-1.3148,1,1
1300,0.6384,0.0174,5.2914,17.4326,0.6257,2,1
1301,0.6384,0.0174,5.2914,17.4326,-0.7122,0,0
1302,0.6384,0.0174,5.2914,17.4326,0.3268,0,0
1303,0.6384,0.0174,5.2914,17.4326,-1.0172,4,1
1304,0.6384,0.0174,5.2914,17.4326,-1.8336,2,1
1305,0.6384,0.0174,5.2914,17.4326,-1.636,2,1
1306,0.6384,0.0174,5.2914,17.4326,-1.9102,1,1
1307,0.6384,0.0174,5.2914,17.4326,0.4169,2,1
1308,0.4921,0.0162,7.203,17.4326,-3.09,0,0
1309,0.4921,0.0162,7.203,17.4326,0.6802,0,0
1310,0.4921,0.0162,7.203,17.4326,-1.0803,0,0
1311,0.4921,0.0162,7.203,17.4326,-1.3148,0,0
1312,0.4921,0.0162,7.203,17.4326,0.6257,1,1
1313,0.4921,0.0162,7.203,17.4326,-0.7122,7,1.14
1314,0.4921,0.0162,7.203,17.4326,0.3268,4,1
1315,0.4921,0.0162,7.203,17.4326,-1.0172,0,0
1316,0.4921,0.0162,7.203,17.4326,-1.8336,1,1
1317,0.4921,0.0162,7.203,17.4326,-1.636,5,1
1318,0.4921,0.0162,7.203,17.4326,-1.9102,3,1
1319,0.4921,0.0162,7.203,17.4326,0.4169,0,0
1320,0.4123,0.0152,5.2352,17.4326,-3.09,0,0
1321,0.4123,0.0152,5.2352,17.4326,0.6802,1,1
1322,0.4123,0.0152,5.2352,17.4326,-1.0803,4,1
1323,0.4123,0.0152,5.2352,17.4326,-1.3148,7,1
1324,0.4123,0.0152,5.2352,17.4326,0.6257,1,1
1325,0.4123,0.0152,5.2352,17.4326,-0.7122,1,1
1326,0.4123,0.0152,5.2352,17.4326,0.3268,0,0
1327,0.4123,0.0152,5.2352,17.4326,-1.0172,1,1
1328,0.4123,0.0152,5.2352,17.4326,-1.8336,2,1
1329,0.4123,0.0152,5.2352,17.4326,-1.636,0,0
1330,0.4123,0.0152,5.2352,17.4326,-1.9102,2,1
1331,0.4123,0.0152,5.2352,17.4326,0.4169,0,0
1332,0.3458,0.0145,4.3942,17.4326,-3.09,5,1
1333,0.3458,0.0145,4.3942,17.4326,0.6802,4,1
1334,0.3458,0.0145,4.3942,17.4326,-1.0803,0,0
1335,0.3458,0.0145,4.3942,17.4326,-1.3148,1,1
1336,0.3458,0.0145,4.3942,17.4326,0.6257,2,1
1337,0.3458,0.0145,4.3942,17.4326,-0.7122,4,1
1338,0.3458,0.0145,4.3942,17.4326,0.3268,3,1
1339,0.3458,0.0145,4.3942,17.4326,-1.0172,0,0
1340,0.3458,0.0145,4.3942,17.4326,-1.8336,2,1
1341,0.3458,0.0145,4.3942,17.4326,-1.636,1,1
1342,0.3458,0.0145,4.3942,17.4326,-1.9102,0,0
1343,0.3458,0.0145,4.3942,17.4326,0.4169,0,0
1344,2.5704,0.0108,1.8088,13.5233,-1.0691,0,0
1345,2.5704,0.0108,1.8088,13.5233,-0.9111,6,1
1346,2.5704,0.0108,1.8088,13.5233,-0.5966,4,1.25
1347,2.5704,0.0108,1.8088,13.5233,-2.4156,1,2
1348,2.5704,0.0108,1.8088,13.5233,1.6441,2,1
1349,2.5704,0.0108,1.8088,13.5233,1.1326,3,1.67
1350,2.5704,0.0108,1.8088,13.5233,-0.4802,2,1
1351,2.5704,0.0108,1.8088,13.5233,-0.9905,1,1
1352,2.5704,0.0108,1.8088,13.5233,-0.5997,4,1.5
1353,2.5704,0.0108,1.8088,13.5233,-2.1002,1,1
1354,2.5704,0.0108,1.8088,13.5233,-1.6358,0,0
1355,2.5704,0.0108,1.8088,13.5233,0.6547,2,1.5
1356,2.231,0.0101,4.056,13.5233,-1.0691,7,1.14
1357,2.231,0.0101,4.056,13.5233,-0.9111,0,0
1358,2.231,0.0101,4.056,13.5233,-0.5966,0,0
1359,2.231,0.0101,4.056,13.5233,-2.4156,0,0
1360,2.231,0.0101,4.056,13.5233,1.6441,0,0
1361,2.231,0.0101,4.056,13.5233,1.1326,3,1.33
1362,2.231,0.0101,4.056,13.5233,-0.4802,2,1
1363,2.231,0.0101,4.056,13.5233,-0.9905,1,1
1364,2.231,0.0101,4.056,13.5233,-0.5997,1,1
1365,2.231,0.0101,4.056,13.5233,-2.1002,1,1
1366,2.231,0.0101,4.056,13.5233,-1.6358,0,0
1367,2.231,0.0101,4.056,13.5233,0.6547,2,1
1368,2.0415,0.0095,3.432,13.5233,-1.0691,1,1
1369,2.0415,0.0095,3.432,13.5233,-0.9111,1,1
1370,2.0415,0.0095,3.432,13.5233,-0.5966,0,0
1371,2.0415,0.0095,3.432,13.5233,-2.4156,0,0
1372,2.0415,0.0095,3.432,13.5233,1.6441,1,1
1373,2.0415,0.0095,3.432,13.5233,1.1326,0,0
1374,2.0415,0.0095,3.432,13.5233,-0.4802,1,1
1375,2.0415,0.0095,3.432,13.5233,-0.9905,3,1
1376,2.0415,0.0095,3.432,13.5233,-0.5997,1,1
1377,2.0415,0.0095,3.432,13.5233,-2.1002,11,1
1378,2.0415,0.0095,3.432,13.5233,-1.6358,8,1
1379,2.0415,0.0095,3.432,13.5233,0.6547,1,1
1380,1.927,0.009,2.1881,13.5233,-1.0691,4,1
1381,1.927,0.009,2.1881,13.5233,-0.9111,3,1
1382,1.927,0.009,2.1881,13.5233,-0.5966,8,1
1383,1.927,0.009,2.1881,13.5233,-2.4156,1,2
1384,1.927,0.009,2.1881,13.5233,1.6441,2,1
1385,1.927,0.009,2.1881,13.5233,1.1326,3,1
1386,1.927,0.009,2.1881,13.5233,-0.4802,1,1
1387,1.927,0.009,2.1881,13.5233,-0.9905,9,1
1388,1.927,0.009,2.1881,13.5233,-0.5997,1,1
1389,1.927,0.009,2.1881,13.5233,-2.1002,7,1.14
1390,1.927,0.009,2.1881,13.5233,-1.6358,0,0
1391,1.927,0.009,2.1881,13.5233,0.6547,2,1
1392,5.706,0.0162,1.5395,15.128,-0.6506,1,1
1393,5.706,0.0162,1.5395,15.128,-1.7629,4,1
1394,5.706,0.0162,1.5395,15.128,-0.0735,8,1
1395,5.706,0.0162,1.5395,15.128,-2.3206,1,1
1396,5.706,0.0162,1.5395,15.128,1.4486,5,1
1397,5.706,0.0162,1.5395,15.128,1.1623,1,1
1398,5.706,0.0162,1.5395,15.128,-0.3735,1,1
1399,5.706,0.0162,1.5395,15.128,-1.431,2,1
1400,5.706,0.0162,1.5395,15.128,-0.8703,6,1
1401,5.706,0.0162,1.5395,15.128,-2.1856,2,1
1402,5.706,0.0162,1.5395,15.128,-1.998,2,1
1403,5.706,0.0162,1.5395,15.128,0.8914,2,1
1404,4.927,0.0151,2.3046,12.9356,-0.6506,2,1
1405,4.927,0.0151,2.3046,12.9356,-1.7629,1,1
1406,4.927,0.0151,2.3046,12.9356,-0.0735,2,1
1407,4.927,0.0151,2.3046,12.9356,-2.3206,1,1
1408,4.927,0.0151,2.3046,12.9356,1.4486,0,0
1409,4.927,0.0151,2.3046,12.9356,1.1623,5,1.6
1410,4.927,0.0151,2.3046,12.9356,-0.3735,1,1
1411,4.927,0.0151,2.3046,12.9356,-1.431,0,0
1412,4.927,0.0151,2.3046,12.9356,-0.8703,0,0
1413,4.927,0.0151,2.3046,12.9356,-2.1856,2,1.5
1414,4.927,0.0151,2.3046,12.9356,-1.998,1,1
1415,4.927,0.0151,2.3046,12.9356,0.8914,2,1
1416,4.5022,0.0142,1.5012,12.9356,-0.6506,1,1
1417,4.5022,0.0142,1.5012,12.9356,-1.7629,2,1
1418,4.5022,0.0142,1.5012,12.9356,-0.0735,1,1
1419,4.5022,0.0142,1.5012,12.9356,-2.3206,1,1
1420,4.5022,0.0142,1.5012,12.9356,1.4486,0,0
1421,4.5022,0.0142,1.5012,12.9356,1.1623,1,1
1422,4.5022,0.0142,1.5012,12.9356,-0.3735,0,0
1423,4.5022,0.0142,1.5012,12.9356,-1.431,1,1
1424,4.5022,0.0142,1.5012,12.9356,-0.8703,3,1
1425,4.5022,0.0142,1.5012,12.9356,-2.1856,2,1
1426,4.5022,0.0142,1.5012,12.9356,-1.998,4,1.25
1427,4.5022,0.0142,1.5012,12.9356,0.8914,1,1
1428,4.2363,0.0134,1.1784,12.9356,-0.6506,2,1
1429,4.2363,0.0134,1.1784,12.9356,-1.7629,6,1
1430,4.2363,0.0134,1.1784,12.9356,-0.0735,1,1
1431,4.2363,0.0134,1.1784,12.9356,-2.3206,1,1
1432,4.2363,0.0134,1.1784,12.9356,1.4486,7,1
1433,4.2363,0.0134,1.1784,12.9356,1.1623,1,1
1434,4.2363,0.0134,1.1784,12.9356,-0.3735,0,0
1435,4.2363,0.0134,1.1784,12.9356,-1.431,1,2
1436,4.2363,0.0134,1.1784,12.9356,-0.8703,3,1
1437,4.2363,0.0134,1.1784,12.9356,-2.1856,2,1
1438,4.2363,0.0134,1.1784,12.9356,-1.998,0,0
1439,4.2363,0.0134,1.1784,12.9356,0.8914,0,0
1440,2.178,0.0345,1.248,12.042,-1.0281,0,0
1441,2.178,0.0345,1.248,12.042,0.1367,11,1
1442,2.178,0.0345,1.248,12.042,-0.6915,9,1
1443,2.178,0.0345,1.248,12.042,-3.09,0,0
1444,2.178,0.0345,1.248,12.042,1.6958,0,0
1445,2.178,0.0345,1.248,12.042,1.2245,3,1
1446,2.178,0.0345,1.248,12.042,-0.3027,3,1
1447,2.178,0.0345,1.248,12.042,-0.404,1,1
1448,2.178,0.0345,1.248,12.042,-0.3768,5,1
1449,2.178,0.0345,1.248,12.042,-1.9621,0,0
1450,2.178,0.0345,1.248,12.042,-1.848,1,1
1451,2.178,0.0345,1.248,12.042,0.3532,2,1
1452,1.8887,0.0345,3.3923,5.575,-1.0281,0,0
1453,1.8887,0.0345,3.3923,5.575,0.1367,1,1
1454,1.8887,0.0345,3.3923,5.575,-0.6915,0,0
1455,1.8887,0.0345,3.3923,5.575,-3.09,1,1
1456,1.8887,0.0345,3.3923,5.575,1.6958,0,0
1457,1.8887,0.0345,3.3923,5.575,1.2245,3,1.33
1458,1.8887,0.0345,3.3923,5.575,-0.3027,3,1
1459,1.8887,0.0345,3.3923,5.575,-0.404,0,0
1460,1.8887,0.0345,3.3923,5.575,-0.3768,2,1
1461,1.8887,0.0345,3.3923,5.575,-1.9621,0,0
1462,1.8887,0.0345,3.3923,5.575,-1.848,0,0
1463,1.8887,0.0345,3.3923,5.575,0.3532,1,1
1464,1.7354,0.0345,1.9528,2.7875,-1.0281,4,1
1465,1.7354,0.0345,1.9528,2.7875,0.1367,2,1
1466,1.7354,0.0345,1.9528,2.7875,-0.6915,1,1
1467,1.7354,0.0345,1.9528,2.7875,-3.09,0,0
1468,1.7354,0.0345,1.9528,2.7875,1.6958,1,1
1469,1.7354,0.0345,1.9528,2.7875,1.2245,0,0
1470,1.7354,0.0345,1.9528,2.7875,-0.3027,0,0
1471,1.7354,0.0345,1.9528,2.7875,-0.404,0,0
1472,1.7354,0.0345,1.9528,2.7875,-0.3768,0,0
1473,1.7354,0.0345,1.9528,2.7875,-1.9621,12,1.17
1474,1.7354,0.0345,1.9528,2.7875,-1.848,8,1
1475,1.7354,0.0345,1.9528,2.7875,0.3532,0,0
1476,1.6463,0.0345,1.2329,1.0035,-1.0281,6,1
1477,1.6463,0.0345,1.2329,1.0035,0.1367,1,1
1478,1.6463,0.0345,1.2329,1.0035,-0.6915,11,1
1479,1.6463,0.0345,1.2329,1.0035,-3.09,0,0
1480,1.6463,0.0345,1.2329,1.0035,1.6958,0,0
1481,1.6463,0.0345,1.2329,1.0035,1.2245,0,0
1482,1.6463,0.0345,1.2329,1.0035,-0.3027,7,1
1483,1.6463,0.0345,1.2329,1.0035,-0.404,8,1
1484,1.6463,0.0345,1.2329,1.0035,-0.3768,1,1
1485,1.6463,0.0345,1.2329,1.0035,-1.9621,3,1
1486,1.6463,0.0345,1.2329,1.0035,-1.848,0,0
1487,1.6463,0.0345,1.2329,1.0035,0.3532,0,0
1488,3.2076,0.067,3.9166,27.2016,-3.09,3,1
1489,3.2076,0.067,3.9166,27.2016,0.2241,2,1.5
1490,3.2076,0.067,3.9166,27.2016,0.1121,7,1
1491,3.2076,0.067,3.9166,27.2016,-1.3755,0,0
1492,3.2076,0.067,3.9166,27.2016,1.419,1,1
1493,3.2076,0.067,3.9166,27.2016,0.0905,0,0
1494,3.2076,0.067,3.9166,27.2016,0.0554,0,0
1495,3.2076,0.067,3.9166,27.2016,-0.7988,5,1
1496,3.2076,0.067,3.9166,27.2016,-1.7808,1,1
1497,3.2076,0.067,3.9166,27.2016,-1.7649,4,1
1498,3.2076,0.067,3.9166,27.2016,-1.364,1,1
1499,3.2076,0.067,3.9166,27.2016,-0.4493,1,1
1500,2.7521,0.067,3.8766,27.2016,-3.09,15,1
1501,2.7521,0.067,3.8766,27.2016,0.2241,3,1
1502,2.7521,0.067,3.8766,27.2016,0.1121,0,0
1503,2.7521,0.067,3.8766,27.2016,-1.3755,0,0
1504,2.7521,0.067,3.8766,27.2016,1.419,1,1
1505,2.7521,0.067,3.8766,27.2016,0.0905,21,1
1506,2.7521,0.067,3.8766,27.2016,0.0554,18,1
1507,2.7521,0.067,3.8766,27.2016,-0.7988,0,0
1508,2.7521,0.067,3.8766,27.2016,-1.7808,4,1
1509,2.7521,0.067,3.8766,27.2016,-1.7649,5,1
1510,2.7521,0.067,3.8766,27.2016,-1.364,6,1
1511,2.7521,0.067,3.8766,27.2016,-0.4493,2,1
1512,2.5115,0.067,3.3693,27.2016,-3.09,2,1
1513,2.5115,0.067,3.3693,27.2016,0.2241,2,1
1514,2.5115,0.067,3.3693,27.2016,0.1121,3,1
1515,2.5115,0.067,3.3693,27.2016,-1.3755,11,1
1516,2.5115,0.067,3.3693,27.2016,1.419,4,1.25
1517,2.5115,0.067,3.3693,27.2016,0.0905,2,1
1518,2.5115,0.067,3.3693,27.2016,0.0554,0,0
1519,2.5115,0.067,3.3693,27.2016,-0.7988,2,1
1520,2.5115,0.067,3.3693,27.2016,-1.7808,2,1
1521,2.5115,0.067,3.3693,27.2016,-1.7649,4,1
1522,2.5115,0.067,3.3693,27.2016,-1.364,8,1.12
1523,2.5115,0.067,3.3693,27.2016,-0.4493,1,1
1524,2.3552,0.067,3.0618,27.2016,-3.09,6,1
1525,2.3552,0.067,3.0618,27.2016,0.2241,3,1
1526,2.3552,0.067,3.0618,27.2016,0.1121,1,2
1527,2.3552,0.067,3.0618,27.2016,-1.3755,3,1.33
1528,2.3552,0.067,3.0618,27.2016,1.419,9,1
1529,2.3552,0.067,3.0618,27.2016,0.0905,4,1
1530,2.3552,0.067,3.0618,27.2016,0.0554,7,1
1531,2.3552,0.067,3.0618,27.2016,-0.7988,2,1
1532,2.3552,0.067,3.0618,27.2016,-1.7808,1,1
1533,2.3552,0.067,3.0618,27.2016,-1.7649,9,1
1534,2.3552,0.067,3.0618,27.2016,-1.364,0,0
1535,2.3552,0.067,3.0618,27.2016,-0.4493,2,1