1.16,24.1,1.5,74.9,0.084529792,1.7739097,5.299131605,0,0
2.16,24.1,1.5,74.9,0.084529792,0.8991952,5.299131605,0,0
3.16,24.1,1.5,74.9,0.084529792,-0.39040092,5.299131605,1,1
4.16,24.1,1.5,74.9,0.084529792,-1.4409181,5.299131605,0,0
5.16,24.1,1.5,74.9,0.084529792,1.5178033,5.299131605,0,0
6.16,24.1,1.5,74.9,0.084529792,-2.308155,5.299131605,0,0
7.16,24.1,1.5,74.9,0.084529792,1.6311705,5.299131605,0,0
8.16,24.1,1.5,74.9,0.084529792,2.044445,5.299131605,0,0
9.16,24.1,1.5,74.9,0.084529792,0.22465505,5.299131605,0,0
10.16,24.1,1.5,74.9,0.084529792,-2.940303,5.299131605,1,1
11.16,24.1,1.5,74.9,0.084529792,-0.35105154,5.299131605,0,0
12.16,24.1,1.5,74.9,0.084529792,1.4789902,5.299131605,0,0
1.17,24.26,1.52,75.62,0.070627074,0.6233101,7.452543546,3,1
2.17,24.26,1.52,75.62,0.070627074,0.004072605,7.452543546,2,3
3.17,24.26,1.52,75.62,0.070627074,-2.6297398,7.452543546,1,2
4.17,24.26,1.52,75.62,0.070627074,-0.2584831,7.452543546,1,1
5.17,24.26,1.52,75.62,0.070627074,0.44214144,7.452543546,0,0
6.17,24.26,1.52,75.62,0.070627074,0.6356985,7.452543546,1,1
7.17,24.26,1.52,75.62,0.070627074,-1.4547069,7.452543546,0,0
8.17,24.26,1.52,75.62,0.070627074,-1.4650671,7.452543546,1,1
9.17,24.26,1.52,75.62,0.070627074,-0.43182647,7.452543546,2,1
10.17,24.26,1.52,75.62,0.070627074,-0.11013549,7.452543546,1,1
11.17,24.26,1.52,75.62,0.070627074,-0.32923532,7.452543546,1,1
12.17,24.26,1.52,75.62,0.070627074,-0.4698843,7.452543546,0,0
1.18,24.42,1.54,76.34,0.056724357,0.7731796,7.75529405,3,1
2.18,24.42,1.54,76.34,0.056724357,0.4412693,7.75529405,2,3
3.18,24.42,1.54,76.34,0.056724357,0.13074829,7.75529405,1,2
4.18,24.42,1.54,76.34,0.056724357,0.6483831,7.75529405,1,1
5.18,24.42,1.54,76.34,0.056724357,2.4510198,7.75529405,0,0
6.18,24.42,1.54,76.34,0.056724357,-0.764893,7.75529405,1,1
7.18,24.42,1.54,76.34,0.056724357,0.21640702,7.75529405,0,0
8.18,24.42,1.54,76.34,0.056724357,-0.5330176,7.75529405,1,1
9.18,24.42,1.54,76.34,0.056724357,0.42915386,7.75529405,2,1
10.18,24.42,1.54,76.34,0.056724357,2.3223128,7.75529405,1,1
11.18,24.42,1.54,76.34,0.056724357,0.028086979,7.75529405,1,1
12.18,24.42,1.54,76.34,0.056724357,1.9208674,7.75529405,0,0
1.19,24.58,1.56,77.06,0.042821639,0.103166829,4.569158998,3,1
2.19,24.58,1.56,77.06,0.042821639,-0.5270721,4.569158998,2,3
3.19,24.58,1.56,77.06,0.042821639,-0.766791484,4.569158998,1,2
4.19,24.58,1.56,77.06,0.042821639,0.451662619,4.569158998,1,1
5.19,24.58,1.56,77.06,0.042821639,1.819661416,4.569158998,0,0
6.19,24.58,1.56,77.06,0.042821639,0.92780036,4.569158998,1,1
7.19,24.58,1.56,77.06,0.042821639,-1.459423016,4.569158998,0,0
8.19,24.58,1.56,77.06,0.042821639,-1.849644175,4.569158998,1,1
9.19,24.58,1.56,77.06,0.042821639,0.454148304,4.569158998,2,1
10.19,24.58,1.56,77.06,0.042821639,1.870295476,4.569158998,1,1
11.19,24.58,1.56,77.06,0.042821639,0.149473919,4.569158998,1,1
12.19,24.58,1.56,77.06,0.042821639,-2.019081485,4.569158998,0,0
1.16,18.3,0.2,92.65,0.999870843,0.77322966,7.167829391,8,1.5
2.16,18.3,0.2,92.65,0.999870843,-0.53003085,7.167829391,24,1.17
3.16,18.3,0.2,92.65,0.999870843,0.77162147,7.167829391,21,1.48
4.16,18.3,0.2,92.65,0.999870843,-1.4594396,7.167829391,2,1
5.16,18.3,0.2,92.65,0.999870843,-0.62806493,7.167829391,6,2.17
6.16,18.3,0.2,92.65,0.999870843,0.37089103,7.167829391,11,2
7.16,18.3,0.2,92.65,0.999870843,1.6403825,7.167829391,4,1.25
8.16,18.3,0.2,92.65,0.999870843,-2.2779512,7.167829391,8,2
9.16,18.3,0.2,92.65,0.999870843,-0.932887,7.167829391,10,2.7
10.16,18.3,0.2,92.65,0.999870843,0.68428856,7.167829391,7,1.71
11.16,18.3,0.2,92.65,0.999870843,0.49727622,7.167829391,7,1.14
12.16,18.3,0.2,92.65,0.999870843,0.337281,7.167829391,5,3
1.17,18.6,0.2,93.14,0.999870318,-0.4806687,3.962395522,13,1.46
2.17,18.6,0.2,93.14,0.999870318,-0.015392335,3.962395522,15,1.27
3.17,18.6,0.2,93.14,0.999870318,0.56225413,3.962395522,15,1.33
4.17,18.6,0.2,93.14,0.999870318,-2.4305923,3.962395522,11,2.09
5.17,18.6,0.2,93.14,0.999870318,-1.0413343,3.962395522,19,1.95
6.17,18.6,0.2,93.14,0.999870318,-0.5330167,3.962395522,11,1.36
7.17,18.6,0.2,93.14,0.999870318,1.0214849,3.962395522,7,2
8.17,18.6,0.2,93.14,0.999870318,1.232063,3.962395522,8,2
9.17,18.6,0.2,93.14,0.999870318,0.44931728,3.962395522,12,1.08
10.17,18.6,0.2,93.14,0.999870318,-3.09,3.962395522,4,1.25
11.17,18.6,0.2,93.14,0.999870318,0.3609805,3.962395522,7,1.57
12.17,18.6,0.2,93.14,0.999870318,0.2840427,3.962395522,11,1.18
1.18,18.9,0.2,93.63,0.999869792,-1.2547066,-0.119280013,13,1.46
2.18,18.9,0.2,93.63,0.999869792,1.4968965,-0.119280013,15,1.27
3.18,18.9,0.2,93.63,0.999869792,1.5517908,-0.119280013,15,1.33
4.18,18.9,0.2,93.63,0.999869792,0.73643357,-0.119280013,11,2.09
5.18,18.9,0.2,93.63,0.999869792,0.9318943,-0.119280013,19,1.95
6.18,18.9,0.2,93.63,0.999869792,0.22028527,-0.119280013,11,1.36
7.18,18.9,0.2,93.63,0.999869792,-0.79752314,-0.119280013,7,2
8.18,18.9,0.2,93.63,0.999869792,0.8651788,-0.119280013,8,2
9.18,18.9,0.2,93.63,0.999869792,0.7504138,-0.119280013,12,1.08
10.18,18.9,0.2,93.63,0.999869792,-0.42776585,-0.119280013,4,1.25
11.18,18.9,0.2,93.63,0.999869792,-0.44807112,-0.119280013,7,1.57
12.18,18.9,0.2,93.63,0.999869792,2.4271064,-0.119280013,11,1.18
1.19,19.2,0.2,94.12,0.999869267,2.033767981,-3.48931705,13,1.46
2.19,19.2,0.2,94.12,0.999869267,-1.600622465,-3.48931705,15,1.27
3.19,19.2,0.2,94.12,0.999869267,-2.12664929,-3.48931705,15,1.33
4.19,19.2,0.2,94.12,0.999869267,-0.21087141,-3.48931705,11,2.09
5.19,19.2,0.2,94.12,0.999869267,-0.035526367,-3.48931705,19,1.95
6.19,19.2,0.2,94.12,0.999869267,1.539273872,-3.48931705,11,1.36
7.19,19.2,0.2,94.12,0.999869267,1.120073542,-3.48931705,7,2
8.19,19.2,0.2,94.12,0.999869267,-2.262562252,-3.48931705,8,2
9.19,19.2,0.2,94.12,0.999869267,-1.105874949,-3.48931705,12,1.08
10.19,19.2,0.2,94.12,0.999869267,0.702011703,-3.48931705,4,1.25
11.19,19.2,0.2,94.12,0.999869267,-0.558916551,-3.48931705,7,1.57
12.19,19.2,0.2,94.12,0.999869267,0.149396333,-3.48931705,11,1.18
1.16,15.85,0.85,87.5,0.51533115,1.2058836,8.313478987,7,1.71
2.16,15.85,0.85,87.5,0.51533115,0.08529063,8.313478987,12,1.67
3.16,15.85,0.85,87.5,0.51533115,-2.9367552,8.313478987,4,1
4.16,15.85,0.85,87.5,0.51533115,2.6535249,8.313478987,8,2.38
5.16,15.85,0.85,87.5,0.51533115,-2.1194868,8.313478987,5,2.6
6.16,15.85,0.85,87.5,0.51533115,0.5745682,8.313478987,7,1
7.16,15.85,0.85,87.5,0.51533115,-0.26905587,8.313478987,11,1.27
8.16,15.85,0.85,87.5,0.51533115,-1.3765119,8.313478987,11,1.18
9.16,15.85,0.85,87.5,0.51533115,-0.3844678,8.313478987,10,2.4
10.16,15.85,0.85,87.5,0.51533115,-0.21593678,8.313478987,4,2
11.16,15.85,0.85,87.5,0.51533115,-1.3495951,8.313478987,1,1
12.16,15.85,0.85,87.5,0.51533115,-3.0622065,8.313478987,1,1
1.17,15.92,0.86,88.2,0.506311398,-0.87111586,11.29837807,19,1.47
2.17,15.92,0.86,88.2,0.506311398,1.0485032,11.29837807,14,1
3.17,15.92,0.86,88.2,0.506311398,-0.92658705,11.29837807,17,1.18
4.17,15.92,0.86,88.2,0.506311398,-0.37667775,11.29837807,11,1.18
5.17,15.92,0.86,88.2,0.506311398,0.605175,11.29837807,8,1.62
6.17,15.92,0.86,88.2,0.506311398,-0.94627035,11.29837807,17,1.29
7.17,15.92,0.86,88.2,0.506311398,-0.2747126,11.29837807,6,1
8.17,15.92,0.86,88.2,0.506311398,-0.1142637,11.29837807,5,1.8
9.17,15.92,0.86,88.2,0.506311398,-2.1692963,11.29837807,14,1.14
10.17,15.92,0.86,88.2,0.506311398,0.90034354,11.29837807,1,1
11.17,15.92,0.86,88.2,0.506311398,-0.83463246,11.29837807,4,1.25
12.17,15.92,0.86,88.2,0.506311398,1.5526779,11.29837807,9,1
1.18,15.99,0.87,88.9,0.497291645,-1.0438969,9.603286719,19,1.47
2.18,15.99,0.87,88.9,0.497291645,-0.12802354,9.603286719,14,1
3.18,15.99,0.87,88.9,0.497291645,-1.3128917,9.603286719,17,1.18
4.18,15.99,0.87,88.9,0.497291645,-0.50551283,9.603286719,11,1.18
5.18,15.99,0.87,88.9,0.497291645,1.6561425,9.603286719,8,1.62
6.18,15.99,0.87,88.9,0.497291645,0.32711026,9.603286719,17,1.29
7.18,15.99,0.87,88.9,0.497291645,0.1560099,9.603286719,6,1
8.18,15.99,0.87,88.9,0.497291645,-0.9604842,9.603286719,5,1.8
9.18,15.99,0.87,88.9,0.497291645,-1.1519287,9.603286719,14,1.14
10.18,15.99,0.87,88.9,0.497291645,-0.53229785,9.603286719,1,1
11.18,15.99,0.87,88.9,0.497291645,0.9094441,9.603286719,4,1.25
12.18,15.99,0.87,88.9,0.497291645,0.83257955,9.603286719,9,1
1.19,16.06,0.88,89.6,0.488271893,0.532898298,4.999607703,19,1.47
2.19,16.06,0.88,89.6,0.488271893,-2.699908227,4.999607703,14,1
3.19,16.06,0.88,89.6,0.488271893,1.109369122,4.999607703,17,1.18
4.19,16.06,0.88,89.6,0.488271893,-1.694791784,4.999607703,11,1.18
5.19,16.06,0.88,89.6,0.488271893,-0.003964911,4.999607703,8,1.62
6.19,16.06,0.88,89.6,0.488271893,1.32650829,4.999607703,17,1.29
7.19,16.06,0.88,89.6,0.488271893,-1.033191954,4.999607703,6,1
8.19,16.06,0.88,89.6,0.488271893,0.473133457,4.999607703,5,1.8
9.19,16.06,0.88,89.6,0.488271893,-1.190269637,4.999607703,14,1.14
10.19,16.06,0.88,89.6,0.488271893,-0.937610691,4.999607703,1,1
11.19,16.06,0.88,89.6,0.488271893,-1.264981561,4.999607703,4,1.25
12.19,16.06,0.88,89.6,0.488271893,-0.299739235,4.999607703,9,1
1.16,30.05,0.65,81.5,0.229567272,2.1643698,3.485387839,0,0
2.16,30.05,0.65,81.5,0.229567272,0.8250695,3.485387839,0,0
3.16,30.05,0.65,81.5,0.229567272,2.139629,3.485387839,0,0
4.16,30.05,0.65,81.5,0.229567272,-0.046415012,3.485387839,0,0
5.16,30.05,0.65,81.5,0.229567272,0.37647486,3.485387839,0,0
6.16,30.05,0.65,81.5,0.229567272,0.38686925,3.485387839,0,0
7.16,30.05,0.65,81.5,0.229567272,-0.39409178,3.485387839,0,0
8.16,30.05,0.65,81.5,0.229567272,1.8540409,3.485387839,0,0
9.16,30.05,0.65,81.5,0.229567272,-0.4257061,3.485387839,2,3
10.16,30.05,0.65,81.5,0.229567272,0.230361,3.485387839,1,2
11.16,30.05,0.65,81.5,0.229567272,-0.8571856,3.485387839,0,0
12.16,30.05,0.65,81.5,0.229567272,0.4228233,3.485387839,0,0
1.17,30.2,0.66,82.2,0.21891761,0.43138242,3.578460504,2,1
2.17,30.2,0.66,82.2,0.21891761,1.5702668,3.578460504,0,0
3.17,30.2,0.66,82.2,0.21891761,0.9350114,3.578460504,0,0
4.17,30.2,0.66,82.2,0.21891761,0.9845874,3.578460504,4,2.75
5.17,30.2,0.66,82.2,0.21891761,0.05092843,3.578460504,0,0
6.17,30.2,0.66,82.2,0.21891761,0.017949222,3.578460504,0,0
7.17,30.2,0.66,82.2,0.21891761,0.3339067,3.578460504,0,0
8.17,30.2,0.66,82.2,0.21891761,-3.09,3.578460504,0,0
9.17,30.2,0.66,82.2,0.21891761,2.1765747,3.578460504,0,0
10.17,30.2,0.66,82.2,0.21891761,1.39204,3.578460504,0,0
11.17,30.2,0.66,82.2,0.21891761,-1.8662528,3.578460504,0,0
12.17,30.2,0.66,82.2,0.21891761,0.008043684,3.578460504,0,0
1.18,30.35,0.67,82.9,0.208267947,0.28387773,8.5867009,2,1
2.18,30.35,0.67,82.9,0.208267947,-2.8817713,8.5867009,0,0
3.18,30.35,0.67,82.9,0.208267947,1.6333187,8.5867009,0,0
4.18,30.35,0.67,82.9,0.208267947,-0.17041367,8.5867009,4,2.75
5.18,30.35,0.67,82.9,0.208267947,-1.5141866,8.5867009,0,0
6.18,30.35,0.67,82.9,0.208267947,1.3927809,8.5867009,0,0
7.18,30.35,0.67,82.9,0.208267947,-0.27920496,8.5867009,0,0
8.18,30.35,0.67,82.9,0.208267947,-0.26667875,8.5867009,0,0
9.18,30.35,0.67,82.9,0.208267947,-1.2485516,8.5867009,0,0
10.18,30.35,0.67,82.9,0.208267947,-0.046611954,8.5867009,0,0
11.18,30.35,0.67,82.9,0.208267947,-1.5139691,8.5867009,0,0
12.18,30.35,0.67,82.9,0.208267947,0.03763679,8.5867009,0,0
1.19,30.5,0.68,83.6,0.197618285,1.791155948,6.609760191,2,1
2.19,30.5,0.68,83.6,0.197618285,1.100020533,6.609760191,0,0
3.19,30.5,0.68,83.6,0.197618285,-0.853429125,6.609760191,0,0
4.19,30.5,0.68,83.6,0.197618285,0.318653813,6.609760191,4,2.75
5.19,30.5,0.68,83.6,0.197618285,-0.127699187,6.609760191,0,0
6.19,30.5,0.68,83.6,0.197618285,0.302177653,6.609760191,0,0
7.19,30.5,0.68,83.6,0.197618285,1.559634455,6.609760191,0,0
8.19,30.5,0.68,83.6,0.197618285,0.866201322,6.609760191,0,0
9.19,30.5,0.68,83.6,0.197618285,0.498175118,6.609760191,0,0
10.19,30.5,0.68,83.6,0.197618285,0.089652087,6.609760191,0,0
11.19,30.5,0.68,83.6,0.197618285,-0.197981924,6.609760191,0,0
12.19,30.5,0.68,83.6,0.197618285,0.472404641,6.609760191,0,0
1.16,17.15,5.25,71.88709677,0.182326622,1.6755518,3.248237445,1,1
2.16,17.15,5.25,71.88709677,0.182326622,0.60492224,3.248237445,2,1
3.16,17.15,5.25,71.88709677,0.182326622,-0.83310527,3.248237445,0,0
4.16,17.15,5.25,71.88709677,0.182326622,-2.4334028,3.248237445,3,1.33
5.16,17.15,5.25,71.88709677,0.182326622,-0.14254245,3.248237445,1,1
6.16,17.15,5.25,71.88709677,0.182326622,1.6772451,3.248237445,1,1
7.16,17.15,5.25,71.88709677,0.182326622,1.0374229,3.248237445,1,1
8.16,17.15,5.25,71.88709677,0.182326622,-0.1518527,3.248237445,5,1
9.16,17.15,5.25,71.88709677,0.182326622,1.658301,3.248237445,3,1.67
10.16,17.15,5.25,71.88709677,0.182326622,1.6642796,3.248237445,0,0
11.16,17.15,5.25,71.88709677,0.182326622,0.16606979,3.248237445,0,0
12.16,17.15,5.25,71.88709677,0.182326622,-0.058151007,3.248237445,0,0
1.17,17.32,5.46,72.56451613,0.145574262,-0.8558374,9.875363571,15,1
2.17,17.32,5.46,72.56451613,0.145574262,-0.51083666,9.875363571,1,4
3.17,17.32,5.46,72.56451613,0.145574262,-0.7225668,9.875363571,6,1
4.17,17.32,5.46,72.56451613,0.145574262,0.08499021,9.875363571,5,1
5.17,17.32,5.46,72.56451613,0.145574262,-2.538199,9.875363571,0,0
6.17,17.32,5.46,72.56451613,0.145574262,1.4234155,9.875363571,0,0
7.17,17.32,5.46,72.56451613,0.145574262,-0.5970426,9.875363571,0,0
8.17,17.32,5.46,72.56451613,0.145574262,-0.33945224,9.875363571,0,0
9.17,17.32,5.46,72.56451613,0.145574262,1.2282112,9.875363571,0,0
10.17,17.32,5.46,72.56451613,0.145574262,0.5889718,9.875363571,1,1
11.17,17.32,5.46,72.56451613,0.145574262,-3.09,9.875363571,1,1
12.17,17.32,5.46,72.56451613,0.145574262,-1.2305567,9.875363571,0,0
1.18,17.49,5.67,73.24193548,0.108821901,-0.8010139,13.11036089,15,1
2.18,17.49,5.67,73.24193548,0.108821901,-1.9108095,13.11036089,1,4
3.18,17.49,5.67,73.24193548,0.108821901,0.45502508,13.11036089,6,1
4.18,17.49,5.67,73.24193548,0.108821901,1.1296701,13.11036089,5,1
5.18,17.49,5.67,73.24193548,0.108821901,-0.53923607,13.11036089,0,0
6.18,17.49,5.67,73.24193548,0.108821901,0.014038914,13.11036089,0,0
7.18,17.49,5.67,73.24193548,0.108821901,-1.1711029,13.11036089,0,0
8.18,17.49,5.67,73.24193548,0.108821901,0.94054294,13.11036089,0,0
9.18,17.49,5.67,73.24193548,0.108821901,0.45038244,13.11036089,0,0
10.18,17.49,5.67,73.24193548,0.108821901,1.8769355,13.11036089,1,1
11.18,17.49,5.67,73.24193548,0.108821901,0.48043218,13.11036089,1,1
12.18,17.49,5.67,73.24193548,0.108821901,1.8455472,13.11036089,0,0
1.19,17.66,5.88,73.91935484,0.072069541,1.349163208,9.946259192,15,1
2.19,17.66,5.88,73.91935484,0.072069541,0.255448725,9.946259192,1,4
3.19,17.66,5.88,73.91935484,0.072069541,-0.955099419,9.946259192,6,1
4.19,17.66,5.88,73.91935484,0.072069541,-0.687128248,9.946259192,5,1
5.19,17.66,5.88,73.91935484,0.072069541,-0.082465446,9.946259192,0,0
6.19,17.66,5.88,73.91935484,0.072069541,-0.833666256,9.946259192,0,0
7.19,17.66,5.88,73.91935484,0.072069541,-1.222948267,9.946259192,0,0
8.19,17.66,5.88,73.91935484,0.072069541,-0.216268317,9.946259192,0,0
9.19,17.66,5.88,73.91935484,0.072069541,0.026144278,9.946259192,0,0
10.19,17.66,5.88,73.91935484,0.072069541,-0.348151126,9.946259192,1,1
11.19,17.66,5.88,73.91935484,0.072069541,0.591784934,9.946259192,1,1
12.19,17.66,5.88,73.91935484,0.072069541,0.903889318,9.946259192,0,0
1.16,21.55,0.45,79.8,0.286255131,-0.24400909,2.359974681,0,0
2.16,21.55,0.45,79.8,0.286255131,-0.08233152,2.359974681,2,1.5
3.16,21.55,0.45,79.8,0.286255131,-1.5588487,2.359974681,0,0
4.16,21.55,0.45,79.8,0.286255131,-0.41819602,2.359974681,1,2
5.16,21.55,0.45,79.8,0.286255131,0.58623284,2.359974681,4,3
6.16,21.55,0.45,79.8,0.286255131,0.002284573,2.359974681,5,1.2
7.16,21.55,0.45,79.8,0.286255131,-0.59707546,2.359974681,2,1
8.16,21.55,0.45,79.8,0.286255131,0.3793915,2.359974681,2,1.5
9.16,21.55,0.45,79.8,0.286255131,1.0505743,2.359974681,2,4.5
10.16,21.55,0.45,79.8,0.286255131,1.5689696,2.359974681,2,2
11.16,21.55,0.45,79.8,0.286255131,-0.3855345,2.359974681,1,1
12.16,21.55,0.45,79.8,0.286255131,-0.33525768,2.359974681,2,2.5
1.17,21.68,0.46,80.5,0.267962182,-1.2428603,8.13897469,12,1.08
2.17,21.68,0.46,80.5,0.267962182,2.7710075,8.13897469,2,1.5
3.17,21.68,0.46,80.5,0.267962182,-2.2362676,8.13897469,17,1.18
4.17,21.68,0.46,80.5,0.267962182,-0.18292072,8.13897469,4,1
5.17,21.68,0.46,80.5,0.267962182,-0.11229537,8.13897469,6,1
6.17,21.68,0.46,80.5,0.267962182,-0.4777499,8.13897469,5,2
7.17,21.68,0.46,80.5,0.267962182,-3.0231395,8.13897469,0,0
8.17,21.68,0.46,80.5,0.267962182,1.410191,8.13897469,1,1
9.17,21.68,0.46,80.5,0.267962182,-1.371295,8.13897469,2,1
10.17,21.68,0.46,80.5,0.267962182,1.241846,8.13897469,2,1.5
11.17,21.68,0.46,80.5,0.267962182,1.6577189,8.13897469,5,1
12.17,21.68,0.46,80.5,0.267962182,1.0924681,8.13897469,3,1.33
1.18,21.81,0.47,81.2,0.249669234,-0.02144246,10.97778119,12,1.08
2.18,21.81,0.47,81.2,0.249669234,-0.10993595,10.97778119,2,1.5
3.18,21.81,0.47,81.2,0.249669234,0.002866465,10.97778119,17,1.18
4.18,21.81,0.47,81.2,0.249669234,-0.8542774,10.97778119,4,1
5.18,21.81,0.47,81.2,0.249669234,1.1894941,10.97778119,6,1
6.18,21.81,0.47,81.2,0.249669234,0.07371877,10.97778119,5,2
7.18,21.81,0.47,81.2,0.249669234,-2.6019812,10.97778119,0,0
8.18,21.81,0.47,81.2,0.249669234,-0.96588033,10.97778119,1,1
9.18,21.81,0.47,81.2,0.249669234,0.83122313,10.97778119,2,1
10.18,21.81,0.47,81.2,0.249669234,-1.4444623,10.97778119,2,1.5
11.18,21.81,0.47,81.2,0.249669234,0.78362554,10.97778119,5,1
12.18,21.81,0.47,81.2,0.249669234,-0.7561539,10.97778119,3,1.33
1.19,21.94,0.48,81.9,0.231376285,0.550020455,8.327781974,12,1.08
2.19,21.94,0.48,81.9,0.231376285,-1.600116365,8.327781974,2,1.5
3.19,21.94,0.48,81.9,0.231376285,2.122054254,8.327781974,17,1.18
4.19,21.94,0.48,81.9,0.231376285,-2.206867242,8.327781974,4,1
5.19,21.94,0.48,81.9,0.231376285,0.132428764,8.327781974,6,1
6.19,21.94,0.48,81.9,0.231376285,0.106303144,8.327781974,5,2
7.19,21.94,0.48,81.9,0.231376285,-0.101671238,8.327781974,0,0
8.19,21.94,0.48,81.9,0.231376285,-2.646389753,8.327781974,1,1
9.19,21.94,0.48,81.9,0.231376285,1.514341591,8.327781974,2,1
10.19,21.94,0.48,81.9,0.231376285,-1.238277412,8.327781974,2,1.5
11.19,21.94,0.48,81.9,0.231376285,1.271093651,8.327781974,5,1
12.19,21.94,0.48,81.9,0.231376285,0.828239612,8.327781974,3,1.33
1.16,16.4,1.15,76.2,0.343049457,1.5901896,8.099007345,0,0
2.16,16.4,1.15,76.2,0.343049457,-1.6885244,8.099007345,3,1
3.16,16.4,1.15,76.2,0.343049457,-2.9747603,8.099007345,1,5
4.16,16.4,1.15,76.2,0.343049457,-0.9253336,8.099007345,4,2.5
5.16,16.4,1.15,76.2,0.343049457,0.6529956,8.099007345,0,0
6.16,16.4,1.15,76.2,0.343049457,-1.1607736,8.099007345,1,2
7.16,16.4,1.15,76.2,0.343049457,-1.5097425,8.099007345,0,0
8.16,16.4,1.15,76.2,0.343049457,1.6989124,8.099007345,3,1
9.16,16.4,1.15,76.2,0.343049457,2.1692462,8.099007345,0,0
10.16,16.4,1.15,76.2,0.343049457,0.51051545,8.099007345,1,2
11.16,16.4,1.15,76.2,0.343049457,0.43078125,8.099007345,1,1
12.16,16.4,1.15,76.2,0.343049457,-0.8064497,8.099007345,1,1
1.17,16.4,1.18,76.92,0.340971876,-1.8758677,13.74795915,3,2
2.17,16.4,1.18,76.92,0.340971876,-1.2365266,13.74795915,3,2
3.17,16.4,1.18,76.92,0.340971876,-0.4497016,13.74795915,7,1
4.17,16.4,1.18,76.92,0.340971876,-1.2358793,13.74795915,3,1
5.17,16.4,1.18,76.92,0.340971876,0.29868087,13.74795915,1,4
6.17,16.4,1.18,76.92,0.340971876,1.0597974,13.74795915,2,1
7.17,16.4,1.18,76.92,0.340971876,0.26114506,13.74795915,2,1
8.17,16.4,1.18,76.92,0.340971876,0.6549208,13.74795915,2,1
9.17,16.4,1.18,76.92,0.340971876,-0.8666573,13.74795915,3,1.67
10.17,16.4,1.18,76.92,0.340971876,-0.17220254,13.74795915,3,1
11.17,16.4,1.18,76.92,0.340971876,-0.70128894,13.74795915,3,1
12.17,16.4,1.18,76.92,0.340971876,1.7882985,13.74795915,3,1
1.18,16.4,1.21,77.64,0.338894295,1.7896118,10.82257227,3,2
2.18,16.4,1.21,77.64,0.338894295,-3.09,10.82257227,3,2
3.18,16.4,1.21,77.64,0.338894295,0.2523455,10.82257227,7,1
4.18,16.4,1.21,77.64,0.338894295,-0.3390461,10.82257227,3,1
5.18,16.4,1.21,77.64,0.338894295,1.5070599,10.82257227,1,4
6.18,16.4,1.21,77.64,0.338894295,-0.08531794,10.82257227,2,1
7.18,16.4,1.21,77.64,0.338894295,1.234306,10.82257227,2,1
8.18,16.4,1.21,77.64,0.338894295,0.03440091,10.82257227,2,1
9.18,16.4,1.21,77.64,0.338894295,-0.8257139,10.82257227,3,1.67
10.18,16.4,1.21,77.64,0.338894295,-2.5894845,10.82257227,3,1
11.18,16.4,1.21,77.64,0.338894295,-0.081260495,10.82257227,3,1
12.18,16.4,1.21,77.64,0.338894295,0.09251589,10.82257227,3,1
1.19,16.4,1.24,78.36,0.336816714,-0.776239364,2.37993175,3,2
2.19,16.4,1.24,78.36,0.336816714,-1.192729037,2.37993175,3,2
3.19,16.4,1.24,78.36,0.336816714,0.809963163,2.37993175,7,1
4.19,16.4,1.24,78.36,0.336816714,2.415257806,2.37993175,3,1
5.19,16.4,1.24,78.36,0.336816714,1.346811312,2.37993175,1,4
6.19,16.4,1.24,78.36,0.336816714,-0.447499498,2.37993175,2,1
7.19,16.4,1.24,78.36,0.336816714,-0.923289084,2.37993175,2,1
8.19,16.4,1.24,78.36,0.336816714,-1.015874918,2.37993175,2,1
9.19,16.4,1.24,78.36,0.336816714,-1.507433841,2.37993175,3,1.67
10.19,16.4,1.24,78.36,0.336816714,-1.300565557,2.37993175,3,1
11.19,16.4,1.24,78.36,0.336816714,-0.263429865,2.37993175,3,1
12.19,16.4,1.24,78.36,0.336816714,0.268236479,2.37993175,3,1
1.16,23,1.05,88.3,0.454210096,1.5738268,6.852796063,0,0
2.16,23,1.05,88.3,0.454210096,0.6410942,6.852796063,0,0
3.16,23,1.05,88.3,0.454210096,-0.52662665,6.852796063,0,0
4.16,23,1.05,88.3,0.454210096,0.22884214,6.852796063,0,0
5.16,23,1.05,88.3,0.454210096,-2.662061,6.852796063,1,1
6.16,23,1.05,88.3,0.454210096,-0.6481245,6.852796063,0,0
7.16,23,1.05,88.3,0.454210096,2.3173716,6.852796063,0,0
8.16,23,1.05,88.3,0.454210096,-0.23065269,6.852796063,0,0
9.16,23,1.05,88.3,0.454210096,-1.5468829,6.852796063,4,2
10.16,23,1.05,88.3,0.454210096,0.07636028,6.852796063,0,0
11.16,23,1.05,88.3,0.454210096,0.9579858,6.852796063,1,1
12.16,23,1.05,88.3,0.454210096,-1.0033469,6.852796063,2,1
1.17,22.86,1.06,89.06,0.440290185,1.7276646,10.36893914,4,1
2.17,22.86,1.06,89.06,0.440290185,-1.3619943,10.36893914,4,2
3.17,22.86,1.06,89.06,0.440290185,-0.68379474,10.36893914,0,0
4.17,22.86,1.06,89.06,0.440290185,-0.77710146,10.36893914,1,1
5.17,22.86,1.06,89.06,0.440290185,-0.6913847,10.36893914,0,0
6.17,22.86,1.06,89.06,0.440290185,0.61648005,10.36893914,0,0
7.17,22.86,1.06,89.06,0.440290185,0.6934221,10.36893914,1,1
8.17,22.86,1.06,89.06,0.440290185,1.7769839,10.36893914,1,1
9.17,22.86,1.06,89.06,0.440290185,0.8977865,10.36893914,1,1
10.17,22.86,1.06,89.06,0.440290185,0.18710113,10.36893914,0,0
11.17,22.86,1.06,89.06,0.440290185,0.20436426,10.36893914,0,0
12.17,22.86,1.06,89.06,0.440290185,-0.6440006,10.36893914,1,1
1.18,22.72,1.07,89.82,0.426370275,-1.0285417,9.830840226,4,1
2.18,22.72,1.07,89.82,0.426370275,-3.09,9.830840226,4,2
3.18,22.72,1.07,89.82,0.426370275,0.36124092,9.830840226,0,0
4.18,22.72,1.07,89.82,0.426370275,0.7112591,9.830840226,1,1
5.18,22.72,1.07,89.82,0.426370275,0.9582032,9.830840226,0,0
6.18,22.72,1.07,89.82,0.426370275,0.1400817,9.830840226,0,0
7.18,22.72,1.07,89.82,0.426370275,-0.953129,9.830840226,1,1
8.18,22.72,1.07,89.82,0.426370275,-0.7457575,9.830840226,1,1
9.18,22.72,1.07,89.82,0.426370275,-2.4980924,9.830840226,1,1
10.18,22.72,1.07,89.82,0.426370275,0.77426153,9.830840226,0,0
11.18,22.72,1.07,89.82,0.426370275,0.5886359,9.830840226,0,0
12.18,22.72,1.07,89.82,0.426370275,-0.96172017,9.830840226,1,1
1.19,22.58,1.08,90.58,0.412450364,0.083725191,5.782950623,4,1
2.19,22.58,1.08,90.58,0.412450364,-1.563351726,5.782950623,4,2
3.19,22.58,1.08,90.58,0.412450364,-2.499026941,5.782950623,0,0
4.19,22.58,1.08,90.58,0.412450364,-1.419361918,5.782950623,1,1
5.19,22.58,1.08,90.58,0.412450364,-0.235035097,5.782950623,0,0
6.19,22.58,1.08,90.58,0.412450364,0.156959672,5.782950623,0,0
7.19,22.58,1.08,90.58,0.412450364,0.850171172,5.782950623,1,1
8.19,22.58,1.08,90.58,0.412450364,1.494311541,5.782950623,1,1
9.19,22.58,1.08,90.58,0.412450364,0.847387817,5.782950623,1,1
10.19,22.58,1.08,90.58,0.412450364,0.104532898,5.782950623,0,0
11.19,22.58,1.08,90.58,0.412450364,0.939325585,5.782950623,0,0
12.19,22.58,1.08,90.58,0.412450364,1.701374388,5.782950623,1,1
1.16,4,0.45,93.75,0.121452314,0.9777189,6.104794491,2,1.5
2.16,4,0.45,93.75,0.121452314,0.64940894,6.104794491,0,0
3.16,4,0.45,93.75,0.121452314,0.045755796,6.104794491,0,0
4.16,4,0.45,93.75,0.121452314,0.36923057,6.104794491,0,0
5.16,4,0.45,93.75,0.121452314,-2.3548262,6.104794491,0,0
6.16,4,0.45,93.75,0.121452314,0.6960238,6.104794491,2,1
7.16,4,0.45,93.75,0.121452314,-0.7387731,6.104794491,6,1
8.16,4,0.45,93.75,0.121452314,-0.106127866,6.104794491,8,1
9.16,4,0.45,93.75,0.121452314,1.0998446,6.104794491,1,2
10.16,4,0.45,93.75,0.121452314,-2.697576,6.104794491,0,0
11.16,4,0.45,93.75,0.121452314,1.2501755,6.104794491,10,1
12.16,4,0.45,93.75,0.121452314,-1.2339414,6.104794491,1,1
1.17,4,0.46,94.16,0.12342403,0.96116513,11.31243825,5,1
2.17,4,0.46,94.16,0.12342403,0.59781677,11.31243825,2,1.5
3.17,4,0.46,94.16,0.12342403,0.4439586,11.31243825,6,1.17
4.17,4,0.46,94.16,0.12342403,-0.6758047,11.31243825,4,1
5.17,4,0.46,94.16,0.12342403,-1.146228,11.31243825,1,1
6.17,4,0.46,94.16,0.12342403,1.688478,11.31243825,0,0
7.17,4,0.46,94.16,0.12342403,0.1405431,11.31243825,1,2
8.17,4,0.46,94.16,0.12342403,0.020651935,11.31243825,1,1
9.17,4,0.46,94.16,0.12342403,-0.6747184,11.31243825,1,2
10.17,4,0.46,94.16,0.12342403,0.299934,11.31243825,1,1
11.17,4,0.46,94.16,0.12342403,0.39027363,11.31243825,0,0
12.17,4,0.46,94.16,0.12342403,0.3655507,11.31243825,5,1
1.18,4,0.47,94.57,0.125395747,-3.09,12.02067838,5,1
2.18,4,0.47,94.57,0.125395747,-0.5055391,12.02067838,2,1.5
3.18,4,0.47,94.57,0.125395747,1.0754282,12.02067838,6,1.17
4.18,4,0.47,94.57,0.125395747,1.2430162,12.02067838,4,1
5.18,4,0.47,94.57,0.125395747,-0.311945,12.02067838,1,1
6.18,4,0.47,94.57,0.125395747,-0.8691838,12.02067838,0,0
7.18,4,0.47,94.57,0.125395747,-0.5758266,12.02067838,1,2
8.18,4,0.47,94.57,0.125395747,-2.3748639,12.02067838,1,1
9.18,4,0.47,94.57,0.125395747,-1.1410185,12.02067838,1,2
10.18,4,0.47,94.57,0.125395747,0.921052,12.02067838,1,1
11.18,4,0.47,94.57,0.125395747,1.3491676,12.02067838,0,0
12.18,4,0.47,94.57,0.125395747,-0.20389047,12.02067838,5,1
1.19,4,0.48,94.98,0.127367463,-2.087420418,7.525193583,5,1
2.19,4,0.48,94.98,0.127367463,1.342303477,7.525193583,2,1.5
3.19,4,0.48,94.98,0.127367463,-0.373266933,7.525193583,6,1.17
4.19,4,0.48,94.98,0.127367463,0.730356402,7.525193583,4,1
5.19,4,0.48,94.98,0.127367463,-0.120502881,7.525193583,1,1
6.19,4,0.48,94.98,0.127367463,0.020623786,7.525193583,0,0
7.19,4,0.48,94.98,0.127367463,0.213267799,7.525193583,1,2
8.19,4,0.48,94.98,0.127367463,-0.809101029,7.525193583,1,1
9.19,4,0.48,94.98,0.127367463,0.399488911,7.525193583,1,2
10.19,4,0.48,94.98,0.127367463,0.154776287,7.525193583,1,1
11.19,4,0.48,94.98,0.127367463,0.22219063,7.525193583,0,0
12.19,4,0.48,94.98,0.127367463,0.06016523,7.525193583,5,1
1.16,21.05,0.05,79.35,0.165255263,0.66224945,9.936424285,0,0
2.16,21.05,0.05,79.35,0.165255263,1.396436,9.936424285,0,0
3.16,21.05,0.05,79.35,0.165255263,-0.6669571,9.936424285,1,5
4.16,21.05,0.05,79.35,0.165255263,0.075739205,9.936424285,0,0
5.16,21.05,0.05,79.35,0.165255263,-0.55097634,9.936424285,1,5
6.16,21.05,0.05,79.35,0.165255263,-0.36591345,9.936424285,0,0
7.16,21.05,0.05,79.35,0.165255263,-0.31015584,9.936424285,0,0
8.16,21.05,0.05,79.35,0.165255263,1.5246677,9.936424285,0,0
9.16,21.05,0.05,79.35,0.165255263,-0.6228805,9.936424285,1,5
10.16,21.05,0.05,79.35,0.165255263,-1.5338575,9.936424285,4,1.25
11.16,21.05,0.05,79.35,0.165255263,-0.18697245,9.936424285,1,2
12.16,21.05,0.05,79.35,0.165255263,1.087873,9.936424285,2,1
1.17,21.1,0.04,80.1,0.1657614,-0.5373576,13.7993459,3,1
2.17,21.1,0.04,80.1,0.1657614,0.43957055,13.7993459,1,4
3.17,21.1,0.04,80.1,0.1657614,1.7675222,13.7993459,0,0
4.17,21.1,0.04,80.1,0.1657614,-2.3354955,13.7993459,4,1.5
5.17,21.1,0.04,80.1,0.1657614,-1.6119232,13.7993459,0,0
6.17,21.1,0.04,80.1,0.1657614,-0.076980025,13.7993459,1,1
7.17,21.1,0.04,80.1,0.1657614,-0.41153744,13.7993459,1,1
8.17,21.1,0.04,80.1,0.1657614,-1.1327378,13.7993459,1,1
9.17,21.1,0.04,80.1,0.1657614,-2.3624969,13.7993459,0,0
10.17,21.1,0.04,80.1,0.1657614,-1.6233155,13.7993459,2,1.5
11.17,21.1,0.04,80.1,0.1657614,-0.744339,13.7993459,1,1
12.17,21.1,0.04,80.1,0.1657614,1.2534895,13.7993459,0,0
1.18,21.15,0.03,80.85,0.166267537,-0.25474522,9.968836608,3,1
2.18,21.15,0.03,80.85,0.166267537,2.057421,9.968836608,1,4
3.18,21.15,0.03,80.85,0.166267537,0.67686313,9.968836608,0,0
4.18,21.15,0.03,80.85,0.166267537,0.3352877,9.968836608,4,1.5
5.18,21.15,0.03,80.85,0.166267537,0.6255835,9.968836608,0,0
6.18,21.15,0.03,80.85,0.166267537,1.6724087,9.968836608,1,1
7.18,21.15,0.03,80.85,0.166267537,0.7568774,9.968836608,1,1
8.18,21.15,0.03,80.85,0.166267537,-2.9770024,9.968836608,1,1
9.18,21.15,0.03,80.85,0.166267537,-1.3015566,9.968836608,0,0
10.18,21.15,0.03,80.85,0.166267537,-0.890259,9.968836608,2,1.5
11.18,21.15,0.03,80.85,0.166267537,1.7881769,9.968836608,1,1
12.18,21.15,0.03,80.85,0.166267537,-0.23615973,9.968836608,0,0
1.19,21.2,0.02,81.6,0.166773675,1.341653956,2.488304743,3,1
2.19,21.2,0.02,81.6,0.166773675,-0.048911021,2.488304743,1,4
3.19,21.2,0.02,81.6,0.166773675,-2.515389071,2.488304743,0,0
4.19,21.2,0.02,81.6,0.166773675,-0.91445448,2.488304743,4,1.5
5.19,21.2,0.02,81.6,0.166773675,0.269417364,2.488304743,0,0
6.19,21.2,0.02,81.6,0.166773675,-1.013795598,2.488304743,1,1
7.19,21.2,0.02,81.6,0.166773675,-1.643699151,2.488304743,1,1
8.19,21.2,0.02,81.6,0.166773675,-2.173935498,2.488304743,1,1
9.19,21.2,0.02,81.6,0.166773675,-1.487969609,2.488304743,0,0
10.19,21.2,0.02,81.6,0.166773675,0.67540247,2.488304743,2,1.5
11.19,21.2,0.02,81.6,0.166773675,0.79663132,2.488304743,1,1
12.19,21.2,0.02,81.6,0.166773675,0.22644266,2.488304743,0,0
1.16,14.3,1.2,76.1,0.414130837,-1.0907525,4.851436969,4,1
2.16,14.3,1.2,76.1,0.414130837,-2.887353,4.851436969,1,1
3.16,14.3,1.2,76.1,0.414130837,-1.6899358,4.851436969,1,1
4.16,14.3,1.2,76.1,0.414130837,-1.7998552,4.851436969,1,2
5.16,14.3,1.2,76.1,0.414130837,1.6964324,4.851436969,2,2
6.16,14.3,1.2,76.1,0.414130837,-0.99170595,4.851436969,0,0
7.16,14.3,1.2,76.1,0.414130837,-0.10306642,4.851436969,2,1
8.16,14.3,1.2,76.1,0.414130837,1.3581086,4.851436969,0,0
9.16,14.3,1.2,76.1,0.414130837,0.2404668,4.851436969,3,2.33
10.16,14.3,1.2,76.1,0.414130837,-0.50352424,4.851436969,0,0
11.16,14.3,1.2,76.1,0.414130837,-0.32894692,4.851436969,1,1
12.16,14.3,1.2,76.1,0.414130837,-0.5793138,4.851436969,1,2
1.17,14.32,1.2,77.02,0.397093257,1.3072187,9.566417518,8,1
2.17,14.32,1.2,77.02,0.397093257,1.4856169,9.566417518,1,4
3.17,14.32,1.2,77.02,0.397093257,1.8498049,9.566417518,3,1
4.17,14.32,1.2,77.02,0.397093257,0.96555763,9.566417518,5,1
5.17,14.32,1.2,77.02,0.397093257,0.97017056,9.566417518,3,2.33
6.17,14.32,1.2,77.02,0.397093257,-0.5608908,9.566417518,1,1
7.17,14.32,1.2,77.02,0.397093257,1.8909973,9.566417518,1,1
8.17,14.32,1.2,77.02,0.397093257,0.7182533,9.566417518,1,1
9.17,14.32,1.2,77.02,0.397093257,0.77269894,9.566417518,4,1.25
10.17,14.32,1.2,77.02,0.397093257,-2.3848977,9.566417518,0,0
11.17,14.32,1.2,77.02,0.397093257,-3.09,9.566417518,4,1
12.17,14.32,1.2,77.02,0.397093257,1.504793,9.566417518,1,1
1.18,14.34,1.2,77.94,0.380055677,0.22312364,12.72066162,8,1
2.18,14.34,1.2,77.94,0.380055677,-0.33193743,12.72066162,1,4
3.18,14.34,1.2,77.94,0.380055677,1.2425238,12.72066162,3,1
4.18,14.34,1.2,77.94,0.380055677,0.27509522,12.72066162,5,1
5.18,14.34,1.2,77.94,0.380055677,0.03112243,12.72066162,3,2.33
6.18,14.34,1.2,77.94,0.380055677,-0.83492154,12.72066162,1,1
7.18,14.34,1.2,77.94,0.380055677,1.4357425,12.72066162,1,1
8.18,14.34,1.2,77.94,0.380055677,-0.47433987,12.72066162,1,1
9.18,14.34,1.2,77.94,0.380055677,-0.023405656,12.72066162,4,1.25
10.18,14.34,1.2,77.94,0.380055677,-1.0335295,12.72066162,0,0
11.18,14.34,1.2,77.94,0.380055677,0.1107588,12.72066162,4,1
12.18,14.34,1.2,77.94,0.380055677,1.5876349,12.72066162,1,1
1.19,14.36,1.2,78.86,0.363018098,-0.515320026,11.48394383,8,1
2.19,14.36,1.2,78.86,0.363018098,1.326879184,11.48394383,1,4
3.19,14.36,1.2,78.86,0.363018098,1.10692454,11.48394383,3,1
4.19,14.36,1.2,78.86,0.363018098,-1.109838212,11.48394383,5,1
5.19,14.36,1.2,78.86,0.363018098,-1.552133769,11.48394383,3,2.33
6.19,14.36,1.2,78.86,0.363018098,-3.054640815,11.48394383,1,1
7.19,14.36,1.2,78.86,0.363018098,0.544138618,11.48394383,1,1
8.19,14.36,1.2,78.86,0.363018098,0.8293577,11.48394383,1,1
9.19,14.36,1.2,78.86,0.363018098,-0.998271031,11.48394383,4,1.25
10.19,14.36,1.2,78.86,0.363018098,1.136895258,11.48394383,0,0
11.19,14.36,1.2,78.86,0.363018098,0.694956771,11.48394383,4,1
12.19,14.36,1.2,78.86,0.363018098,-0.112161553,11.48394383,1,1
1.16,14,0.5,86.35,0.317311313,0.47504476,4.525574221,12,1.67
2.16,14,0.5,86.35,0.317311313,-0.19895838,4.525574221,2,1.5
3.16,14,0.5,86.35,0.317311313,-0.30743146,4.525574221,2,1
4.16,14,0.5,86.35,0.317311313,-0.12836672,4.525574221,2,1.5
5.16,14,0.5,86.35,0.317311313,0.46372727,4.525574221,2,3
6.16,14,0.5,86.35,0.317311313,-0.26632205,4.525574221,2,1.5
7.16,14,0.5,86.35,0.317311313,1.0233833,4.525574221,3,1.67
8.16,14,0.5,86.35,0.317311313,1.0010576,4.525574221,3,2.33
9.16,14,0.5,86.35,0.317311313,1.3825833,4.525574221,1,2
10.16,14,0.5,86.35,0.317311313,0.23890918,4.525574221,1,2
11.16,14,0.5,86.35,0.317311313,-0.33594933,4.525574221,4,1
12.16,14,0.5,86.35,0.317311313,1.9304718,4.525574221,1,1
1.17,14.1,0.52,86.92,0.233009707,0.29336712,9.583835159,16,1.19
2.17,14.1,0.52,86.92,0.233009707,-0.33483505,9.583835159,2,1.5
3.17,14.1,0.52,86.92,0.233009707,-0.41098508,9.583835159,3,1
4.17,14.1,0.52,86.92,0.233009707,1.8844293,9.583835159,7,1.14
5.17,14.1,0.52,86.92,0.233009707,-1.1728488,9.583835159,2,1
6.17,14.1,0.52,86.92,0.233009707,-0.25127178,9.583835159,2,1
7.17,14.1,0.52,86.92,0.233009707,-0.9432779,9.583835159,7,1
8.17,14.1,0.52,86.92,0.233009707,-1.486089,9.583835159,5,1.6
9.17,14.1,0.52,86.92,0.233009707,1.0235758,9.583835159,2,1
10.17,14.1,0.52,86.92,0.233009707,-2.6035774,9.583835159,3,1.33
11.17,14.1,0.52,86.92,0.233009707,-1.1505295,9.583835159,7,1
12.17,14.1,0.52,86.92,0.233009707,0.5335125,9.583835159,2,1
1.18,14.2,0.54,87.49,0.148708101,-0.7991843,11.05027379,16,1.19
2.18,14.2,0.54,87.49,0.148708101,-2.4841347,11.05027379,2,1.5
3.18,14.2,0.54,87.49,0.148708101,1.0739037,11.05027379,3,1
4.18,14.2,0.54,87.49,0.148708101,-0.58553386,11.05027379,7,1.14
5.18,14.2,0.54,87.49,0.148708101,-1.4213759,11.05027379,2,1
6.18,14.2,0.54,87.49,0.148708101,-0.34438384,11.05027379,2,1
7.18,14.2,0.54,87.49,0.148708101,1.7426593,11.05027379,7,1
8.18,14.2,0.54,87.49,0.148708101,0.91079044,11.05027379,5,1.6
9.18,14.2,0.54,87.49,0.148708101,1.2478294,11.05027379,2,1
10.18,14.2,0.54,87.49,0.148708101,-3.09,11.05027379,3,1.33
11.18,14.2,0.54,87.49,0.148708101,0.45396614,11.05027379,7,1
12.18,14.2,0.54,87.49,0.148708101,-0.56302863,11.05027379,2,1
1.19,14.3,0.56,88.06,0.064406494,-0.481617994,7.539457356,16,1.19
2.19,14.3,0.56,88.06,0.064406494,-0.800863069,7.539457356,2,1.5
3.19,14.3,0.56,88.06,0.064406494,0.913685539,7.539457356,3,1
4.19,14.3,0.56,88.06,0.064406494,-0.713374834,7.539457356,7,1.14
5.19,14.3,0.56,88.06,0.064406494,-0.18177625,7.539457356,2,1
6.19,14.3,0.56,88.06,0.064406494,0.035919541,7.539457356,2,1
7.19,14.3,0.56,88.06,0.064406494,0.154184678,7.539457356,7,1
8.19,14.3,0.56,88.06,0.064406494,1.721999329,7.539457356,5,1.6
9.19,14.3,0.56,88.06,0.064406494,-1.392777106,7.539457356,2,1
10.19,14.3,0.56,88.06,0.064406494,-1.189350517,7.539457356,3,1.33
11.19,14.3,0.56,88.06,0.064406494,1.181135525,7.539457356,7,1
12.19,14.3,0.56,88.06,0.064406494,-0.397855167,7.539457356,2,1
1.16,32.45,0.2,87.25,0.11247778,-0.944925,0.903621813,1,1
2.16,32.45,0.2,87.25,0.11247778,0.14163129,0.903621813,0,0
3.16,32.45,0.2,87.25,0.11247778,-0.16615513,0.903621813,0,0
4.16,32.45,0.2,87.25,0.11247778,-1.0738353,0.903621813,1,2
5.16,32.45,0.2,87.25,0.11247778,2.1360407,0.903621813,1,2
6.16,32.45,0.2,87.25,0.11247778,0.32530215,0.903621813,0,0
7.16,32.45,0.2,87.25,0.11247778,-0.19270003,0.903621813,0,0
8.16,32.45,0.2,87.25,0.11247778,-2.9912395,0.903621813,1,2
9.16,32.45,0.2,87.25,0.11247778,1.7565582,0.903621813,0,0
10.16,32.45,0.2,87.25,0.11247778,1.2720994,0.903621813,4,1.25
11.16,32.45,0.2,87.25,0.11247778,0.0700569,0.903621813,0,0
12.16,32.45,0.2,87.25,0.11247778,0.08812521,0.903621813,0,0
1.17,32.64,0.2,87.98,0.115213852,-0.05495649,5.870437949,8,1
2.17,32.64,0.2,87.98,0.115213852,0.83416426,5.870437949,1,1
3.17,32.64,0.2,87.98,0.115213852,-2.6868608,5.870437949,1,1
4.17,32.64,0.2,87.98,0.115213852,-0.20572647,5.870437949,3,1
5.17,32.64,0.2,87.98,0.115213852,0.28374913,5.870437949,1,1
6.17,32.64,0.2,87.98,0.115213852,-0.06610437,5.870437949,0,0
7.17,32.64,0.2,87.98,0.115213852,1.495704,5.870437949,1,1
8.17,32.64,0.2,87.98,0.115213852,1.5359784,5.870437949,1,1
9.17,32.64,0.2,87.98,0.115213852,1.4828364,5.870437949,0,0
10.17,32.64,0.2,87.98,0.115213852,0.5754949,5.870437949,0,0
11.17,32.64,0.2,87.98,0.115213852,-0.7694801,5.870437949,1,1
12.17,32.64,0.2,87.98,0.115213852,-1.4645946,5.870437949,0,0
1.18,32.83,0.2,88.71,0.117949925,-0.42948177,7.581198994,8,1
2.18,32.83,0.2,88.71,0.117949925,-1.1961671,7.581198994,1,1
3.18,32.83,0.2,88.71,0.117949925,0.6159679,7.581198994,1,1
4.18,32.83,0.2,88.71,0.117949925,-0.7445308,7.581198994,3,1
5.18,32.83,0.2,88.71,0.117949925,2.4621294,7.581198994,1,1
6.18,32.83,0.2,88.71,0.117949925,-0.16171904,7.581198994,0,0
7.18,32.83,0.2,88.71,0.117949925,2.2446973,7.581198994,1,1
8.18,32.83,0.2,88.71,0.117949925,-0.050517187,7.581198994,1,1
9.18,32.83,0.2,88.71,0.117949925,-1.8775109,7.581198994,0,0
10.18,32.83,0.2,88.71,0.117949925,0.17825422,7.581198994,0,0
11.18,32.83,0.2,88.71,0.117949925,0.67712134,7.581198994,1,1
12.18,32.83,0.2,88.71,0.117949925,-0.06019419,7.581198994,0,0
1.19,33.02,0.2,89.44,0.120685998,-0.740837434,4.396336456,8,1
2.19,33.02,0.2,89.44,0.120685998,1.030840337,4.396336456,1,1
3.19,33.02,0.2,89.44,0.120685998,-0.298109078,4.396336456,1,1
4.19,33.02,0.2,89.44,0.120685998,2.780425318,4.396336456,3,1
5.19,33.02,0.2,89.44,0.120685998,-0.068977389,4.396336456,1,1
6.19,33.02,0.2,89.44,0.120685998,-1.036221956,4.396336456,0,0
7.19,33.02,0.2,89.44,0.120685998,-1.251579556,4.396336456,1,1
8.19,33.02,0.2,89.44,0.120685998,1.469532753,4.396336456,1,1
9.19,33.02,0.2,89.44,0.120685998,0.269978189,4.396336456,0,0
10.19,33.02,0.2,89.44,0.120685998,-0.413883869,4.396336456,0,0
11.19,33.02,0.2,89.44,0.120685998,0.299698515,4.396336456,1,1
12.19,33.02,0.2,89.44,0.120685998,-0.934695731,4.396336456,0,0
1.16,20.6,3.25,78.2,0.353421128,-0.17767096,6.726367945,0,0
2.16,20.6,3.25,78.2,0.353421128,-0.5356146,6.726367945,2,1
3.16,20.6,3.25,78.2,0.353421128,-0.7062106,6.726367945,0,0
4.16,20.6,3.25,78.2,0.353421128,0.8864902,6.726367945,3,1.33
5.16,20.6,3.25,78.2,0.353421128,1.6435865,6.726367945,2,3.5
6.16,20.6,3.25,78.2,0.353421128,1.6353438,6.726367945,0,0
7.16,20.6,3.25,78.2,0.353421128,1.865585,6.726367945,1,1
8.16,20.6,3.25,78.2,0.353421128,-0.60568964,6.726367945,2,1
9.16,20.6,3.25,78.2,0.353421128,-0.4028593,6.726367945,0,0
10.16,20.6,3.25,78.2,0.353421128,0.00659719,6.726367945,3,1.67
11.16,20.6,3.25,78.2,0.353421128,-1.3590862,6.726367945,0,0
12.16,20.6,3.25,78.2,0.353421128,0.46228626,6.726367945,1,1
1.17,20.72,3.24,78.92,0.344265294,-0.8010679,14.36592407,4,1
2.17,20.72,3.24,78.92,0.344265294,-1.8212444,14.36592407,9,3.33
3.17,20.72,3.24,78.92,0.344265294,1.0435933,14.36592407,2,1
4.17,20.72,3.24,78.92,0.344265294,1.6622832,14.36592407,2,1
5.17,20.72,3.24,78.92,0.344265294,1.3706855,14.36592407,7,1
6.17,20.72,3.24,78.92,0.344265294,2.2608037,14.36592407,5,1.6
7.17,20.72,3.24,78.92,0.344265294,0.24483223,14.36592407,0,0
8.17,20.72,3.24,78.92,0.344265294,-0.8310022,14.36592407,2,1
9.17,20.72,3.24,78.92,0.344265294,0.04326443,14.36592407,3,2.67
10.17,20.72,3.24,78.92,0.344265294,-2.624769,14.36592407,1,1
11.17,20.72,3.24,78.92,0.344265294,-1.5257266,14.36592407,1,1
12.17,20.72,3.24,78.92,0.344265294,1.7720808,14.36592407,1,1
1.18,20.84,3.23,79.64,0.335109461,0.5745299,11.07662868,4,1
2.18,20.84,3.23,79.64,0.335109461,-0.1859128,11.07662868,9,3.33
3.18,20.84,3.23,79.64,0.335109461,-0.15834753,11.07662868,2,1
4.18,20.84,3.23,79.64,0.335109461,-0.7456532,11.07662868,2,1
5.18,20.84,3.23,79.64,0.335109461,-2.6599157,11.07662868,7,1
6.18,20.84,3.23,79.64,0.335109461,1.2912943,11.07662868,5,1.6
7.18,20.84,3.23,79.64,0.335109461,-1.6546398,11.07662868,0,0
8.18,20.84,3.23,79.64,0.335109461,-3.09,11.07662868,2,1
9.18,20.84,3.23,79.64,0.335109461,-0.14639464,11.07662868,3,2.67
10.18,20.84,3.23,79.64,0.335109461,0.7169095,11.07662868,1,1
11.18,20.84,3.23,79.64,0.335109461,-0.04113383,11.07662868,1,1
12.18,20.84,3.23,79.64,0.335109461,1.0503474,11.07662868,1,1
1.19,20.96,3.22,80.36,0.325953627,0.465222724,0.342199727,4,1
2.19,20.96,3.22,80.36,0.325953627,-1.361457997,0.342199727,9,3.33
3.19,20.96,3.22,80.36,0.325953627,2.500050663,0.342199727,2,1
4.19,20.96,3.22,80.36,0.325953627,-0.500710192,0.342199727,2,1
5.19,20.96,3.22,80.36,0.325953627,-2.442403651,0.342199727,7,1
6.19,20.96,3.22,80.36,0.325953627,0.056801332,0.342199727,5,1.6
7.19,20.96,3.22,80.36,0.325953627,-0.383227793,0.342199727,0,0
8.19,20.96,3.22,80.36,0.325953627,-0.337060851,0.342199727,2,1
9.19,20.96,3.22,80.36,0.325953627,0.757593309,0.342199727,3,2.67
10.19,20.96,3.22,80.36,0.325953627,0.240673455,0.342199727,1,1
11.19,20.96,3.22,80.36,0.325953627,-1.265067597,0.342199727,1,1
12.19,20.96,3.22,80.36,0.325953627,2.384937848,0.342199727,1,1
1.16,20.77258065,1.033870968,87.8,0.269864142,-0.70621824,14.28049487,0,0
2.16,20.77258065,1.033870968,87.8,0.269864142,0.8330056,14.28049487,2,1.5
3.16,20.77258065,1.033870968,87.8,0.269864142,1.5854357,14.28049487,0,0
4.16,20.77258065,1.033870968,87.8,0.269864142,-1.0513769,14.28049487,1,1
5.16,20.77258065,1.033870968,87.8,0.269864142,1.5077411,14.28049487,0,0
6.16,20.77258065,1.033870968,87.8,0.269864142,0.44036174,14.28049487,0,0
7.16,20.77258065,1.033870968,87.8,0.269864142,1.8693712,14.28049487,0,0
8.16,20.77258065,1.033870968,87.8,0.269864142,0.53183055,14.28049487,0,0
9.16,20.77258065,1.033870968,87.8,0.269864142,0.6051951,14.28049487,0,0
10.16,20.77258065,1.033870968,87.8,0.269864142,-0.5617679,14.28049487,0,0
11.16,20.77258065,1.033870968,87.8,0.269864142,-0.5723544,14.28049487,0,0
12.16,20.77258065,1.033870968,87.8,0.269864142,-0.36531755,14.28049487,0,0
1.17,20.86967742,1.043870968,88.32,0.253043373,0.19894125,11.1094011,5,2.2
2.17,20.86967742,1.043870968,88.32,0.253043373,-0.7872284,11.1094011,0,0
3.17,20.86967742,1.043870968,88.32,0.253043373,-1.1034672,11.1094011,3,1
4.17,20.86967742,1.043870968,88.32,0.253043373,0.14788592,11.1094011,3,1
5.17,20.86967742,1.043870968,88.32,0.253043373,0.031941056,11.1094011,1,1
6.17,20.86967742,1.043870968,88.32,0.253043373,-0.04199693,11.1094011,0,0
7.17,20.86967742,1.043870968,88.32,0.253043373,-0.7598962,11.1094011,1,1
8.17,20.86967742,1.043870968,88.32,0.253043373,-2.3603911,11.1094011,0,0
9.17,20.86967742,1.043870968,88.32,0.253043373,-0.9460601,11.1094011,0,0
10.17,20.86967742,1.043870968,88.32,0.253043373,-0.31980056,11.1094011,0,0
11.17,20.86967742,1.043870968,88.32,0.253043373,-1.0750355,11.1094011,0,0
12.17,20.86967742,1.043870968,88.32,0.253043373,-0.77459645,11.1094011,0,0
1.18,20.96677419,1.053870968,88.84,0.236222605,-1.0766947,1.030208526,5,2.2
2.18,20.96677419,1.053870968,88.84,0.236222605,-1.5335296,1.030208526,0,0
3.18,20.96677419,1.053870968,88.84,0.236222605,0.88797635,1.030208526,3,1
4.18,20.96677419,1.053870968,88.84,0.236222605,-3.09,1.030208526,3,1
5.18,20.96677419,1.053870968,88.84,0.236222605,-3.022092,1.030208526,1,1
6.18,20.96677419,1.053870968,88.84,0.236222605,-1.0394592,1.030208526,0,0
7.18,20.96677419,1.053870968,88.84,0.236222605,0.4794613,1.030208526,1,1
8.18,20.96677419,1.053870968,88.84,0.236222605,0.36637133,1.030208526,0,0
9.18,20.96677419,1.053870968,88.84,0.236222605,-1.4113363,1.030208526,0,0
10.18,20.96677419,1.053870968,88.84,0.236222605,-0.67152834,1.030208526,0,0
11.18,20.96677419,1.053870968,88.84,0.236222605,-0.17817074,1.030208526,0,0
12.18,20.96677419,1.053870968,88.84,0.236222605,-1.3641797,1.030208526,0,0
1.19,21.06387097,1.063870968,89.36,0.219401836,0.007485619,3.78211215,5,2.2
2.19,21.06387097,1.063870968,89.36,0.219401836,0.078307712,3.78211215,0,0
3.19,21.06387097,1.063870968,89.36,0.219401836,0.857377645,3.78211215,3,1
4.19,21.06387097,1.063870968,89.36,0.219401836,1.457946623,3.78211215,3,1
5.19,21.06387097,1.063870968,89.36,0.219401836,1.233919448,3.78211215,1,1
6.19,21.06387097,1.063870968,89.36,0.219401836,0.529357137,3.78211215,0,0
7.19,21.06387097,1.063870968,89.36,0.219401836,-0.106268366,3.78211215,1,1
8.19,21.06387097,1.063870968,89.36,0.219401836,-0.461192353,3.78211215,0,0
9.19,21.06387097,1.063870968,89.36,0.219401836,-0.45366781,3.78211215,0,0
10.19,21.06387097,1.063870968,89.36,0.219401836,-0.223334503,3.78211215,0,0
11.19,21.06387097,1.063870968,89.36,0.219401836,-0.267060408,3.78211215,0,0
12.19,21.06387097,1.063870968,89.36,0.219401836,-0.70110341,3.78211215,0,0
1.16,31.4,0.4,78.4,0.151351351,0.5964469,-5.384791577,0,0
2.16,31.4,0.4,78.4,0.151351351,0.10601071,-5.384791577,0,0
3.16,31.4,0.4,78.4,0.151351351,1.238868,-5.384791577,0,0
4.16,31.4,0.4,78.4,0.151351351,0.12330751,-5.384791577,0,0
5.16,31.4,0.4,78.4,0.151351351,0.018624736,-5.384791577,0,0
6.16,31.4,0.4,78.4,0.151351351,0.23471059,-5.384791577,0,0
7.16,31.4,0.4,78.4,0.151351351,2.0208688,-5.384791577,0,0
8.16,31.4,0.4,78.4,0.151351351,-0.35067508,-5.384791577,1,2
9.16,31.4,0.4,78.4,0.151351351,1.6406946,-5.384791577,0,0
10.16,31.4,0.4,78.4,0.151351351,-0.28547665,-5.384791577,0,0
11.16,31.4,0.4,78.4,0.151351351,1.7795707,-5.384791577,2,1
12.16,31.4,0.4,78.4,0.151351351,-1.4770283,-5.384791577,1,1
1.17,31.48,0.38,79.22,0.148206743,1.7213346,-7.180870973,3,1
2.17,31.48,0.38,79.22,0.148206743,0.18758534,-7.180870973,0,0
3.17,31.48,0.38,79.22,0.148206743,1.1669472,-7.180870973,1,1
4.17,31.48,0.38,79.22,0.148206743,-0.38080606,-7.180870973,7,1.86
5.17,31.48,0.38,79.22,0.148206743,-0.8247404,-7.180870973,0,0
6.17,31.48,0.38,79.22,0.148206743,-3.09,-7.180870973,0,0
7.17,31.48,0.38,79.22,0.148206743,0.713808,-7.180870973,0,0
8.17,31.48,0.38,79.22,0.148206743,-2.7844489,-7.180870973,1,1
9.17,31.48,0.38,79.22,0.148206743,1.9214183,-7.180870973,1,1
10.17,31.48,0.38,79.22,0.148206743,-0.07681221,-7.180870973,1,1
11.17,31.48,0.38,79.22,0.148206743,1.2379574,-7.180870973,1,1
12.17,31.48,0.38,79.22,0.148206743,-1.9157768,-7.180870973,1,1
1.18,31.56,0.36,80.04,0.145062135,-1.4302173,-4.472428945,3,1
2.18,31.56,0.36,80.04,0.145062135,0.14258586,-4.472428945,0,0
3.18,31.56,0.36,80.04,0.145062135,1.1784654,-4.472428945,1,1
4.18,31.56,0.36,80.04,0.145062135,-2.1798189,-4.472428945,7,1.86
5.18,31.56,0.36,80.04,0.145062135,1.4535134,-4.472428945,0,0
6.18,31.56,0.36,80.04,0.145062135,1.652084,-4.472428945,0,0
7.18,31.56,0.36,80.04,0.145062135,0.77479553,-4.472428945,0,0
8.18,31.56,0.36,80.04,0.145062135,-0.39480278,-4.472428945,1,1
9.18,31.56,0.36,80.04,0.145062135,-0.5606943,-4.472428945,1,1
10.18,31.56,0.36,80.04,0.145062135,0.15561351,-4.472428945,1,1
11.18,31.56,0.36,80.04,0.145062135,-0.4344528,-4.472428945,1,1
12.18,31.56,0.36,80.04,0.145062135,-0.634797,-4.472428945,1,1
1.19,31.64,0.34,80.86,0.141917526,0.825631623,0.916574202,3,1
2.19,31.64,0.34,80.86,0.141917526,2.232587693,0.916574202,0,0
3.19,31.64,0.34,80.86,0.141917526,0.609307894,0.916574202,1,1
4.19,31.64,0.34,80.86,0.141917526,0.90923233,0.916574202,7,1.86
5.19,31.64,0.34,80.86,0.141917526,-0.461707664,0.916574202,0,0
6.19,31.64,0.34,80.86,0.141917526,1.767586453,0.916574202,0,0
7.19,31.64,0.34,80.86,0.141917526,-0.797316915,0.916574202,0,0
8.19,31.64,0.34,80.86,0.141917526,1.213853464,0.916574202,1,1
9.19,31.64,0.34,80.86,0.141917526,0.004596353,0.916574202,1,1
10.19,31.64,0.34,80.86,0.141917526,1.659617181,0.916574202,1,1
11.19,31.64,0.34,80.86,0.141917526,-0.83950305,0.916574202,1,1
12.19,31.64,0.34,80.86,0.141917526,0.10801256,0.916574202,1,1
1.16,17.85,0.1,80.25,0.136254019,-1.1353699,8.688404721,1,5
2.16,17.85,0.1,80.25,0.136254019,-0.027909005,8.688404721,1,1
3.16,17.85,0.1,80.25,0.136254019,-1.4173709,8.688404721,1,1
4.16,17.85,0.1,80.25,0.136254019,0.56200385,8.688404721,4,1
5.16,17.85,0.1,80.25,0.136254019,1.4993504,8.688404721,2,3
6.16,17.85,0.1,80.25,0.136254019,-3.09,8.688404721,4,3.25
7.16,17.85,0.1,80.25,0.136254019,1.9619694,8.688404721,0,0
8.16,17.85,0.1,80.25,0.136254019,-2.449291,8.688404721,0,0
9.16,17.85,0.1,80.25,0.136254019,2.0211663,8.688404721,0,0
10.16,17.85,0.1,80.25,0.136254019,2.2665067,8.688404721,0,0
11.16,17.85,0.1,80.25,0.136254019,0.7042714,8.688404721,3,1.33
12.16,17.85,0.1,80.25,0.136254019,-0.27827767,8.688404721,3,1
1.17,17.9,0.1,80.86,0.11531618,-0.55848384,10.15681348,7,1
2.17,17.9,0.1,80.86,0.11531618,1.7553957,10.15681348,9,1.67
3.17,17.9,0.1,80.86,0.11531618,-0.48992068,10.15681348,23,1.17
4.17,17.9,0.1,80.86,0.11531618,-1.2519826,10.15681348,7,1
5.17,17.9,0.1,80.86,0.11531618,-0.44351196,10.15681348,0,0
6.17,17.9,0.1,80.86,0.11531618,-0.0425638,10.15681348,0,0
7.17,17.9,0.1,80.86,0.11531618,-1.0265716,10.15681348,1,1
8.17,17.9,0.1,80.86,0.11531618,-0.15725486,10.15681348,1,1
9.17,17.9,0.1,80.86,0.11531618,-0.193268,10.15681348,1,1
10.17,17.9,0.1,80.86,0.11531618,-1.3155227,10.15681348,1,1
11.17,17.9,0.1,80.86,0.11531618,-1.6467787,10.15681348,2,1
12.17,17.9,0.1,80.86,0.11531618,-0.40471986,10.15681348,0,0
1.18,17.95,0.1,81.47,0.09437834,0.73722845,5.406694419,7,1
2.18,17.95,0.1,81.47,0.09437834,-2.335335,5.406694419,9,1.67
3.18,17.95,0.1,81.47,0.09437834,0.858704,5.406694419,23,1.17
4.18,17.95,0.1,81.47,0.09437834,1.477757,5.406694419,7,1
5.18,17.95,0.1,81.47,0.09437834,-0.48786727,5.406694419,0,0
6.18,17.95,0.1,81.47,0.09437834,-0.37730238,5.406694419,0,0
7.18,17.95,0.1,81.47,0.09437834,1.0755496,5.406694419,1,1
8.18,17.95,0.1,81.47,0.09437834,-0.52016586,5.406694419,1,1
9.18,17.95,0.1,81.47,0.09437834,1.6809673,5.406694419,1,1
10.18,17.95,0.1,81.47,0.09437834,-0.6918175,5.406694419,1,1
11.18,17.95,0.1,81.47,0.09437834,0.5307455,5.406694419,2,1
12.18,17.95,0.1,81.47,0.09437834,1.5763857,5.406694419,0,0
1.19,18,0.1,82.08,0.0734405,-1.313517313,-0.166563621,7,1
2.19,18,0.1,82.08,0.0734405,0.267618068,-0.166563621,9,1.67
3.19,18,0.1,82.08,0.0734405,-1.348752433,-0.166563621,23,1.17
4.19,18,0.1,82.08,0.0734405,0.798186279,-0.166563621,7,1
5.19,18,0.1,82.08,0.0734405,-1.802008913,-0.166563621,0,0
6.19,18,0.1,82.08,0.0734405,-0.11904861,-0.166563621,0,0
7.19,18,0.1,82.08,0.0734405,0.237835231,-0.166563621,1,1
8.19,18,0.1,82.08,0.0734405,-1.942423241,-0.166563621,1,1
9.19,18,0.1,82.08,0.0734405,2.522807657,-0.166563621,1,1
10.19,18,0.1,82.08,0.0734405,0.992130466,-0.166563621,1,1
11.19,18,0.1,82.08,0.0734405,0.003901337,-0.166563621,2,1
12.19,18,0.1,82.08,0.0734405,-0.510454402,-0.166563621,0,0
1.16,18.5,0.1,84.55,0.124333008,-1.4053833,6.874421944,0,0
2.16,18.5,0.1,84.55,0.124333008,0.26743323,6.874421944,2,1.5
3.16,18.5,0.1,84.55,0.124333008,0.74703455,6.874421944,3,1
4.16,18.5,0.1,84.55,0.124333008,-0.8919483,6.874421944,2,1.5
5.16,18.5,0.1,84.55,0.124333008,-0.37347585,6.874421944,0,0
6.16,18.5,0.1,84.55,0.124333008,-1.1386834,6.874421944,1,1
7.16,18.5,0.1,84.55,0.124333008,-0.23328853,6.874421944,1,1
8.16,18.5,0.1,84.55,0.124333008,0.011336115,6.874421944,4,2.5
9.16,18.5,0.1,84.55,0.124333008,1.1446979,6.874421944,1,5
10.16,18.5,0.1,84.55,0.124333008,0.18466298,6.874421944,3,1.67
11.16,18.5,0.1,84.55,0.124333008,1.8005624,6.874421944,3,1
12.16,18.5,0.1,84.55,0.124333008,-1.2238264,6.874421944,2,1
1.17,18.52,0.1,85.32,0.125400348,-2.4028234,5.749152651,10,1
2.17,18.52,0.1,85.32,0.125400348,-1.041259,5.749152651,4,2
3.17,18.52,0.1,85.32,0.125400348,-3.09,5.749152651,18,1.28
4.17,18.52,0.1,85.32,0.125400348,-0.30102855,5.749152651,6,1
5.17,18.52,0.1,85.32,0.125400348,-1.0073236,5.749152651,4,2
6.17,18.52,0.1,85.32,0.125400348,0.85971284,5.749152651,2,1
7.17,18.52,0.1,85.32,0.125400348,-0.53958017,5.749152651,2,2.5
8.17,18.52,0.1,85.32,0.125400348,0.57852453,5.749152651,4,1
9.17,18.52,0.1,85.32,0.125400348,1.4454691,5.749152651,3,1
10.17,18.52,0.1,85.32,0.125400348,-0.7351623,5.749152651,0,0
11.17,18.52,0.1,85.32,0.125400348,-1.2047172,5.749152651,0,0
12.17,18.52,0.1,85.32,0.125400348,0.8016139,5.749152651,3,2
1.18,18.54,0.1,86.09,0.126467688,1.16667,2.402854171,10,1
2.18,18.54,0.1,86.09,0.126467688,0.6413496,2.402854171,4,2
3.18,18.54,0.1,86.09,0.126467688,-0.42341474,2.402854171,18,1.28
4.18,18.54,0.1,86.09,0.126467688,-0.78507924,2.402854171,6,1
5.18,18.54,0.1,86.09,0.126467688,1.9292094,2.402854171,4,2
6.18,18.54,0.1,86.09,0.126467688,0.94159746,2.402854171,2,1
7.18,18.54,0.1,86.09,0.126467688,-0.7887896,2.402854171,2,2.5
8.18,18.54,0.1,86.09,0.126467688,0.19559497,2.402854171,4,1
9.18,18.54,0.1,86.09,0.126467688,-1.4013213,2.402854171,3,1
10.18,18.54,0.1,86.09,0.126467688,0.90600353,2.402854171,0,0
11.18,18.54,0.1,86.09,0.126467688,0.5502991,2.402854171,0,0
12.18,18.54,0.1,86.09,0.126467688,-2.974737,2.402854171,3,2
1.19,18.56,0.1,86.86,0.127535028,-1.302371615,0.984936432,10,1
2.19,18.56,0.1,86.86,0.127535028,-0.514226927,0.984936432,4,2
3.19,18.56,0.1,86.86,0.127535028,0.075499424,0.984936432,18,1.28
4.19,18.56,0.1,86.86,0.127535028,0.596369933,0.984936432,6,1
5.19,18.56,0.1,86.86,0.127535028,1.071888997,0.984936432,4,2
6.19,18.56,0.1,86.86,0.127535028,0.835332607,0.984936432,2,1
7.19,18.56,0.1,86.86,0.127535028,-0.307413386,0.984936432,2,2.5
8.19,18.56,0.1,86.86,0.127535028,-1.607974311,0.984936432,4,1
9.19,18.56,0.1,86.86,0.127535028,-2.289570736,0.984936432,3,1
10.19,18.56,0.1,86.86,0.127535028,-2.104088375,0.984936432,0,0
11.19,18.56,0.1,86.86,0.127535028,-1.261073827,0.984936432,0,0
12.19,18.56,0.1,86.86,0.127535028,-0.412041342,0.984936432,3,2
1.16,17.15,3.4,76.8,0.320326072,-1.7578876,1.783148787,5,1
2.16,17.15,3.4,76.8,0.320326072,-1.3659205,1.783148787,8,1.12
3.16,17.15,3.4,76.8,0.320326072,-0.8676199,1.783148787,4,1.25
4.16,17.15,3.4,76.8,0.320326072,-1.1966386,1.783148787,4,3.25
5.16,17.15,3.4,76.8,0.320326072,1.8144704,1.783148787,2,3.5
6.16,17.15,3.4,76.8,0.320326072,1.6010226,1.783148787,3,1
7.16,17.15,3.4,76.8,0.320326072,-0.6274862,1.783148787,5,1
8.16,17.15,3.4,76.8,0.320326072,-2.5470529,1.783148787,4,1
9.16,17.15,3.4,76.8,0.320326072,-0.20796332,1.783148787,8,2
10.16,17.15,3.4,76.8,0.320326072,-0.144525,1.783148787,4,2
11.16,17.15,3.4,76.8,0.320326072,1.6238097,1.783148787,1,1
12.16,17.15,3.4,76.8,0.320326072,1.3502645,1.783148787,4,2
1.17,17.24,3.4,77.58,0.276080787,1.3466607,-1.128015946,7,1
2.17,17.24,3.4,77.58,0.276080787,-3.09,-1.128015946,13,1.85
3.17,17.24,3.4,77.58,0.276080787,-2.4612355,-1.128015946,10,1
4.17,17.24,3.4,77.58,0.276080787,0.82513654,-1.128015946,7,1.57
5.17,17.24,3.4,77.58,0.276080787,0.81723183,-1.128015946,3,1.33
6.17,17.24,3.4,77.58,0.276080787,0.23993349,-1.128015946,6,1
7.17,17.24,3.4,77.58,0.276080787,-0.31105465,-1.128015946,5,1.8
8.17,17.24,3.4,77.58,0.276080787,0.58544195,-1.128015946,1,1
9.17,17.24,3.4,77.58,0.276080787,1.2549888,-1.128015946,8,1.12
10.17,17.24,3.4,77.58,0.276080787,-0.29745716,-1.128015946,3,1.33
11.17,17.24,3.4,77.58,0.276080787,-0.5313723,-1.128015946,2,1
12.17,17.24,3.4,77.58,0.276080787,-0.21547295,-1.128015946,3,1
1.18,17.33,3.4,78.36,0.231835501,1.503129,-0.542429189,7,1
2.18,17.33,3.4,78.36,0.231835501,-0.510602,-0.542429189,13,1.85
3.18,17.33,3.4,78.36,0.231835501,0.08480908,-0.542429189,10,1
4.18,17.33,3.4,78.36,0.231835501,0.9997294,-0.542429189,7,1.57
5.18,17.33,3.4,78.36,0.231835501,-0.010340288,-0.542429189,3,1.33
6.18,17.33,3.4,78.36,0.231835501,-0.69863254,-0.542429189,6,1
7.18,17.33,3.4,78.36,0.231835501,2.341019,-0.542429189,5,1.8
8.18,17.33,3.4,78.36,0.231835501,0.3293873,-0.542429189,1,1
9.18,17.33,3.4,78.36,0.231835501,1.5175806,-0.542429189,8,1.12
10.18,17.33,3.4,78.36,0.231835501,0.35190776,-0.542429189,3,1.33
11.18,17.33,3.4,78.36,0.231835501,0.41890413,-0.542429189,2,1
12.18,17.33,3.4,78.36,0.231835501,-1.0913814,-0.542429189,3,1
1.19,17.42,3.4,79.14,0.187590216,-1.648290883,3.187049202,7,1
2.19,17.42,3.4,79.14,0.187590216,-1.620459116,3.187049202,13,1.85
3.19,17.42,3.4,79.14,0.187590216,-0.789943815,3.187049202,10,1
4.19,17.42,3.4,79.14,0.187590216,0.476456201,3.187049202,7,1.57
5.19,17.42,3.4,79.14,0.187590216,1.289345973,3.187049202,3,1.33
6.19,17.42,3.4,79.14,0.187590216,0.764111017,3.187049202,6,1
7.19,17.42,3.4,79.14,0.187590216,-0.869048665,3.187049202,5,1.8
8.19,17.42,3.4,79.14,0.187590216,-1.965328341,3.187049202,1,1
9.19,17.42,3.4,79.14,0.187590216,-1.053956991,3.187049202,8,1.12
10.19,17.42,3.4,79.14,0.187590216,1.189183609,3.187049202,3,1.33
11.19,17.42,3.4,79.14,0.187590216,2.342600109,3.187049202,2,1
12.19,17.42,3.4,79.14,0.187590216,1.03136073,3.187049202,3,1
1.16,17.35,0.1,83.75,0.351668521,-1.0199977,4.884905824,1,4
2.16,17.35,0.1,83.75,0.351668521,-1.5679692,4.884905824,1,2
3.16,17.35,0.1,83.75,0.351668521,0.21822803,4.884905824,0,0
4.16,17.35,0.1,83.75,0.351668521,-3.09,4.884905824,1,1
5.16,17.35,0.1,83.75,0.351668521,-0.8460992,4.884905824,3,4.67
6.16,17.35,0.1,83.75,0.351668521,-0.13996212,4.884905824,0,0
7.16,17.35,0.1,83.75,0.351668521,-0.66553384,4.884905824,0,0
8.16,17.35,0.1,83.75,0.351668521,0.050997887,4.884905824,1,2
9.16,17.35,0.1,83.75,0.351668521,-2.4750226,4.884905824,0,0
10.16,17.35,0.1,83.75,0.351668521,0.20591727,4.884905824,1,2
11.16,17.35,0.1,83.75,0.351668521,-1.0470047,4.884905824,1,1
12.16,17.35,0.1,83.75,0.351668521,0.47922304,4.884905824,1,1
1.17,17.42,0.1,84.52,0.341638448,2.1730618,8.996109397,8,1.5
2.17,17.42,0.1,84.52,0.341638448,-0.50354695,8.996109397,1,2
3.17,17.42,0.1,84.52,0.341638448,0.9745642,8.996109397,5,1.8
4.17,17.42,0.1,84.52,0.341638448,1.3373787,8.996109397,2,1.5
5.17,17.42,0.1,84.52,0.341638448,1.4092574,8.996109397,1,5
6.17,17.42,0.1,84.52,0.341638448,0.41542056,8.996109397,0,0
7.17,17.42,0.1,84.52,0.341638448,0.8990248,8.996109397,0,0
8.17,17.42,0.1,84.52,0.341638448,1.5912178,8.996109397,1,1
9.17,17.42,0.1,84.52,0.341638448,1.491695,8.996109397,0,0
10.17,17.42,0.1,84.52,0.341638448,-0.88883376,8.996109397,0,0
11.17,17.42,0.1,84.52,0.341638448,-0.41739878,8.996109397,0,0
12.17,17.42,0.1,84.52,0.341638448,-0.825792,8.996109397,0,0
1.18,17.49,0.1,85.29,0.331608375,1.572402,9.570077238,8,1.5
2.18,17.49,0.1,85.29,0.331608375,-1.3266422,9.570077238,1,2
3.18,17.49,0.1,85.29,0.331608375,-0.6579793,9.570077238,5,1.8
4.18,17.49,0.1,85.29,0.331608375,0.7765957,9.570077238,2,1.5
5.18,17.49,0.1,85.29,0.331608375,-0.057856463,9.570077238,1,5
6.18,17.49,0.1,85.29,0.331608375,-0.23229997,9.570077238,0,0
7.18,17.49,0.1,85.29,0.331608375,-2.6110084,9.570077238,0,0
8.18,17.49,0.1,85.29,0.331608375,0.01007901,9.570077238,1,1
9.18,17.49,0.1,85.29,0.331608375,-1.2939862,9.570077238,0,0
10.18,17.49,0.1,85.29,0.331608375,1.8993407,9.570077238,0,0
11.18,17.49,0.1,85.29,0.331608375,1.8260161,9.570077238,0,0
12.18,17.49,0.1,85.29,0.331608375,-0.29132622,9.570077238,0,0
1.19,17.56,0.1,86.06,0.321578302,1.299531092,6.037009396,8,1.5
2.19,17.56,0.1,86.06,0.321578302,0.261245032,6.037009396,1,2
3.19,17.56,0.1,86.06,0.321578302,1.283516595,6.037009396,5,1.8
4.19,17.56,0.1,86.06,0.321578302,0.617880452,6.037009396,2,1.5
5.19,17.56,0.1,86.06,0.321578302,-0.898036357,6.037009396,1,5
6.19,17.56,0.1,86.06,0.321578302,-0.02893997,6.037009396,0,0
7.19,17.56,0.1,86.06,0.321578302,-2.138020169,6.037009396,0,0
8.19,17.56,0.1,86.06,0.321578302,-0.055580183,6.037009396,1,1
9.19,17.56,0.1,86.06,0.321578302,0.082914191,6.037009396,0,0
10.19,17.56,0.1,86.06,0.321578302,-1.098231817,6.037009396,0,0
11.19,17.56,0.1,86.06,0.321578302,0.187250006,6.037009396,0,0
12.19,17.56,0.1,86.06,0.321578302,-0.992082248,6.037009396,0,0
1.16,19.35,0.05,86.15,0.210476537,-0.341193,2.343245007,1,5
2.16,19.35,0.05,86.15,0.210476537,-1.4431162,2.343245007,1,1
3.16,19.35,0.05,86.15,0.210476537,-0.19280012,2.343245007,4,1.25
4.16,19.35,0.05,86.15,0.210476537,1.2969903,2.343245007,3,2.67
5.16,19.35,0.05,86.15,0.210476537,1.0051519,2.343245007,3,2.33
6.16,19.35,0.05,86.15,0.210476537,-2.5818582,2.343245007,1,2
7.16,19.35,0.05,86.15,0.210476537,-0.09074691,2.343245007,0,0
8.16,19.35,0.05,86.15,0.210476537,-1.4831482,2.343245007,1,1
9.16,19.35,0.05,86.15,0.210476537,-0.8100806,2.343245007,1,5
10.16,19.35,0.05,86.15,0.210476537,-0.3999189,2.343245007,8,1.38
11.16,19.35,0.05,86.15,0.210476537,1.3524364,2.343245007,2,1.5
12.16,19.35,0.05,86.15,0.210476537,-0.009553268,2.343245007,2,1.5
1.17,19.44,0.04,86.86,0.20419054,1.1860615,6.608711421,13,1
2.17,19.44,0.04,86.86,0.20419054,-2.2262673,6.608711421,7,1
3.17,19.44,0.04,86.86,0.20419054,0.2968419,6.608711421,15,1.33
4.17,19.44,0.04,86.86,0.20419054,-0.70349663,6.608711421,3,1
5.17,19.44,0.04,86.86,0.20419054,0.9147487,6.608711421,3,1.67
6.17,19.44,0.04,86.86,0.20419054,0.11806848,6.608711421,3,1
7.17,19.44,0.04,86.86,0.20419054,-1.0119776,6.608711421,2,2.5
8.17,19.44,0.04,86.86,0.20419054,0.09450983,6.608711421,1,1
9.17,19.44,0.04,86.86,0.20419054,-0.3080835,6.608711421,10,1.1
10.17,19.44,0.04,86.86,0.20419054,1.8788892,6.608711421,1,1
11.17,19.44,0.04,86.86,0.20419054,-0.15580049,6.608711421,5,1
12.17,19.44,0.04,86.86,0.20419054,-1.9890152,6.608711421,2,1
1.18,19.53,0.03,87.57,0.197904543,2.2396712,9.236461608,13,1
2.18,19.53,0.03,87.57,0.197904543,1.6272451,9.236461608,7,1
3.18,19.53,0.03,87.57,0.197904543,2.2977655,9.236461608,15,1.33
4.18,19.53,0.03,87.57,0.197904543,0.30439684,9.236461608,3,1
5.18,19.53,0.03,87.57,0.197904543,1.8109467,9.236461608,3,1.67
6.18,19.53,0.03,87.57,0.197904543,-0.6316431,9.236461608,3,1
7.18,19.53,0.03,87.57,0.197904543,-0.46232137,9.236461608,2,2.5
8.18,19.53,0.03,87.57,0.197904543,0.38418978,9.236461608,1,1
9.18,19.53,0.03,87.57,0.197904543,0.9006236,9.236461608,10,1.1
10.18,19.53,0.03,87.57,0.197904543,-3.0748801,9.236461608,1,1
11.18,19.53,0.03,87.57,0.197904543,2.435005,9.236461608,5,1
12.18,19.53,0.03,87.57,0.197904543,-0.07666823,9.236461608,2,1
1.19,19.62,0.02,88.28,0.191618546,-0.993108401,7.779528391,13,1
2.19,19.62,0.02,88.28,0.191618546,-0.160990654,7.779528391,7,1
3.19,19.62,0.02,88.28,0.191618546,0.710271413,7.779528391,15,1.33
4.19,19.62,0.02,88.28,0.191618546,1.716288572,7.779528391,3,1
5.19,19.62,0.02,88.28,0.191618546,-2.403698794,7.779528391,3,1.67
6.19,19.62,0.02,88.28,0.191618546,0.022517036,7.779528391,3,1
7.19,19.62,0.02,88.28,0.191618546,0.371192716,7.779528391,2,2.5
8.19,19.62,0.02,88.28,0.191618546,0.595077434,7.779528391,1,1
9.19,19.62,0.02,88.28,0.191618546,0.389207128,7.779528391,10,1.1
10.19,19.62,0.02,88.28,0.191618546,1.109884021,7.779528391,1,1
11.19,19.62,0.02,88.28,0.191618546,0.566337939,7.779528391,5,1
12.19,19.62,0.02,88.28,0.191618546,0.067746179,7.779528391,2,1
1.16,21.35,0.05,80.15,0.356081777,-0.50595003,2.015492699,0,0
2.16,21.35,0.05,80.15,0.356081777,-0.33924413,2.015492699,1,2
3.16,21.35,0.05,80.15,0.356081777,-0.27513686,2.015492699,0,0
4.16,21.35,0.05,80.15,0.356081777,2.4600294,2.015492699,1,5
5.16,21.35,0.05,80.15,0.356081777,1.1894443,2.015492699,1,5
6.16,21.35,0.05,80.15,0.356081777,-0.49545714,2.015492699,0,0
7.16,21.35,0.05,80.15,0.356081777,-0.14936836,2.015492699,1,1
8.16,21.35,0.05,80.15,0.356081777,0.90377545,2.015492699,1,2
9.16,21.35,0.05,80.15,0.356081777,-0.49358994,2.015492699,1,1
10.16,21.35,0.05,80.15,0.356081777,0.9246644,2.015492699,1,1
11.16,21.35,0.05,80.15,0.356081777,-1.1222652,2.015492699,0,0
12.16,21.35,0.05,80.15,0.356081777,0.72658736,2.015492699,6,1
1.17,21.48,0.04,80.72,0.358611468,-0.7859519,7.300314257,7,1
2.17,21.48,0.04,80.72,0.358611468,-1.3475142,7.300314257,1,2
3.17,21.48,0.04,80.72,0.358611468,-0.047293514,7.300314257,3,1
4.17,21.48,0.04,80.72,0.358611468,-0.61999786,7.300314257,1,1
5.17,21.48,0.04,80.72,0.358611468,-0.48061648,7.300314257,0,0
6.17,21.48,0.04,80.72,0.358611468,1.3885101,7.300314257,5,2.6
7.17,21.48,0.04,80.72,0.358611468,0.439495,7.300314257,1,1
8.17,21.48,0.04,80.72,0.358611468,1.0208566,7.300314257,2,1
9.17,21.48,0.04,80.72,0.358611468,-0.17182441,7.300314257,0,0
10.17,21.48,0.04,80.72,0.358611468,-0.2888494,7.300314257,0,0
11.17,21.48,0.04,80.72,0.358611468,-0.37184054,7.300314257,4,1
12.17,21.48,0.04,80.72,0.358611468,-3.018847,7.300314257,0,0
1.18,21.61,0.03,81.29,0.361141159,-0.30578077,7.528829127,7,1
2.18,21.61,0.03,81.29,0.361141159,-3.09,7.528829127,1,2
3.18,21.61,0.03,81.29,0.361141159,-1.6616815,7.528829127,3,1
4.18,21.61,0.03,81.29,0.361141159,0.014900846,7.528829127,1,1
5.18,21.61,0.03,81.29,0.361141159,1.5221965,7.528829127,0,0
6.18,21.61,0.03,81.29,0.361141159,-1.0967847,7.528829127,5,2.6
7.18,21.61,0.03,81.29,0.361141159,0.84637135,7.528829127,1,1
8.18,21.61,0.03,81.29,0.361141159,1.0369493,7.528829127,2,1
9.18,21.61,0.03,81.29,0.361141159,-2.7323396,7.528829127,0,0
10.18,21.61,0.03,81.29,0.361141159,0.79839957,7.528829127,0,0
11.18,21.61,0.03,81.29,0.361141159,0.061006572,7.528829127,4,1
12.18,21.61,0.03,81.29,0.361141159,1.4472264,7.528829127,0,0
1.19,21.74,0.02,81.86,0.363670849,0.271222655,2.465440403,7,1
2.19,21.74,0.02,81.86,0.363670849,0.671254081,2.465440403,1,2
3.19,21.74,0.02,81.86,0.363670849,1.024156592,2.465440403,3,1
4.19,21.74,0.02,81.86,0.363670849,-0.056800632,2.465440403,1,1
5.19,21.74,0.02,81.86,0.363670849,-0.944139459,2.465440403,0,0
6.19,21.74,0.02,81.86,0.363670849,-1.13339398,2.465440403,5,2.6
7.19,21.74,0.02,81.86,0.363670849,1.21693113,2.465440403,1,1
8.19,21.74,0.02,81.86,0.363670849,0.28524444,2.465440403,2,1
9.19,21.74,0.02,81.86,0.363670849,-1.784888376,2.465440403,0,0
10.19,21.74,0.02,81.86,0.363670849,0.289437154,2.465440403,0,0
11.19,21.74,0.02,81.86,0.363670849,0.600127385,2.465440403,4,1
12.19,21.74,0.02,81.86,0.363670849,1.028634816,2.465440403,0,0
1.16,20.65,0.35,88.55,0.306270341,-0.34194046,13.41188637,1,5
2.16,20.65,0.35,88.55,0.306270341,1.0715401,13.41188637,1,1
3.16,20.65,0.35,88.55,0.306270341,0.045572154,13.41188637,0,0
4.16,20.65,0.35,88.55,0.306270341,0.5864617,13.41188637,2,1.5
5.16,20.65,0.35,88.55,0.306270341,-0.7082618,13.41188637,5,3.6
6.16,20.65,0.35,88.55,0.306270341,-0.58336604,13.41188637,1,1
7.16,20.65,0.35,88.55,0.306270341,-2.609374,13.41188637,1,1
8.16,20.65,0.35,88.55,0.306270341,2.6403637,13.41188637,2,1
9.16,20.65,0.35,88.55,0.306270341,0.43946385,13.41188637,0,0
10.16,20.65,0.35,88.55,0.306270341,-0.89449793,13.41188637,3,1.67
11.16,20.65,0.35,88.55,0.306270341,-0.4384192,13.41188637,4,1
12.16,20.65,0.35,88.55,0.306270341,1.3713721,13.41188637,1,1
1.17,20.8,0.36,89.02,0.284822548,1.0221486,11.48805933,6,1
2.17,20.8,0.36,89.02,0.284822548,0.87183505,11.48805933,1,2
3.17,20.8,0.36,89.02,0.284822548,0.12201171,11.48805933,6,1.33
4.17,20.8,0.36,89.02,0.284822548,-2.339244,11.48805933,5,1
5.17,20.8,0.36,89.02,0.284822548,1.5296355,11.48805933,2,1
6.17,20.8,0.36,89.02,0.284822548,1.3809355,11.48805933,1,1
7.17,20.8,0.36,89.02,0.284822548,-0.9181956,11.48805933,0,0
8.17,20.8,0.36,89.02,0.284822548,1.3251375,11.48805933,0,0
9.17,20.8,0.36,89.02,0.284822548,0.30197906,11.48805933,5,1.8
10.17,20.8,0.36,89.02,0.284822548,0.2526498,11.48805933,2,3
11.17,20.8,0.36,89.02,0.284822548,0.71708053,11.48805933,1,1
12.17,20.8,0.36,89.02,0.284822548,-0.34673545,11.48805933,1,1
1.18,20.95,0.37,89.49,0.263374756,-2.235602,4.012642738,6,1
2.18,20.95,0.37,89.49,0.263374756,0.37735882,4.012642738,1,2
3.18,20.95,0.37,89.49,0.263374756,-1.2595009,4.012642738,6,1.33
4.18,20.95,0.37,89.49,0.263374756,-1.1758887,4.012642738,5,1
5.18,20.95,0.37,89.49,0.263374756,-0.10226724,4.012642738,2,1
6.18,20.95,0.37,89.49,0.263374756,0.7340912,4.012642738,1,1
7.18,20.95,0.37,89.49,0.263374756,0.15956326,4.012642738,0,0
8.18,20.95,0.37,89.49,0.263374756,-1.1986338,4.012642738,0,0
9.18,20.95,0.37,89.49,0.263374756,0.7706547,4.012642738,5,1.8
10.18,20.95,0.37,89.49,0.263374756,-0.94015944,4.012642738,2,3
11.18,20.95,0.37,89.49,0.263374756,0.26636755,4.012642738,1,1
12.18,20.95,0.37,89.49,0.263374756,-3.09,4.012642738,1,1
1.19,21.1,0.38,89.96,0.241926964,-0.989299531,-0.388312095,6,1
2.19,21.1,0.38,89.96,0.241926964,0.458972438,-0.388312095,1,2
3.19,21.1,0.38,89.96,0.241926964,1.335368338,-0.388312095,6,1.33
4.19,21.1,0.38,89.96,0.241926964,0.49068093,-0.388312095,5,1
5.19,21.1,0.38,89.96,0.241926964,0.015635958,-0.388312095,2,1
6.19,21.1,0.38,89.96,0.241926964,1.467705712,-0.388312095,1,1
7.19,21.1,0.38,89.96,0.241926964,0.067200088,-0.388312095,0,0
8.19,21.1,0.38,89.96,0.241926964,-0.053269818,-0.388312095,0,0
9.19,21.1,0.38,89.96,0.241926964,-3.314067351,-0.388312095,5,1.8
10.19,21.1,0.38,89.96,0.241926964,-1.1661418,-0.388312095,2,3
11.19,21.1,0.38,89.96,0.241926964,0.354288726,-0.388312095,1,1
12.19,21.1,0.38,89.96,0.241926964,1.559588498,-0.388312095,1,1
1.16,17.4,0.65,85.85,0.388632545,-0.7199448,3.698838261,5,1.2
2.16,17.4,0.65,85.85,0.388632545,1.105352,3.698838261,3,1.33
3.16,17.4,0.65,85.85,0.388632545,1.747118,3.698838261,2,1
4.16,17.4,0.65,85.85,0.388632545,-1.1535883,3.698838261,2,1.5
5.16,17.4,0.65,85.85,0.388632545,0.07373792,3.698838261,0,0
6.16,17.4,0.65,85.85,0.388632545,1.0871509,3.698838261,2,1
7.16,17.4,0.65,85.85,0.388632545,-0.11187385,3.698838261,6,2.5
8.16,17.4,0.65,85.85,0.388632545,2.5315285,3.698838261,6,1.33
9.16,17.4,0.65,85.85,0.388632545,0.25457233,3.698838261,2,1
10.16,17.4,0.65,85.85,0.388632545,-0.20958573,3.698838261,5,1.2
11.16,17.4,0.65,85.85,0.388632545,-0.36607614,3.698838261,2,1.5
12.16,17.4,0.65,85.85,0.388632545,2.2514257,3.698838261,7,1.14
1.17,17.46,0.64,86.38,0.350477524,-1.6657623,8.500754894,36,1
2.17,17.46,0.64,86.38,0.350477524,2.306117,8.500754894,6,1.5
3.17,17.46,0.64,86.38,0.350477524,-0.8601588,8.500754894,20,1.45
4.17,17.46,0.64,86.38,0.350477524,0.880212,8.500754894,15,1.4
5.17,17.46,0.64,86.38,0.350477524,-0.5028673,8.500754894,3,1
6.17,17.46,0.64,86.38,0.350477524,1.1804264,8.500754894,3,1.33
7.17,17.46,0.64,86.38,0.350477524,0.16440363,8.500754894,2,3
8.17,17.46,0.64,86.38,0.350477524,1.8136568,8.500754894,3,1
9.17,17.46,0.64,86.38,0.350477524,-0.08546679,8.500754894,8,1
10.17,17.46,0.64,86.38,0.350477524,-1.5487783,8.500754894,1,1
11.17,17.46,0.64,86.38,0.350477524,1.523633,8.500754894,2,1
12.17,17.46,0.64,86.38,0.350477524,-1.977988,8.500754894,4,1
1.18,17.52,0.63,86.91,0.312322503,-0.039060786,11.79564375,36,1
2.18,17.52,0.63,86.91,0.312322503,-0.8910923,11.79564375,6,1.5
3.18,17.52,0.63,86.91,0.312322503,-0.18652403,11.79564375,20,1.45
4.18,17.52,0.63,86.91,0.312322503,-0.19102086,11.79564375,15,1.4
5.18,17.52,0.63,86.91,0.312322503,0.8558178,11.79564375,3,1
6.18,17.52,0.63,86.91,0.312322503,-0.54090863,11.79564375,3,1.33
7.18,17.52,0.63,86.91,0.312322503,0.47313374,11.79564375,2,3
8.18,17.52,0.63,86.91,0.312322503,-2.7043095,11.79564375,3,1
9.18,17.52,0.63,86.91,0.312322503,0.5531333,11.79564375,8,1
10.18,17.52,0.63,86.91,0.312322503,1.496711,11.79564375,1,1
11.18,17.52,0.63,86.91,0.312322503,-3.09,11.79564375,2,1
12.18,17.52,0.63,86.91,0.312322503,-0.009550626,11.79564375,4,1
1.19,17.58,0.62,87.44,0.274167482,0.331496701,10.59899728,36,1
2.19,17.58,0.62,87.44,0.274167482,0.402201853,10.59899728,6,1.5
3.19,17.58,0.62,87.44,0.274167482,-1.100205435,10.59899728,20,1.45
4.19,17.58,0.62,87.44,0.274167482,2.235234063,10.59899728,15,1.4
5.19,17.58,0.62,87.44,0.274167482,-0.504831048,10.59899728,3,1
6.19,17.58,0.62,87.44,0.274167482,1.833767956,10.59899728,3,1.33
7.19,17.58,0.62,87.44,0.274167482,-2.179056963,10.59899728,2,3
8.19,17.58,0.62,87.44,0.274167482,-0.339505904,10.59899728,3,1
9.19,17.58,0.62,87.44,0.274167482,2.061240375,10.59899728,8,1
10.19,17.58,0.62,87.44,0.274167482,-1.18350212,10.59899728,1,1
11.19,17.58,0.62,87.44,0.274167482,-0.848765598,10.59899728,2,1
12.19,17.58,0.62,87.44,0.274167482,0.68922506,10.59899728,4,1
1.16,18.9,0.3,85.7,0.19191288,-0.14566517,2.176392029,4,1
2.16,18.9,0.3,85.7,0.19191288,1.1955751,2.176392029,1,1
3.16,18.9,0.3,85.7,0.19191288,-0.55560446,2.176392029,2,1.5
4.16,18.9,0.3,85.7,0.19191288,-1.0267253,2.176392029,4,1.25
5.16,18.9,0.3,85.7,0.19191288,0.53318584,2.176392029,3,3.67
6.16,18.9,0.3,85.7,0.19191288,0.6408299,2.176392029,2,1
7.16,18.9,0.3,85.7,0.19191288,-0.9309799,2.176392029,1,1
8.16,18.9,0.3,85.7,0.19191288,1.0697547,2.176392029,6,1.5
9.16,18.9,0.3,85.7,0.19191288,1.0249904,2.176392029,2,1.5
10.16,18.9,0.3,85.7,0.19191288,-0.5037927,2.176392029,1,2
11.16,18.9,0.3,85.7,0.19191288,0.5511283,2.176392029,2,1.5
12.16,18.9,0.3,85.7,0.19191288,0.31195328,2.176392029,1,1
1.17,18.98,0.3,86.34,0.170759372,-2.039321,3.796023231,12,1
2.17,18.98,0.3,86.34,0.170759372,0.16581768,3.796023231,4,2.25
3.17,18.98,0.3,86.34,0.170759372,-0.7622672,3.796023231,18,1.33
4.17,18.98,0.3,86.34,0.170759372,0.5448115,3.796023231,2,1
5.17,18.98,0.3,86.34,0.170759372,0.15788458,3.796023231,2,1.5
6.17,18.98,0.3,86.34,0.170759372,1.1918173,3.796023231,5,1
7.17,18.98,0.3,86.34,0.170759372,0.23277201,3.796023231,3,1
8.17,18.98,0.3,86.34,0.170759372,-2.375928,3.796023231,5,1
9.17,18.98,0.3,86.34,0.170759372,-0.780016,3.796023231,12,1.58
10.17,18.98,0.3,86.34,0.170759372,1.188685,3.796023231,4,1
11.17,18.98,0.3,86.34,0.170759372,-0.13418499,3.796023231,4,1
12.17,18.98,0.3,86.34,0.170759372,1.6100426,3.796023231,2,1
1.18,19.06,0.3,86.98,0.149605863,-0.15344888,6.862400235,12,1
2.18,19.06,0.3,86.98,0.149605863,-3.09,6.862400235,4,2.25
3.18,19.06,0.3,86.98,0.149605863,-1.1433398,6.862400235,18,1.33
4.18,19.06,0.3,86.98,0.149605863,-0.4101081,6.862400235,2,1
5.18,19.06,0.3,86.98,0.149605863,-0.3246287,6.862400235,2,1.5
6.18,19.06,0.3,86.98,0.149605863,-0.15326723,6.862400235,5,1
7.18,19.06,0.3,86.98,0.149605863,-0.00684039,6.862400235,3,1
8.18,19.06,0.3,86.98,0.149605863,1.8064427,6.862400235,5,1
9.18,19.06,0.3,86.98,0.149605863,-0.9740309,6.862400235,12,1.58
10.18,19.06,0.3,86.98,0.149605863,-1.0954765,6.862400235,4,1
11.18,19.06,0.3,86.98,0.149605863,-2.177673,6.862400235,4,1
12.18,19.06,0.3,86.98,0.149605863,1.010963,6.862400235,2,1
1.19,19.14,0.3,87.62,0.128452355,0.859522201,8.941993369,12,1
2.19,19.14,0.3,87.62,0.128452355,0.224766372,8.941993369,4,2.25
3.19,19.14,0.3,87.62,0.128452355,-0.619761286,8.941993369,18,1.33
4.19,19.14,0.3,87.62,0.128452355,-0.444050784,8.941993369,2,1
5.19,19.14,0.3,87.62,0.128452355,0.270935325,8.941993369,2,1.5
6.19,19.14,0.3,87.62,0.128452355,0.460225077,8.941993369,5,1
7.19,19.14,0.3,87.62,0.128452355,0.211083683,8.941993369,3,1
8.19,19.14,0.3,87.62,0.128452355,0.299519067,8.941993369,5,1
9.19,19.14,0.3,87.62,0.128452355,0.656024502,8.941993369,12,1.58
10.19,19.14,0.3,87.62,0.128452355,0.492688428,8.941993369,4,1
11.19,19.14,0.3,87.62,0.128452355,-0.275691712,8.941993369,4,1
12.19,19.14,0.3,87.62,0.128452355,-0.844039963,8.941993369,2,1
1.16,16.1,0.2,82.5,0.291006399,1.6016798,5.299131605,0,0
2.16,16.1,0.2,82.5,0.291006399,-0.5518684,5.299131605,7,1.14
3.16,16.1,0.2,82.5,0.291006399,-0.48675963,5.299131605,2,1
4.16,16.1,0.2,82.5,0.291006399,-0.22727364,5.299131605,2,1.5
5.16,16.1,0.2,82.5,0.291006399,-0.2804501,5.299131605,1,1
6.16,16.1,0.2,82.5,0.291006399,0.93752986,5.299131605,3,1
7.16,16.1,0.2,82.5,0.291006399,1.2709763,5.299131605,1,1
8.16,16.1,0.2,82.5,0.291006399,1.0985312,5.299131605,2,1.5
9.16,16.1,0.2,82.5,0.291006399,0.032510817,5.299131605,1,5
10.16,16.1,0.2,82.5,0.291006399,-0.21492827,5.299131605,0,0
11.16,16.1,0.2,82.5,0.291006399,1.2102425,5.299131605,1,1
12.16,16.1,0.2,82.5,0.291006399,0.3568158,5.299131605,0,0
1.17,16.12,0.2,83.26,0.273182747,0.9448046,7.452543546,7,1.14
2.17,16.12,0.2,83.26,0.273182747,-3.09,7.452543546,5,1
3.17,16.12,0.2,83.26,0.273182747,-2.415439,7.452543546,6,1.17
4.17,16.12,0.2,83.26,0.273182747,-0.43392372,7.452543546,4,2.25
5.17,16.12,0.2,83.26,0.273182747,-0.62329465,7.452543546,3,1
6.17,16.12,0.2,83.26,0.273182747,-1.1690705,7.452543546,3,1
7.17,16.12,0.2,83.26,0.273182747,-1.5649372,7.452543546,3,1
8.17,16.12,0.2,83.26,0.273182747,-0.15933472,7.452543546,5,1
9.17,16.12,0.2,83.26,0.273182747,1.9013281,7.452543546,0,0
10.17,16.12,0.2,83.26,0.273182747,-0.15970924,7.452543546,0,0
11.17,16.12,0.2,83.26,0.273182747,-0.21441475,7.452543546,3,1
12.17,16.12,0.2,83.26,0.273182747,1.4643214,7.452543546,1,1
1.18,16.14,0.2,84.02,0.255359095,-1.2369825,7.75529405,7,1.14
2.18,16.14,0.2,84.02,0.255359095,-2.2135665,7.75529405,5,1
3.18,16.14,0.2,84.02,0.255359095,-1.0337905,7.75529405,6,1.17
4.18,16.14,0.2,84.02,0.255359095,0.5962357,7.75529405,4,2.25
5.18,16.14,0.2,84.02,0.255359095,1.4098325,7.75529405,3,1
6.18,16.14,0.2,84.02,0.255359095,1.7092596,7.75529405,3,1
7.18,16.14,0.2,84.02,0.255359095,1.4193131,7.75529405,3,1
8.18,16.14,0.2,84.02,0.255359095,-0.6107348,7.75529405,5,1
9.18,16.14,0.2,84.02,0.255359095,-1.6441566,7.75529405,0,0
10.18,16.14,0.2,84.02,0.255359095,1.8180422,7.75529405,0,0
11.18,16.14,0.2,84.02,0.255359095,-0.93367344,7.75529405,3,1
12.18,16.14,0.2,84.02,0.255359095,-0.6574648,7.75529405,1,1
1.19,16.16,0.2,84.78,0.237535442,-2.406293821,4.569158998,7,1.14
2.19,16.16,0.2,84.78,0.237535442,-2.381487113,4.569158998,5,1
3.19,16.16,0.2,84.78,0.237535442,-0.73578169,4.569158998,6,1.17
4.19,16.16,0.2,84.78,0.237535442,-0.183383275,4.569158998,4,2.25
5.19,16.16,0.2,84.78,0.237535442,-1.474751073,4.569158998,3,1
6.19,16.16,0.2,84.78,0.237535442,-1.679490385,4.569158998,3,1
7.19,16.16,0.2,84.78,0.237535442,0.489773904,4.569158998,3,1
8.19,16.16,0.2,84.78,0.237535442,1.354121019,4.569158998,5,1
9.19,16.16,0.2,84.78,0.237535442,-0.054788255,4.569158998,0,0
10.19,16.16,0.2,84.78,0.237535442,0.221341903,4.569158998,0,0
11.19,16.16,0.2,84.78,0.237535442,1.109123912,4.569158998,3,1
12.19,16.16,0.2,84.78,0.237535442,-0.624843345,4.569158998,1,1
1.16,22.1,1.25,87.55,0.519721087,0.58761656,11.21950849,0,0
2.16,22.1,1.25,87.55,0.519721087,-0.66344726,11.21950849,0,0
3.16,22.1,1.25,87.55,0.519721087,1.4181169,11.21950849,0,0
4.16,22.1,1.25,87.55,0.519721087,-2.2309651,11.21950849,0,0
5.16,22.1,1.25,87.55,0.519721087,0.21077254,11.21950849,0,0
6.16,22.1,1.25,87.55,0.519721087,-0.16103648,11.21950849,0,0
7.16,22.1,1.25,87.55,0.519721087,-3.09,11.21950849,0,0
8.16,22.1,1.25,87.55,0.519721087,0.3193237,11.21950849,0,0
9.16,22.1,1.25,87.55,0.519721087,-1.2368938,11.21950849,1,1
10.16,22.1,1.25,87.55,0.519721087,0.23300856,11.21950849,0,0
11.16,22.1,1.25,87.55,0.519721087,-0.11757678,11.21950849,0,0
12.16,22.1,1.25,87.55,0.519721087,0.99606234,11.21950849,1,1
1.17,22.12,1.24,88.26,0.481387616,1.1243918,12.18629297,1,1
2.17,22.12,1.24,88.26,0.481387616,-0.521625,12.18629297,0,0
3.17,22.12,1.24,88.26,0.481387616,0.1590829,12.18629297,0,0
4.17,22.12,1.24,88.26,0.481387616,1.1956723,12.18629297,2,1
5.17,22.12,1.24,88.26,0.481387616,-0.31226557,12.18629297,0,0
6.17,22.12,1.24,88.26,0.481387616,1.0079585,12.18629297,0,0
7.17,22.12,1.24,88.26,0.481387616,1.4133906,12.18629297,0,0
8.17,22.12,1.24,88.26,0.481387616,0.6057804,12.18629297,0,0
9.17,22.12,1.24,88.26,0.481387616,-0.63084537,12.18629297,2,1
10.17,22.12,1.24,88.26,0.481387616,-0.78567946,12.18629297,0,0
11.17,22.12,1.24,88.26,0.481387616,-0.7800242,12.18629297,0,0
12.17,22.12,1.24,88.26,0.481387616,0.13463719,12.18629297,0,0
1.18,22.14,1.23,88.97,0.443054145,1.4643722,8.234211491,1,1
2.18,22.14,1.23,88.97,0.443054145,-1.427601,8.234211491,0,0
3.18,22.14,1.23,88.97,0.443054145,0.60768026,8.234211491,0,0
4.18,22.14,1.23,88.97,0.443054145,-2.561663,8.234211491,2,1
5.18,22.14,1.23,88.97,0.443054145,-0.9219628,8.234211491,0,0
6.18,22.14,1.23,88.97,0.443054145,1.0856359,8.234211491,0,0
7.18,22.14,1.23,88.97,0.443054145,0.643974,8.234211491,0,0
8.18,22.14,1.23,88.97,0.443054145,-2.8734224,8.234211491,0,0
9.18,22.14,1.23,88.97,0.443054145,-0.49916688,8.234211491,2,1
10.18,22.14,1.23,88.97,0.443054145,0.66116476,8.234211491,0,0
11.18,22.14,1.23,88.97,0.443054145,-0.5403532,8.234211491,0,0
12.18,22.14,1.23,88.97,0.443054145,-0.71765274,8.234211491,0,0
1.19,22.16,1.22,89.68,0.404720674,1.512063166,3.78109695,1,1
2.19,22.16,1.22,89.68,0.404720674,0.348359682,3.78109695,0,0
3.19,22.16,1.22,89.68,0.404720674,-0.427291008,3.78109695,0,0
4.19,22.16,1.22,89.68,0.404720674,0.742105157,3.78109695,2,1
5.19,22.16,1.22,89.68,0.404720674,0.506345886,3.78109695,0,0
6.19,22.16,1.22,89.68,0.404720674,0.085647405,3.78109695,0,0
7.19,22.16,1.22,89.68,0.404720674,1.149813499,3.78109695,0,0
8.19,22.16,1.22,89.68,0.404720674,1.268380935,3.78109695,0,0
9.19,22.16,1.22,89.68,0.404720674,0.32140143,3.78109695,2,1
10.19,22.16,1.22,89.68,0.404720674,-0.473970077,3.78109695,0,0
11.19,22.16,1.22,89.68,0.404720674,-1.187064727,3.78109695,0,0
12.19,22.16,1.22,89.68,0.404720674,-0.522684906,3.78109695,0,0
1.16,23.65,3.9,77.6,0.152846715,2.8530388,8.923777855,2,1.5
2.16,23.65,3.9,77.6,0.152846715,0.25038263,8.923777855,2,3
3.16,23.65,3.9,77.6,0.152846715,-1.1427244,8.923777855,1,2
4.16,23.65,3.9,77.6,0.152846715,-0.2343642,8.923777855,2,2
5.16,23.65,3.9,77.6,0.152846715,-1.017946,8.923777855,0,0
6.16,23.65,3.9,77.6,0.152846715,-1.9527901,8.923777855,3,1
7.16,23.65,3.9,77.6,0.152846715,-2.8405755,8.923777855,3,1
8.16,23.65,3.9,77.6,0.152846715,-1.1927167,8.923777855,2,1
9.16,23.65,3.9,77.6,0.152846715,0.83406293,8.923777855,0,0
10.16,23.65,3.9,77.6,0.152846715,-2.2928343,8.923777855,2,1.5
11.16,23.65,3.9,77.6,0.152846715,-1.1170734,8.923777855,2,1
12.16,23.65,3.9,77.6,0.152846715,0.20311196,8.923777855,1,5
1.17,23.8,3.94,78.28,0.136576433,-0.26856595,12.68829046,6,1
2.17,23.8,3.94,78.28,0.136576433,0.3326986,12.68829046,5,1
3.17,23.8,3.94,78.28,0.136576433,1.2876449,12.68829046,7,1
4.17,23.8,3.94,78.28,0.136576433,1.6526061,12.68829046,7,1
5.17,23.8,3.94,78.28,0.136576433,0.7347529,12.68829046,4,1.25
6.17,23.8,3.94,78.28,0.136576433,-1.027835,12.68829046,2,1
7.17,23.8,3.94,78.28,0.136576433,-0.17547859,12.68829046,0,0
8.17,23.8,3.94,78.28,0.136576433,-0.4315153,12.68829046,0,0
9.17,23.8,3.94,78.28,0.136576433,-0.45977998,12.68829046,0,0
10.17,23.8,3.94,78.28,0.136576433,0.60225374,12.68829046,0,0
11.17,23.8,3.94,78.28,0.136576433,-0.5909785,12.68829046,0,0
12.17,23.8,3.94,78.28,0.136576433,1.6041718,12.68829046,0,0
1.18,23.95,3.98,78.96,0.120306151,-0.68822616,8.702035538,6,1
2.18,23.95,3.98,78.96,0.120306151,1.9230777,8.702035538,5,1
3.18,23.95,3.98,78.96,0.120306151,-1.5617254,8.702035538,7,1
4.18,23.95,3.98,78.96,0.120306151,-0.9594736,8.702035538,7,1
5.18,23.95,3.98,78.96,0.120306151,-0.014110716,8.702035538,4,1.25
6.18,23.95,3.98,78.96,0.120306151,-2.9144802,8.702035538,2,1
7.18,23.95,3.98,78.96,0.120306151,2.0591574,8.702035538,0,0
8.18,23.95,3.98,78.96,0.120306151,1.1170856,8.702035538,0,0
9.18,23.95,3.98,78.96,0.120306151,0.46516648,8.702035538,0,0
10.18,23.95,3.98,78.96,0.120306151,0.25597066,8.702035538,0,0
11.18,23.95,3.98,78.96,0.120306151,-0.47398373,8.702035538,0,0
12.18,23.95,3.98,78.96,0.120306151,-1.6159551,8.702035538,0,0
1.19,24.1,4.02,79.64,0.10403587,-2.320967505,1.271576277,6,1
2.19,24.1,4.02,79.64,0.10403587,-2.164605268,1.271576277,5,1
3.19,24.1,4.02,79.64,0.10403587,-1.08944649,1.271576277,7,1
4.19,24.1,4.02,79.64,0.10403587,0.655818124,1.271576277,7,1
5.19,24.1,4.02,79.64,0.10403587,2.556364,1.271576277,4,1.25
6.19,24.1,4.02,79.64,0.10403587,4.024737257,1.271576277,2,1
7.19,24.1,4.02,79.64,0.10403587,4.622024918,1.271576277,0,0
8.19,24.1,4.02,79.64,0.10403587,4.214136409,1.271576277,0,0
9.19,24.1,4.02,79.64,0.10403587,3.001019881,1.271576277,0,0
10.19,24.1,4.02,79.64,0.10403587,1.413520507,1.271576277,0,0
11.19,24.1,4.02,79.64,0.10403587,-0.070327537,1.271576277,0,0
12.19,24.1,4.02,79.64,0.10403587,-1.106235437,1.271576277,0,0
1.16,35,0.2,86.05,0.053615161,-0.57079756,0.869382103,0,0
2.16,35,0.2,86.05,0.053615161,0.6574262,0.869382103,1,1
3.16,35,0.2,86.05,0.053615161,2.1135674,0.869382103,1,1
4.16,35,0.2,86.05,0.053615161,-0.46000665,0.869382103,4,2.5
5.16,35,0.2,86.05,0.053615161,0.4319767,0.869382103,1,1
6.16,35,0.2,86.05,0.053615161,-0.039879963,0.869382103,0,0
7.16,35,0.2,86.05,0.053615161,-0.64135104,0.869382103,0,0
8.16,35,0.2,86.05,0.053615161,1.4762793,0.869382103,1,1
9.16,35,0.2,86.05,0.053615161,1.7791221,0.869382103,0,0
10.16,35,0.2,86.05,0.053615161,-1.0007199,0.869382103,1,2
11.16,35,0.2,86.05,0.053615161,0.095408596,0.869382103,0,0
12.16,35,0.2,86.05,0.053615161,1.9003288,0.869382103,3,1.33
1.17,35.18,0.2,86.68,0.052494562,-2.3326051,-4.835607554,10,1
2.17,35.18,0.2,86.68,0.052494562,1.3255284,-4.835607554,3,1
3.17,35.18,0.2,86.68,0.052494562,-0.46035028,-4.835607554,4,1.5
4.17,35.18,0.2,86.68,0.052494562,0.9321352,-4.835607554,3,1
5.17,35.18,0.2,86.68,0.052494562,-3.09,-4.835607554,0,0
6.17,35.18,0.2,86.68,0.052494562,-0.22972517,-4.835607554,1,5
7.17,35.18,0.2,86.68,0.052494562,0.45493078,-4.835607554,0,0
8.17,35.18,0.2,86.68,0.052494562,-2.4377568,-4.835607554,1,1
9.17,35.18,0.2,86.68,0.052494562,0.26245224,-4.835607554,1,1
10.17,35.18,0.2,86.68,0.052494562,-0.18849067,-4.835607554,0,0
11.17,35.18,0.2,86.68,0.052494562,-0.14720055,-4.835607554,2,1
12.17,35.18,0.2,86.68,0.052494562,-0.8461553,-4.835607554,1,2
1.18,35.36,0.2,87.31,0.051373962,-1.3840339,7.97032578,10,1
2.18,35.36,0.2,87.31,0.051373962,-2.2018785,7.97032578,3,1
3.18,35.36,0.2,87.31,0.051373962,0.6249667,7.97032578,4,1.5
4.18,35.36,0.2,87.31,0.051373962,-0.010090743,7.97032578,3,1
5.18,35.36,0.2,87.31,0.051373962,1.0169966,7.97032578,0,0
6.18,35.36,0.2,87.31,0.051373962,-0.22469994,7.97032578,1,5
7.18,35.36,0.2,87.31,0.051373962,-0.30712286,7.97032578,0,0
8.18,35.36,0.2,87.31,0.051373962,1.6438209,7.97032578,1,1
9.18,35.36,0.2,87.31,0.051373962,-0.4899584,7.97032578,1,1
10.18,35.36,0.2,87.31,0.051373962,0.10096274,7.97032578,0,0
11.18,35.36,0.2,87.31,0.051373962,0.32825732,7.97032578,2,1
12.18,35.36,0.2,87.31,0.051373962,0.8486787,7.97032578,1,2
1.19,35.54,0.2,87.94,0.050253362,-2.703905611,-1.085006191,10,1
2.19,35.54,0.2,87.94,0.050253362,-0.622489502,-1.085006191,3,1
3.19,35.54,0.2,87.94,0.050253362,0.915151581,-1.085006191,4,1.5
4.19,35.54,0.2,87.94,0.050253362,-2.337935769,-1.085006191,3,1
5.19,35.54,0.2,87.94,0.050253362,-0.293082833,-1.085006191,0,0
6.19,35.54,0.2,87.94,0.050253362,-0.266153678,-1.085006191,1,5
7.19,35.54,0.2,87.94,0.050253362,1.028788389,-1.085006191,0,0
8.19,35.54,0.2,87.94,0.050253362,-1.540841327,-1.085006191,1,1
9.19,35.54,0.2,87.94,0.050253362,-0.720992836,-1.085006191,1,1
10.19,35.54,0.2,87.94,0.050253362,-0.995397892,-1.085006191,0,0
11.19,35.54,0.2,87.94,0.050253362,-0.913612454,-1.085006191,2,1
12.19,35.54,0.2,87.94,0.050253362,0.590213727,-1.085006191,1,2
1.16,22.6,1.95,82.6,0.312957337,1.3422474,0.951027816,0,0
2.16,22.6,1.95,82.6,0.312957337,2.3318472,0.951027816,1,1
3.16,22.6,1.95,82.6,0.312957337,-2.72968,0.951027816,2,3
4.16,22.6,1.95,82.6,0.312957337,-0.7393284,0.951027816,3,2.33
5.16,22.6,1.95,82.6,0.312957337,-0.06120388,0.951027816,1,1
6.16,22.6,1.95,82.6,0.312957337,0.6215104,0.951027816,0,0
7.16,22.6,1.95,82.6,0.312957337,-0.40738276,0.951027816,1,1
8.16,22.6,1.95,82.6,0.312957337,1.4037315,0.951027816,1,2
9.16,22.6,1.95,82.6,0.312957337,-0.583305,0.951027816,2,4
10.16,22.6,1.95,82.6,0.312957337,0.8157696,0.951027816,3,1.33
11.16,22.6,1.95,82.6,0.312957337,-2.294197,0.951027816,0,0
12.16,22.6,1.95,82.6,0.312957337,0.007816754,0.951027816,2,1
1.17,22.74,1.96,83.28,0.25830559,-0.5880925,2.700240302,8,1.12
2.17,22.74,1.96,83.28,0.25830559,-1.0093899,2.700240302,3,1
3.17,22.74,1.96,83.28,0.25830559,1.2913275,2.700240302,6,1.17
4.17,22.74,1.96,83.28,0.25830559,0.95198584,2.700240302,10,1.4
5.17,22.74,1.96,83.28,0.25830559,-0.6275357,2.700240302,3,2.33
6.17,22.74,1.96,83.28,0.25830559,-3.09,2.700240302,1,1
7.17,22.74,1.96,83.28,0.25830559,-0.9502133,2.700240302,1,1
8.17,22.74,1.96,83.28,0.25830559,0.42438537,2.700240302,1,1
9.17,22.74,1.96,83.28,0.25830559,1.4131693,2.700240302,6,1.17
10.17,22.74,1.96,83.28,0.25830559,0.09519483,2.700240302,0,0
11.17,22.74,1.96,83.28,0.25830559,1.2292248,2.700240302,1,1
12.17,22.74,1.96,83.28,0.25830559,-1.9640232,2.700240302,0,0
1.18,22.88,1.97,83.96,0.203653843,-0.1644012,6.55169241,8,1.12
2.18,22.88,1.97,83.96,0.203653843,-0.3163456,6.55169241,3,1
3.18,22.88,1.97,83.96,0.203653843,-0.09392877,6.55169241,6,1.17
4.18,22.88,1.97,83.96,0.203653843,0.06960743,6.55169241,10,1.4
5.18,22.88,1.97,83.96,0.203653843,0.6141126,6.55169241,3,2.33
6.18,22.88,1.97,83.96,0.203653843,0.5305485,6.55169241,1,1
7.18,22.88,1.97,83.96,0.203653843,-0.2854125,6.55169241,1,1
8.18,22.88,1.97,83.96,0.203653843,0.31668606,6.55169241,1,1
9.18,22.88,1.97,83.96,0.203653843,0.62232447,6.55169241,6,1.17
10.18,22.88,1.97,83.96,0.203653843,-0.22661492,6.55169241,0,0
11.18,22.88,1.97,83.96,0.203653843,-1.2466881,6.55169241,1,1
12.18,22.88,1.97,83.96,0.203653843,1.5569199,6.55169241,0,0
1.19,23.02,1.98,84.64,0.149002096,1.052178513,9.529496475,8,1.12
2.19,23.02,1.98,84.64,0.149002096,-1.298540431,9.529496475,3,1
3.19,23.02,1.98,84.64,0.149002096,-2.720729735,9.529496475,6,1.17
4.19,23.02,1.98,84.64,0.149002096,-1.055189851,9.529496475,10,1.4
5.19,23.02,1.98,84.64,0.149002096,1.120095079,9.529496475,3,2.33
6.19,23.02,1.98,84.64,0.149002096,0.616708203,9.529496475,1,1
7.19,23.02,1.98,84.64,0.149002096,1.491767831,9.529496475,1,1
8.19,23.02,1.98,84.64,0.149002096,0.66915613,9.529496475,1,1
9.19,23.02,1.98,84.64,0.149002096,-2.078336776,9.529496475,6,1.17
10.19,23.02,1.98,84.64,0.149002096,-0.50782018,9.529496475,0,0
11.19,23.02,1.98,84.64,0.149002096,0.323332905,9.529496475,1,1
12.19,23.02,1.98,84.64,0.149002096,-0.342055147,9.529496475,0,0
1.16,30.4,2.2,75.95,0.152033081,0.2781039,3.062551853,2,1
2.16,30.4,2.2,75.95,0.152033081,0.21369827,3.062551853,1,1
3.16,30.4,2.2,75.95,0.152033081,-0.2362902,3.062551853,0,0
4.16,30.4,2.2,75.95,0.152033081,1.1532844,3.062551853,0,0
5.16,30.4,2.2,75.95,0.152033081,-0.54286903,3.062551853,0,0
6.16,30.4,2.2,75.95,0.152033081,-1.8308748,3.062551853,1,4
7.16,30.4,2.2,75.95,0.152033081,-0.8247044,3.062551853,0,0
8.16,30.4,2.2,75.95,0.152033081,0.81115454,3.062551853,1,1
9.16,30.4,2.2,75.95,0.152033081,1.0175122,3.062551853,3,2.67
10.16,30.4,2.2,75.95,0.152033081,-0.45468745,3.062551853,1,2
11.16,30.4,2.2,75.95,0.152033081,0.5368182,3.062551853,0,0
12.16,30.4,2.2,75.95,0.152033081,-1.2263173,3.062551853,0,0
1.17,30.6,2.2,76.76,0.132421541,0.28517565,9.29388559,1,1
2.17,30.6,2.2,76.76,0.132421541,2.0806355,9.29388559,1,1
3.17,30.6,2.2,76.76,0.132421541,0.17349915,9.29388559,0,0
4.17,30.6,2.2,76.76,0.132421541,0.954575,9.29388559,2,2.5
5.17,30.6,2.2,76.76,0.132421541,-0.09311644,9.29388559,0,0
6.17,30.6,2.2,76.76,0.132421541,-0.03075388,9.29388559,0,0
7.17,30.6,2.2,76.76,0.132421541,2.1815956,9.29388559,0,0
8.17,30.6,2.2,76.76,0.132421541,-0.44764626,9.29388559,0,0
9.17,30.6,2.2,76.76,0.132421541,-1.9707195,9.29388559,0,0
10.17,30.6,2.2,76.76,0.132421541,0.38227388,9.29388559,0,0
11.17,30.6,2.2,76.76,0.132421541,0.19275635,9.29388559,0,0
12.17,30.6,2.2,76.76,0.132421541,-0.26483625,9.29388559,0,0
1.18,30.8,2.2,77.57,0.112810001,-1.3109716,10.64459573,1,1
2.18,30.8,2.2,77.57,0.112810001,-3.09,10.64459573,1,1
3.18,30.8,2.2,77.57,0.112810001,0.75611067,10.64459573,0,0
4.18,30.8,2.2,77.57,0.112810001,1.9253242,10.64459573,2,2.5
5.18,30.8,2.2,77.57,0.112810001,-2.72651,10.64459573,0,0
6.18,30.8,2.2,77.57,0.112810001,-0.1701914,10.64459573,0,0
7.18,30.8,2.2,77.57,0.112810001,0.09745382,10.64459573,0,0
8.18,30.8,2.2,77.57,0.112810001,1.7924696,10.64459573,0,0
9.18,30.8,2.2,77.57,0.112810001,1.8591374,10.64459573,0,0
10.18,30.8,2.2,77.57,0.112810001,-0.57064366,10.64459573,0,0
11.18,30.8,2.2,77.57,0.112810001,1.3761449,10.64459573,0,0
12.18,30.8,2.2,77.57,0.112810001,-0.101302035,10.64459573,0,0
1.19,31,2.2,78.38,0.093198461,-0.902618336,5.82709339,1,1
2.19,31,2.2,78.38,0.093198461,-1.740218198,5.82709339,1,1
3.19,31,2.2,78.38,0.093198461,-0.601703957,5.82709339,0,0
4.19,31,2.2,78.38,0.093198461,0.830004507,5.82709339,2,2.5
5.19,31,2.2,78.38,0.093198461,0.85278699,5.82709339,0,0
6.19,31,2.2,78.38,0.093198461,0.026020303,5.82709339,0,0
7.19,31,2.2,78.38,0.093198461,-0.478956125,5.82709339,0,0
8.19,31,2.2,78.38,0.093198461,-0.354107582,5.82709339,0,0
9.19,31,2.2,78.38,0.093198461,0.380368538,5.82709339,0,0
10.19,31,2.2,78.38,0.093198461,1.291214751,5.82709339,0,0
11.19,31,2.2,78.38,0.093198461,1.248681285,5.82709339,0,0
12.19,31,2.2,78.38,0.093198461,0.154231665,5.82709339,0,0
1.16,21.4,0.1,83.45,0.443664807,-0.22488303,6.600329629,0,0
2.16,21.4,0.1,83.45,0.443664807,-0.62052184,6.600329629,1,2
3.16,21.4,0.1,83.45,0.443664807,0.96276957,6.600329629,0,0
4.16,21.4,0.1,83.45,0.443664807,1.2392975,6.600329629,0,0
5.16,21.4,0.1,83.45,0.443664807,0.57080966,6.600329629,0,0
6.16,21.4,0.1,83.45,0.443664807,-0.6217701,6.600329629,0,0
7.16,21.4,0.1,83.45,0.443664807,-1.2033937,6.600329629,0,0
8.16,21.4,0.1,83.45,0.443664807,0.20818947,6.600329629,0,0
9.16,21.4,0.1,83.45,0.443664807,0.36513734,6.600329629,0,0
10.16,21.4,0.1,83.45,0.443664807,1.3470156,6.600329629,0,0
11.16,21.4,0.1,83.45,0.443664807,-0.57138,6.600329629,0,0
12.16,21.4,0.1,83.45,0.443664807,-1.354092,6.600329629,0,0
1.17,21.56,0.1,84.1,0.40963964,-3.09,0.677882287,2,1
2.17,21.56,0.1,84.1,0.40963964,-3.09,0.677882287,2,1.5
3.17,21.56,0.1,84.1,0.40963964,-2.625376,0.677882287,4,1.75
4.17,21.56,0.1,84.1,0.40963964,-1.3482145,0.677882287,4,1.25
5.17,21.56,0.1,84.1,0.40963964,-0.4658098,0.677882287,0,0
6.17,21.56,0.1,84.1,0.40963964,0.6654884,0.677882287,1,1
7.17,21.56,0.1,84.1,0.40963964,-0.6650589,0.677882287,1,1
8.17,21.56,0.1,84.1,0.40963964,-0.6503236,0.677882287,3,2.33
9.17,21.56,0.1,84.1,0.40963964,1.1488063,0.677882287,1,1
10.17,21.56,0.1,84.1,0.40963964,1.8228953,0.677882287,0,0
11.17,21.56,0.1,84.1,0.40963964,0.77109385,0.677882287,0,0
12.17,21.56,0.1,84.1,0.40963964,0.67484206,0.677882287,0,0
1.18,21.72,0.1,84.75,0.375614473,-0.39430895,10.49446661,2,1
2.18,21.72,0.1,84.75,0.375614473,-0.16650133,10.49446661,2,1.5
3.18,21.72,0.1,84.75,0.375614473,0.8043268,10.49446661,4,1.75
4.18,21.72,0.1,84.75,0.375614473,-0.6560601,10.49446661,4,1.25
5.18,21.72,0.1,84.75,0.375614473,-1.1822319,10.49446661,0,0
6.18,21.72,0.1,84.75,0.375614473,-0.62521887,10.49446661,1,1
7.18,21.72,0.1,84.75,0.375614473,0.6052371,10.49446661,1,1
8.18,21.72,0.1,84.75,0.375614473,1.6620991,10.49446661,3,2.33
9.18,21.72,0.1,84.75,0.375614473,1.7105749,10.49446661,1,1
10.18,21.72,0.1,84.75,0.375614473,0.14508645,10.49446661,0,0
11.18,21.72,0.1,84.75,0.375614473,-0.4832197,10.49446661,0,0
12.18,21.72,0.1,84.75,0.375614473,-0.50849295,10.49446661,0,0
1.19,21.88,0.1,85.4,0.341589305,0.746319852,5.279337855,2,1
2.19,21.88,0.1,85.4,0.341589305,1.28546109,5.279337855,2,1.5
3.19,21.88,0.1,85.4,0.341589305,0.525637467,5.279337855,4,1.75
4.19,21.88,0.1,85.4,0.341589305,-0.739964947,5.279337855,4,1.25
5.19,21.88,0.1,85.4,0.341589305,-1.042641265,5.279337855,0,0
6.19,21.88,0.1,85.4,0.341589305,-0.072144267,5.279337855,1,1
7.19,21.88,0.1,85.4,0.341589305,0.954360547,5.279337855,1,1
8.19,21.88,0.1,85.4,0.341589305,0.831098463,5.279337855,3,2.33
9.19,21.88,0.1,85.4,0.341589305,-0.366465217,5.279337855,1,1
10.19,21.88,0.1,85.4,0.341589305,-1.781856844,5.279337855,0,0
11.19,21.88,0.1,85.4,0.341589305,-2.826479017,5.279337855,0,0
12.19,21.88,0.1,85.4,0.341589305,-3.217533728,5.279337855,0,0
